ISO-10303-21;
HEADER;
/* Generated by software containing ST-Developer
 * from STEP Tools, Inc. (www.steptools.com) 
 */

FILE_DESCRIPTION(
/* description */ (''),
/* implementation_level */ '2;1');

FILE_NAME(
/* name */ 'SlabobaBlade.step',
/* time_stamp */ '2025-07-14T16:18:40-04:00',
/* author */ (''),
/* organization */ (''),
/* preprocessor_version */ 'ST-DEVELOPER v20.1',
/* originating_system */ 'Autodesk Translation Framework v14.10.0.0',
/* authorisation */ '');

FILE_SCHEMA (('AUTOMOTIVE_DESIGN { 1 0 10303 214 3 1 1 }'));
ENDSEC;

DATA;
#10=MECHANICAL_DESIGN_GEOMETRIC_PRESENTATION_REPRESENTATION('',(#13),#4278);
#11=SHAPE_REPRESENTATION_RELATIONSHIP('SRR','None',#4285,#12);
#12=ADVANCED_BREP_SHAPE_REPRESENTATION('',(#14),#4277);
#13=STYLED_ITEM('',(#4295),#14);
#14=MANIFOLD_SOLID_BREP('Body1',#2358);
#15=(
BOUNDED_SURFACE()
B_SPLINE_SURFACE(2,2,((#3854,#3855,#3856),(#3857,#3858,#3859),(#3860,#3861,
#3862)),.UNSPECIFIED.,.F.,.F.,.F.)
B_SPLINE_SURFACE_WITH_KNOTS((3,3),(3,3),(-1.5707963267949,0.),(-2.25761494533837,
-0.883977603067876),.UNSPECIFIED.)
GEOMETRIC_REPRESENTATION_ITEM()
RATIONAL_B_SPLINE_SURFACE(((1.,0.773267142861938,1.),(0.707106781186547,
0.546782440386423,0.707106781186547),(1.,0.773267142861938,1.)))
REPRESENTATION_ITEM('')
SURFACE()
);
#16=(
BOUNDED_SURFACE()
B_SPLINE_SURFACE(2,2,((#3988,#3989,#3990),(#3991,#3992,#3993),(#3994,#3995,
#3996)),.UNSPECIFIED.,.F.,.F.,.F.)
B_SPLINE_SURFACE_WITH_KNOTS((3,3),(3,3),(0.,1.5707963267949),(-2.25761494533837,
-0.883977603067876),.UNSPECIFIED.)
GEOMETRIC_REPRESENTATION_ITEM()
RATIONAL_B_SPLINE_SURFACE(((1.,0.773267142861939,1.),(0.707106781186547,
0.546782440386423,0.707106781186547),(1.,0.773267142861939,1.)))
REPRESENTATION_ITEM('')
SURFACE()
);
#17=B_SPLINE_CURVE_WITH_KNOTS('',3,(#3771,#3772,#3773,#3774,#3775,#3776,
#3777,#3778,#3779,#3780,#3781,#3782),.UNSPECIFIED.,.F.,.F.,(4,2,2,2,2,4),
(-0.000692644288537768,0.,0.0404195294750263,0.0796983192732308,0.118646146077135,
0.157404852666435),.UNSPECIFIED.);
#18=B_SPLINE_CURVE_WITH_KNOTS('',3,(#3818,#3819,#3820,#3821,#3822,#3823,
#3824,#3825,#3826,#3827,#3828,#3829),.UNSPECIFIED.,.F.,.F.,(4,2,2,2,2,4),
(0.,0.0387498017361625,0.0776886802363433,0.116958445691733,0.157368688736532,
0.158061173889419),.UNSPECIFIED.);
#19=B_SPLINE_CURVE_WITH_KNOTS('',3,(#3940,#3941,#3942,#3943,#3944,#3945,
#3946,#3947,#3948,#3949,#3950,#3951),.UNSPECIFIED.,.F.,.F.,(4,2,2,2,2,4),
(-0.000692644288738264,0.,0.0404195294819946,0.0796983192882591,0.118646146100156,
0.15740485269743),.UNSPECIFIED.);
#20=B_SPLINE_CURVE_WITH_KNOTS('',3,(#3956,#3957,#3958,#3959,#3960,#3961,
#3962,#3963,#3964,#3965,#3966,#3967),.UNSPECIFIED.,.F.,.F.,(4,2,2,2,2,4),
(-0.158061173887533,-0.157368688734369,-0.11695844569173,-0.0776886802363422,
-0.0387498017361624,0.),.UNSPECIFIED.);
#21=FACE_BOUND('',#578,.T.);
#22=FACE_BOUND('',#579,.T.);
#23=FACE_BOUND('',#580,.T.);
#24=FACE_BOUND('',#583,.T.);
#25=FACE_BOUND('',#584,.T.);
#26=FACE_BOUND('',#585,.T.);
#27=FACE_BOUND('',#598,.T.);
#28=FACE_BOUND('',#599,.T.);
#29=FACE_BOUND('',#600,.T.);
#30=FACE_BOUND('',#702,.T.);
#31=FACE_BOUND('',#703,.T.);
#32=FACE_BOUND('',#704,.T.);
#33=FACE_BOUND('',#705,.T.);
#34=PLANE('',#2380);
#35=PLANE('',#2404);
#36=PLANE('',#2452);
#37=PLANE('',#2456);
#38=PLANE('',#2517);
#39=PLANE('',#2524);
#40=PLANE('',#2527);
#41=PLANE('',#2530);
#42=PLANE('',#2584);
#43=PLANE('',#2587);
#44=PLANE('',#2589);
#45=PLANE('',#2592);
#46=PLANE('',#2594);
#47=PLANE('',#2676);
#48=PLANE('',#2677);
#49=PLANE('',#2678);
#50=PLANE('',#2682);
#51=PLANE('',#2684);
#52=PLANE('',#2686);
#53=PLANE('',#2687);
#54=PLANE('',#2688);
#55=PLANE('',#2689);
#56=PLANE('',#2694);
#57=PLANE('',#2696);
#58=PLANE('',#2697);
#59=PLANE('',#2698);
#60=LINE('',#3522,#213);
#61=LINE('',#3529,#214);
#62=LINE('',#3533,#215);
#63=LINE('',#3539,#216);
#64=LINE('',#3543,#217);
#65=LINE('',#3549,#218);
#66=LINE('',#3553,#219);
#67=LINE('',#3561,#220);
#68=LINE('',#3565,#221);
#69=LINE('',#3569,#222);
#70=LINE('',#3577,#223);
#71=LINE('',#3581,#224);
#72=LINE('',#3585,#225);
#73=LINE('',#3589,#226);
#74=LINE('',#3592,#227);
#75=LINE('',#3606,#228);
#76=LINE('',#3610,#229);
#77=LINE('',#3614,#230);
#78=LINE('',#3622,#231);
#79=LINE('',#3626,#232);
#80=LINE('',#3632,#233);
#81=LINE('',#3636,#234);
#82=LINE('',#3642,#235);
#83=LINE('',#3645,#236);
#84=LINE('',#3650,#237);
#85=LINE('',#3654,#238);
#86=LINE('',#3658,#239);
#87=LINE('',#3662,#240);
#88=LINE('',#3665,#241);
#89=LINE('',#3677,#242);
#90=LINE('',#3685,#243);
#91=LINE('',#3693,#244);
#92=LINE('',#3701,#245);
#93=LINE('',#3707,#246);
#94=LINE('',#3710,#247);
#95=LINE('',#3713,#248);
#96=LINE('',#3716,#249);
#97=LINE('',#3718,#250);
#98=LINE('',#3720,#251);
#99=LINE('',#3722,#252);
#100=LINE('',#3723,#253);
#101=LINE('',#3725,#254);
#102=LINE('',#3727,#255);
#103=LINE('',#3729,#256);
#104=LINE('',#3730,#257);
#105=LINE('',#3733,#258);
#106=LINE('',#3735,#259);
#107=LINE('',#3737,#260);
#108=LINE('',#3738,#261);
#109=LINE('',#3741,#262);
#110=LINE('',#3743,#263);
#111=LINE('',#3745,#264);
#112=LINE('',#3746,#265);
#113=LINE('',#3749,#266);
#114=LINE('',#3751,#267);
#115=LINE('',#3753,#268);
#116=LINE('',#3754,#269);
#117=LINE('',#3756,#270);
#118=LINE('',#3760,#271);
#119=LINE('',#3763,#272);
#120=LINE('',#3765,#273);
#121=LINE('',#3790,#274);
#122=LINE('',#3798,#275);
#123=LINE('',#3806,#276);
#124=LINE('',#3833,#277);
#125=LINE('',#3841,#278);
#126=LINE('',#3853,#279);
#127=LINE('',#3869,#280);
#128=LINE('',#3881,#281);
#129=LINE('',#3887,#282);
#130=LINE('',#3890,#283);
#131=LINE('',#3893,#284);
#132=LINE('',#3896,#285);
#133=LINE('',#3897,#286);
#134=LINE('',#3900,#287);
#135=LINE('',#3904,#288);
#136=LINE('',#3908,#289);
#137=LINE('',#3912,#290);
#138=LINE('',#3913,#291);
#139=LINE('',#3916,#292);
#140=LINE('',#3920,#293);
#141=LINE('',#3921,#294);
#142=LINE('',#3924,#295);
#143=LINE('',#3928,#296);
#144=LINE('',#3929,#297);
#145=LINE('',#3932,#298);
#146=LINE('',#3936,#299);
#147=LINE('',#3954,#300);
#148=LINE('',#3975,#301);
#149=LINE('',#3987,#302);
#150=LINE('',#4003,#303);
#151=LINE('',#4014,#304);
#152=LINE('',#4036,#305);
#153=LINE('',#4038,#306);
#154=LINE('',#4040,#307);
#155=LINE('',#4042,#308);
#156=LINE('',#4044,#309);
#157=LINE('',#4046,#310);
#158=LINE('',#4048,#311);
#159=LINE('',#4050,#312);
#160=LINE('',#4052,#313);
#161=LINE('',#4054,#314);
#162=LINE('',#4061,#315);
#163=LINE('',#4064,#316);
#164=LINE('',#4069,#317);
#165=LINE('',#4076,#318);
#166=LINE('',#4079,#319);
#167=LINE('',#4084,#320);
#168=LINE('',#4091,#321);
#169=LINE('',#4094,#322);
#170=LINE('',#4099,#323);
#171=LINE('',#4114,#324);
#172=LINE('',#4120,#325);
#173=LINE('',#4127,#326);
#174=LINE('',#4133,#327);
#175=LINE('',#4136,#328);
#176=LINE('',#4141,#329);
#177=LINE('',#4148,#330);
#178=LINE('',#4154,#331);
#179=LINE('',#4157,#332);
#180=LINE('',#4162,#333);
#181=LINE('',#4171,#334);
#182=LINE('',#4177,#335);
#183=LINE('',#4186,#336);
#184=LINE('',#4192,#337);
#185=LINE('',#4199,#338);
#186=LINE('',#4205,#339);
#187=LINE('',#4208,#340);
#188=LINE('',#4213,#341);
#189=LINE('',#4219,#342);
#190=LINE('',#4222,#343);
#191=LINE('',#4223,#344);
#192=LINE('',#4225,#345);
#193=LINE('',#4226,#346);
#194=LINE('',#4227,#347);
#195=LINE('',#4228,#348);
#196=LINE('',#4229,#349);
#197=LINE('',#4230,#350);
#198=LINE('',#4231,#351);
#199=LINE('',#4232,#352);
#200=LINE('',#4233,#353);
#201=LINE('',#4238,#354);
#202=LINE('',#4242,#355);
#203=LINE('',#4245,#356);
#204=LINE('',#4246,#357);
#205=LINE('',#4248,#358);
#206=LINE('',#4250,#359);
#207=LINE('',#4259,#360);
#208=LINE('',#4262,#361);
#209=LINE('',#4264,#362);
#210=LINE('',#4267,#363);
#211=LINE('',#4269,#364);
#212=LINE('',#4274,#365);
#213=VECTOR('',#2714,3.16865);
#214=VECTOR('',#2721,10.);
#215=VECTOR('',#2724,10.);
#216=VECTOR('',#2729,10.);
#217=VECTOR('',#2732,10.);
#218=VECTOR('',#2737,10.);
#219=VECTOR('',#2740,10.);
#220=VECTOR('',#2747,10.);
#221=VECTOR('',#2750,10.);
#222=VECTOR('',#2753,10.);
#223=VECTOR('',#2760,10.);
#224=VECTOR('',#2763,10.);
#225=VECTOR('',#2766,10.);
#226=VECTOR('',#2769,10.);
#227=VECTOR('',#2772,10.);
#228=VECTOR('',#2787,10.);
#229=VECTOR('',#2790,10.);
#230=VECTOR('',#2793,10.);
#231=VECTOR('',#2800,10.);
#232=VECTOR('',#2803,10.);
#233=VECTOR('',#2808,10.);
#234=VECTOR('',#2811,10.);
#235=VECTOR('',#2816,10.);
#236=VECTOR('',#2819,10.);
#237=VECTOR('',#2822,10.);
#238=VECTOR('',#2825,10.);
#239=VECTOR('',#2828,10.);
#240=VECTOR('',#2831,10.);
#241=VECTOR('',#2834,10.);
#242=VECTOR('',#2849,10.);
#243=VECTOR('',#2860,10.);
#244=VECTOR('',#2871,10.);
#245=VECTOR('',#2882,10.);
#246=VECTOR('',#2891,10.);
#247=VECTOR('',#2894,10.);
#248=VECTOR('',#2897,10.);
#249=VECTOR('',#2900,10.);
#250=VECTOR('',#2901,10.);
#251=VECTOR('',#2902,3.);
#252=VECTOR('',#2903,10.);
#253=VECTOR('',#2904,10.);
#254=VECTOR('',#2905,10.);
#255=VECTOR('',#2906,10.);
#256=VECTOR('',#2907,10.);
#257=VECTOR('',#2908,10.);
#258=VECTOR('',#2909,10.);
#259=VECTOR('',#2910,10.);
#260=VECTOR('',#2911,10.);
#261=VECTOR('',#2912,10.);
#262=VECTOR('',#2913,10.);
#263=VECTOR('',#2914,10.);
#264=VECTOR('',#2915,10.);
#265=VECTOR('',#2916,10.);
#266=VECTOR('',#2917,10.);
#267=VECTOR('',#2918,10.);
#268=VECTOR('',#2919,10.);
#269=VECTOR('',#2920,10.);
#270=VECTOR('',#2923,10.);
#271=VECTOR('',#2926,10.);
#272=VECTOR('',#2931,10.);
#273=VECTOR('',#2934,10.);
#274=VECTOR('',#2951,10.);
#275=VECTOR('',#2962,10.);
#276=VECTOR('',#2973,10.);
#277=VECTOR('',#2994,10.);
#278=VECTOR('',#3005,10.);
#279=VECTOR('',#3022,10.);
#280=VECTOR('',#3031,10.);
#281=VECTOR('',#3048,10.);
#282=VECTOR('',#3057,10.);
#283=VECTOR('',#3060,10.);
#284=VECTOR('',#3063,10.);
#285=VECTOR('',#3066,10.);
#286=VECTOR('',#3067,10.);
#287=VECTOR('',#3070,10.);
#288=VECTOR('',#3075,10.);
#289=VECTOR('',#3080,10.);
#290=VECTOR('',#3085,10.);
#291=VECTOR('',#3086,10.);
#292=VECTOR('',#3089,10.);
#293=VECTOR('',#3094,10.);
#294=VECTOR('',#3095,10.);
#295=VECTOR('',#3098,10.);
#296=VECTOR('',#3103,10.);
#297=VECTOR('',#3104,10.);
#298=VECTOR('',#3107,10.);
#299=VECTOR('',#3112,10.);
#300=VECTOR('',#3121,10.);
#301=VECTOR('',#3134,10.);
#302=VECTOR('',#3151,10.);
#303=VECTOR('',#3160,10.);
#304=VECTOR('',#3177,10.);
#305=VECTOR('',#3220,10.);
#306=VECTOR('',#3223,10.);
#307=VECTOR('',#3226,10.);
#308=VECTOR('',#3229,10.);
#309=VECTOR('',#3232,10.);
#310=VECTOR('',#3235,10.);
#311=VECTOR('',#3238,10.);
#312=VECTOR('',#3241,10.);
#313=VECTOR('',#3244,10.);
#314=VECTOR('',#3247,10.);
#315=VECTOR('',#3254,10.);
#316=VECTOR('',#3257,10.);
#317=VECTOR('',#3262,10.);
#318=VECTOR('',#3269,10.);
#319=VECTOR('',#3272,10.);
#320=VECTOR('',#3277,10.);
#321=VECTOR('',#3284,10.);
#322=VECTOR('',#3287,10.);
#323=VECTOR('',#3292,10.);
#324=VECTOR('',#3317,10.);
#325=VECTOR('',#3324,10.);
#326=VECTOR('',#3333,10.);
#327=VECTOR('',#3338,10.);
#328=VECTOR('',#3341,10.);
#329=VECTOR('',#3346,10.);
#330=VECTOR('',#3355,10.);
#331=VECTOR('',#3360,10.);
#332=VECTOR('',#3363,10.);
#333=VECTOR('',#3368,10.);
#334=VECTOR('',#3381,10.);
#335=VECTOR('',#3388,3.);
#336=VECTOR('',#3401,10.);
#337=VECTOR('',#3408,10.);
#338=VECTOR('',#3417,10.);
#339=VECTOR('',#3422,10.);
#340=VECTOR('',#3425,10.);
#341=VECTOR('',#3430,10.);
#342=VECTOR('',#3441,10.);
#343=VECTOR('',#3444,10.);
#344=VECTOR('',#3445,10.);
#345=VECTOR('',#3446,10.);
#346=VECTOR('',#3447,10.);
#347=VECTOR('',#3448,10.);
#348=VECTOR('',#3449,10.);
#349=VECTOR('',#3450,10.);
#350=VECTOR('',#3451,10.);
#351=VECTOR('',#3452,10.);
#352=VECTOR('',#3453,10.);
#353=VECTOR('',#3454,10.);
#354=VECTOR('',#3459,10.);
#355=VECTOR('',#3462,10.);
#356=VECTOR('',#3467,10.);
#357=VECTOR('',#3468,10.);
#358=VECTOR('',#3471,10.);
#359=VECTOR('',#3474,10.);
#360=VECTOR('',#3487,10.);
#361=VECTOR('',#3490,10.);
#362=VECTOR('',#3493,10.);
#363=VECTOR('',#3498,10.);
#364=VECTOR('',#3501,10.);
#365=VECTOR('',#3510,3.16865);
#366=CYLINDRICAL_SURFACE('',#2377,3.16865);
#367=CYLINDRICAL_SURFACE('',#2429,1.);
#368=CYLINDRICAL_SURFACE('',#2434,1.);
#369=CYLINDRICAL_SURFACE('',#2439,1.);
#370=CYLINDRICAL_SURFACE('',#2444,1.);
#371=CYLINDRICAL_SURFACE('',#2449,1.);
#372=CYLINDRICAL_SURFACE('',#2450,4.);
#373=CYLINDRICAL_SURFACE('',#2453,16.5);
#374=CYLINDRICAL_SURFACE('',#2457,5.5);
#375=CYLINDRICAL_SURFACE('',#2464,1.);
#376=CYLINDRICAL_SURFACE('',#2469,1.);
#377=CYLINDRICAL_SURFACE('',#2474,1.);
#378=CYLINDRICAL_SURFACE('',#2484,1.);
#379=CYLINDRICAL_SURFACE('',#2489,1.);
#380=CYLINDRICAL_SURFACE('',#2497,1.);
#381=CYLINDRICAL_SURFACE('',#2501,1.);
#382=CYLINDRICAL_SURFACE('',#2509,1.);
#383=CYLINDRICAL_SURFACE('',#2514,1.);
#384=CYLINDRICAL_SURFACE('',#2515,5.38125);
#385=CYLINDRICAL_SURFACE('',#2518,1.5875);
#386=CYLINDRICAL_SURFACE('',#2520,3.23627773502828);
#387=CYLINDRICAL_SURFACE('',#2522,4.);
#388=CYLINDRICAL_SURFACE('',#2525,16.5);
#389=CYLINDRICAL_SURFACE('',#2528,3.);
#390=CYLINDRICAL_SURFACE('',#2531,4.);
#391=CYLINDRICAL_SURFACE('',#2533,1.5875);
#392=CYLINDRICAL_SURFACE('',#2537,1.);
#393=CYLINDRICAL_SURFACE('',#2542,1.);
#394=CYLINDRICAL_SURFACE('',#2550,1.);
#395=CYLINDRICAL_SURFACE('',#2554,1.);
#396=CYLINDRICAL_SURFACE('',#2562,1.);
#397=CYLINDRICAL_SURFACE('',#2566,1.);
#398=CYLINDRICAL_SURFACE('',#2571,1.);
#399=CYLINDRICAL_SURFACE('',#2575,1.);
#400=CYLINDRICAL_SURFACE('',#2579,1.);
#401=CYLINDRICAL_SURFACE('',#2585,1.58748478759032);
#402=CYLINDRICAL_SURFACE('',#2586,2.49999999999977);
#403=CYLINDRICAL_SURFACE('',#2588,2.);
#404=CYLINDRICAL_SURFACE('',#2590,2.5000000000007);
#405=CYLINDRICAL_SURFACE('',#2591,1.58748478759034);
#406=CYLINDRICAL_SURFACE('',#2593,5.38125);
#407=CYLINDRICAL_SURFACE('',#2595,3.);
#408=CYLINDRICAL_SURFACE('',#2598,8.);
#409=CYLINDRICAL_SURFACE('',#2601,3.);
#410=CYLINDRICAL_SURFACE('',#2604,8.);
#411=CYLINDRICAL_SURFACE('',#2607,3.);
#412=CYLINDRICAL_SURFACE('',#2610,11.);
#413=CYLINDRICAL_SURFACE('',#2613,3.);
#414=CYLINDRICAL_SURFACE('',#2616,3.);
#415=CYLINDRICAL_SURFACE('',#2619,3.);
#416=CYLINDRICAL_SURFACE('',#2622,3.);
#417=CYLINDRICAL_SURFACE('',#2625,11.);
#418=CYLINDRICAL_SURFACE('',#2628,3.);
#419=CYLINDRICAL_SURFACE('',#2631,3.);
#420=CYLINDRICAL_SURFACE('',#2634,8.);
#421=CYLINDRICAL_SURFACE('',#2637,3.);
#422=CYLINDRICAL_SURFACE('',#2640,3.);
#423=CYLINDRICAL_SURFACE('',#2643,11.);
#424=CYLINDRICAL_SURFACE('',#2646,3.);
#425=CYLINDRICAL_SURFACE('',#2649,3.);
#426=CYLINDRICAL_SURFACE('',#2652,8.);
#427=CYLINDRICAL_SURFACE('',#2655,3.);
#428=CYLINDRICAL_SURFACE('',#2658,3.);
#429=CYLINDRICAL_SURFACE('',#2661,11.);
#430=CYLINDRICAL_SURFACE('',#2664,3.);
#431=CYLINDRICAL_SURFACE('',#2667,3.);
#432=CYLINDRICAL_SURFACE('',#2670,11.);
#433=CYLINDRICAL_SURFACE('',#2673,3.);
#434=CYLINDRICAL_SURFACE('',#2683,4.);
#435=CYLINDRICAL_SURFACE('',#2685,4.);
#436=CYLINDRICAL_SURFACE('',#2692,4.);
#437=CYLINDRICAL_SURFACE('',#2693,4.);
#438=CYLINDRICAL_SURFACE('',#2695,4.);
#439=CYLINDRICAL_SURFACE('',#2699,3.16865);
#440=FACE_OUTER_BOUND('',#575,.T.);
#441=FACE_OUTER_BOUND('',#576,.T.);
#442=FACE_OUTER_BOUND('',#577,.T.);
#443=FACE_OUTER_BOUND('',#581,.T.);
#444=FACE_OUTER_BOUND('',#582,.T.);
#445=FACE_OUTER_BOUND('',#586,.T.);
#446=FACE_OUTER_BOUND('',#587,.T.);
#447=FACE_OUTER_BOUND('',#588,.T.);
#448=FACE_OUTER_BOUND('',#589,.T.);
#449=FACE_OUTER_BOUND('',#590,.T.);
#450=FACE_OUTER_BOUND('',#591,.T.);
#451=FACE_OUTER_BOUND('',#592,.T.);
#452=FACE_OUTER_BOUND('',#593,.T.);
#453=FACE_OUTER_BOUND('',#594,.T.);
#454=FACE_OUTER_BOUND('',#595,.T.);
#455=FACE_OUTER_BOUND('',#596,.T.);
#456=FACE_OUTER_BOUND('',#597,.T.);
#457=FACE_OUTER_BOUND('',#601,.T.);
#458=FACE_OUTER_BOUND('',#602,.T.);
#459=FACE_OUTER_BOUND('',#603,.T.);
#460=FACE_OUTER_BOUND('',#604,.T.);
#461=FACE_OUTER_BOUND('',#605,.T.);
#462=FACE_OUTER_BOUND('',#606,.T.);
#463=FACE_OUTER_BOUND('',#607,.T.);
#464=FACE_OUTER_BOUND('',#608,.T.);
#465=FACE_OUTER_BOUND('',#609,.T.);
#466=FACE_OUTER_BOUND('',#610,.T.);
#467=FACE_OUTER_BOUND('',#611,.T.);
#468=FACE_OUTER_BOUND('',#612,.T.);
#469=FACE_OUTER_BOUND('',#613,.T.);
#470=FACE_OUTER_BOUND('',#614,.T.);
#471=FACE_OUTER_BOUND('',#615,.T.);
#472=FACE_OUTER_BOUND('',#616,.T.);
#473=FACE_OUTER_BOUND('',#617,.T.);
#474=FACE_OUTER_BOUND('',#618,.T.);
#475=FACE_OUTER_BOUND('',#619,.T.);
#476=FACE_OUTER_BOUND('',#620,.T.);
#477=FACE_OUTER_BOUND('',#621,.T.);
#478=FACE_OUTER_BOUND('',#622,.T.);
#479=FACE_OUTER_BOUND('',#623,.T.);
#480=FACE_OUTER_BOUND('',#624,.T.);
#481=FACE_OUTER_BOUND('',#625,.T.);
#482=FACE_OUTER_BOUND('',#626,.T.);
#483=FACE_OUTER_BOUND('',#627,.T.);
#484=FACE_OUTER_BOUND('',#628,.T.);
#485=FACE_OUTER_BOUND('',#629,.T.);
#486=FACE_OUTER_BOUND('',#630,.T.);
#487=FACE_OUTER_BOUND('',#631,.T.);
#488=FACE_OUTER_BOUND('',#632,.T.);
#489=FACE_OUTER_BOUND('',#633,.T.);
#490=FACE_OUTER_BOUND('',#634,.T.);
#491=FACE_OUTER_BOUND('',#635,.T.);
#492=FACE_OUTER_BOUND('',#636,.T.);
#493=FACE_OUTER_BOUND('',#637,.T.);
#494=FACE_OUTER_BOUND('',#638,.T.);
#495=FACE_OUTER_BOUND('',#639,.T.);
#496=FACE_OUTER_BOUND('',#640,.T.);
#497=FACE_OUTER_BOUND('',#641,.T.);
#498=FACE_OUTER_BOUND('',#642,.T.);
#499=FACE_OUTER_BOUND('',#643,.T.);
#500=FACE_OUTER_BOUND('',#644,.T.);
#501=FACE_OUTER_BOUND('',#645,.T.);
#502=FACE_OUTER_BOUND('',#646,.T.);
#503=FACE_OUTER_BOUND('',#647,.T.);
#504=FACE_OUTER_BOUND('',#648,.T.);
#505=FACE_OUTER_BOUND('',#649,.T.);
#506=FACE_OUTER_BOUND('',#650,.T.);
#507=FACE_OUTER_BOUND('',#651,.T.);
#508=FACE_OUTER_BOUND('',#652,.T.);
#509=FACE_OUTER_BOUND('',#653,.T.);
#510=FACE_OUTER_BOUND('',#654,.T.);
#511=FACE_OUTER_BOUND('',#655,.T.);
#512=FACE_OUTER_BOUND('',#656,.T.);
#513=FACE_OUTER_BOUND('',#657,.T.);
#514=FACE_OUTER_BOUND('',#658,.T.);
#515=FACE_OUTER_BOUND('',#659,.T.);
#516=FACE_OUTER_BOUND('',#660,.T.);
#517=FACE_OUTER_BOUND('',#661,.T.);
#518=FACE_OUTER_BOUND('',#662,.T.);
#519=FACE_OUTER_BOUND('',#663,.T.);
#520=FACE_OUTER_BOUND('',#664,.T.);
#521=FACE_OUTER_BOUND('',#665,.T.);
#522=FACE_OUTER_BOUND('',#666,.T.);
#523=FACE_OUTER_BOUND('',#667,.T.);
#524=FACE_OUTER_BOUND('',#668,.T.);
#525=FACE_OUTER_BOUND('',#669,.T.);
#526=FACE_OUTER_BOUND('',#670,.T.);
#527=FACE_OUTER_BOUND('',#671,.T.);
#528=FACE_OUTER_BOUND('',#672,.T.);
#529=FACE_OUTER_BOUND('',#673,.T.);
#530=FACE_OUTER_BOUND('',#674,.T.);
#531=FACE_OUTER_BOUND('',#675,.T.);
#532=FACE_OUTER_BOUND('',#676,.T.);
#533=FACE_OUTER_BOUND('',#677,.T.);
#534=FACE_OUTER_BOUND('',#678,.T.);
#535=FACE_OUTER_BOUND('',#679,.T.);
#536=FACE_OUTER_BOUND('',#680,.T.);
#537=FACE_OUTER_BOUND('',#681,.T.);
#538=FACE_OUTER_BOUND('',#682,.T.);
#539=FACE_OUTER_BOUND('',#683,.T.);
#540=FACE_OUTER_BOUND('',#684,.T.);
#541=FACE_OUTER_BOUND('',#685,.T.);
#542=FACE_OUTER_BOUND('',#686,.T.);
#543=FACE_OUTER_BOUND('',#687,.T.);
#544=FACE_OUTER_BOUND('',#688,.T.);
#545=FACE_OUTER_BOUND('',#689,.T.);
#546=FACE_OUTER_BOUND('',#690,.T.);
#547=FACE_OUTER_BOUND('',#691,.T.);
#548=FACE_OUTER_BOUND('',#692,.T.);
#549=FACE_OUTER_BOUND('',#693,.T.);
#550=FACE_OUTER_BOUND('',#694,.T.);
#551=FACE_OUTER_BOUND('',#695,.T.);
#552=FACE_OUTER_BOUND('',#696,.T.);
#553=FACE_OUTER_BOUND('',#697,.T.);
#554=FACE_OUTER_BOUND('',#698,.T.);
#555=FACE_OUTER_BOUND('',#699,.T.);
#556=FACE_OUTER_BOUND('',#700,.T.);
#557=FACE_OUTER_BOUND('',#701,.T.);
#558=FACE_OUTER_BOUND('',#706,.T.);
#559=FACE_OUTER_BOUND('',#707,.T.);
#560=FACE_OUTER_BOUND('',#708,.T.);
#561=FACE_OUTER_BOUND('',#709,.T.);
#562=FACE_OUTER_BOUND('',#710,.T.);
#563=FACE_OUTER_BOUND('',#711,.T.);
#564=FACE_OUTER_BOUND('',#712,.T.);
#565=FACE_OUTER_BOUND('',#713,.T.);
#566=FACE_OUTER_BOUND('',#714,.T.);
#567=FACE_OUTER_BOUND('',#715,.T.);
#568=FACE_OUTER_BOUND('',#716,.T.);
#569=FACE_OUTER_BOUND('',#717,.T.);
#570=FACE_OUTER_BOUND('',#718,.T.);
#571=FACE_OUTER_BOUND('',#719,.T.);
#572=FACE_OUTER_BOUND('',#720,.T.);
#573=FACE_OUTER_BOUND('',#721,.T.);
#574=FACE_OUTER_BOUND('',#722,.T.);
#575=EDGE_LOOP('',(#1486,#1487,#1488,#1489,#1490));
#576=EDGE_LOOP('',(#1491,#1492,#1493,#1494,#1495,#1496));
#577=EDGE_LOOP('',(#1497,#1498,#1499,#1500,#1501,#1502,#1503,#1504,#1505,
#1506,#1507,#1508,#1509,#1510,#1511,#1512,#1513,#1514,#1515,#1516,#1517,
#1518,#1519));
#578=EDGE_LOOP('',(#1520,#1521,#1522,#1523,#1524,#1525,#1526,#1527,#1528,
#1529));
#579=EDGE_LOOP('',(#1530));
#580=EDGE_LOOP('',(#1531));
#581=EDGE_LOOP('',(#1532,#1533,#1534,#1535,#1536));
#582=EDGE_LOOP('',(#1537,#1538,#1539,#1540,#1541,#1542,#1543,#1544,#1545,
#1546,#1547,#1548,#1549,#1550,#1551,#1552,#1553,#1554,#1555,#1556,#1557,
#1558,#1559));
#583=EDGE_LOOP('',(#1560,#1561,#1562,#1563,#1564,#1565,#1566,#1567,#1568,
#1569));
#584=EDGE_LOOP('',(#1570));
#585=EDGE_LOOP('',(#1571));
#586=EDGE_LOOP('',(#1572,#1573,#1574,#1575));
#587=EDGE_LOOP('',(#1576,#1577,#1578,#1579));
#588=EDGE_LOOP('',(#1580,#1581,#1582,#1583));
#589=EDGE_LOOP('',(#1584,#1585,#1586,#1587));
#590=EDGE_LOOP('',(#1588,#1589,#1590,#1591));
#591=EDGE_LOOP('',(#1592,#1593,#1594,#1595));
#592=EDGE_LOOP('',(#1596,#1597,#1598,#1599));
#593=EDGE_LOOP('',(#1600,#1601,#1602,#1603));
#594=EDGE_LOOP('',(#1604,#1605,#1606,#1607));
#595=EDGE_LOOP('',(#1608,#1609,#1610,#1611));
#596=EDGE_LOOP('',(#1612,#1613,#1614,#1615));
#597=EDGE_LOOP('',(#1616,#1617,#1618,#1619,#1620,#1621,#1622,#1623,#1624,
#1625,#1626,#1627));
#598=EDGE_LOOP('',(#1628,#1629,#1630,#1631));
#599=EDGE_LOOP('',(#1632,#1633,#1634,#1635));
#600=EDGE_LOOP('',(#1636,#1637,#1638,#1639));
#601=EDGE_LOOP('',(#1640,#1641,#1642,#1643,#1644,#1645,#1646,#1647));
#602=EDGE_LOOP('',(#1648,#1649,#1650,#1651));
#603=EDGE_LOOP('',(#1652,#1653,#1654,#1655));
#604=EDGE_LOOP('',(#1656,#1657,#1658,#1659));
#605=EDGE_LOOP('',(#1660,#1661,#1662,#1663));
#606=EDGE_LOOP('',(#1664,#1665,#1666,#1667));
#607=EDGE_LOOP('',(#1668,#1669,#1670,#1671));
#608=EDGE_LOOP('',(#1672,#1673,#1674,#1675));
#609=EDGE_LOOP('',(#1676,#1677,#1678,#1679));
#610=EDGE_LOOP('',(#1680,#1681,#1682,#1683));
#611=EDGE_LOOP('',(#1684,#1685,#1686,#1687));
#612=EDGE_LOOP('',(#1688,#1689,#1690,#1691));
#613=EDGE_LOOP('',(#1692,#1693,#1694,#1695));
#614=EDGE_LOOP('',(#1696,#1697,#1698,#1699));
#615=EDGE_LOOP('',(#1700,#1701,#1702,#1703));
#616=EDGE_LOOP('',(#1704,#1705,#1706,#1707));
#617=EDGE_LOOP('',(#1708,#1709,#1710,#1711));
#618=EDGE_LOOP('',(#1712,#1713,#1714,#1715));
#619=EDGE_LOOP('',(#1716,#1717,#1718,#1719));
#620=EDGE_LOOP('',(#1720,#1721,#1722,#1723));
#621=EDGE_LOOP('',(#1724,#1725,#1726,#1727));
#622=EDGE_LOOP('',(#1728,#1729,#1730,#1731));
#623=EDGE_LOOP('',(#1732,#1733,#1734,#1735));
#624=EDGE_LOOP('',(#1736,#1737,#1738,#1739));
#625=EDGE_LOOP('',(#1740,#1741,#1742,#1743));
#626=EDGE_LOOP('',(#1744,#1745,#1746,#1747));
#627=EDGE_LOOP('',(#1748,#1749,#1750,#1751));
#628=EDGE_LOOP('',(#1752,#1753,#1754,#1755));
#629=EDGE_LOOP('',(#1756,#1757,#1758,#1759));
#630=EDGE_LOOP('',(#1760,#1761,#1762,#1763));
#631=EDGE_LOOP('',(#1764,#1765,#1766,#1767));
#632=EDGE_LOOP('',(#1768,#1769,#1770,#1771));
#633=EDGE_LOOP('',(#1772,#1773,#1774,#1775));
#634=EDGE_LOOP('',(#1776,#1777,#1778,#1779));
#635=EDGE_LOOP('',(#1780,#1781,#1782,#1783));
#636=EDGE_LOOP('',(#1784,#1785,#1786,#1787));
#637=EDGE_LOOP('',(#1788,#1789,#1790,#1791));
#638=EDGE_LOOP('',(#1792,#1793,#1794,#1795));
#639=EDGE_LOOP('',(#1796,#1797,#1798,#1799));
#640=EDGE_LOOP('',(#1800,#1801,#1802,#1803));
#641=EDGE_LOOP('',(#1804,#1805,#1806,#1807));
#642=EDGE_LOOP('',(#1808,#1809,#1810,#1811));
#643=EDGE_LOOP('',(#1812,#1813,#1814,#1815));
#644=EDGE_LOOP('',(#1816,#1817,#1818,#1819));
#645=EDGE_LOOP('',(#1820,#1821,#1822,#1823));
#646=EDGE_LOOP('',(#1824,#1825,#1826,#1827));
#647=EDGE_LOOP('',(#1828,#1829,#1830,#1831));
#648=EDGE_LOOP('',(#1832,#1833,#1834,#1835));
#649=EDGE_LOOP('',(#1836,#1837,#1838,#1839));
#650=EDGE_LOOP('',(#1840,#1841,#1842,#1843));
#651=EDGE_LOOP('',(#1844,#1845,#1846,#1847));
#652=EDGE_LOOP('',(#1848,#1849,#1850,#1851));
#653=EDGE_LOOP('',(#1852,#1853,#1854,#1855));
#654=EDGE_LOOP('',(#1856,#1857,#1858,#1859));
#655=EDGE_LOOP('',(#1860,#1861,#1862,#1863));
#656=EDGE_LOOP('',(#1864,#1865,#1866,#1867));
#657=EDGE_LOOP('',(#1868,#1869,#1870,#1871));
#658=EDGE_LOOP('',(#1872,#1873,#1874,#1875));
#659=EDGE_LOOP('',(#1876,#1877,#1878,#1879));
#660=EDGE_LOOP('',(#1880,#1881,#1882,#1883));
#661=EDGE_LOOP('',(#1884,#1885,#1886,#1887));
#662=EDGE_LOOP('',(#1888,#1889,#1890,#1891));
#663=EDGE_LOOP('',(#1892,#1893,#1894,#1895));
#664=EDGE_LOOP('',(#1896,#1897,#1898,#1899));
#665=EDGE_LOOP('',(#1900,#1901,#1902,#1903));
#666=EDGE_LOOP('',(#1904,#1905,#1906,#1907));
#667=EDGE_LOOP('',(#1908,#1909,#1910,#1911));
#668=EDGE_LOOP('',(#1912,#1913,#1914,#1915));
#669=EDGE_LOOP('',(#1916,#1917,#1918,#1919));
#670=EDGE_LOOP('',(#1920,#1921,#1922,#1923));
#671=EDGE_LOOP('',(#1924,#1925,#1926,#1927));
#672=EDGE_LOOP('',(#1928,#1929,#1930,#1931));
#673=EDGE_LOOP('',(#1932,#1933,#1934,#1935));
#674=EDGE_LOOP('',(#1936,#1937,#1938,#1939));
#675=EDGE_LOOP('',(#1940,#1941,#1942,#1943));
#676=EDGE_LOOP('',(#1944,#1945,#1946,#1947));
#677=EDGE_LOOP('',(#1948,#1949,#1950,#1951));
#678=EDGE_LOOP('',(#1952,#1953,#1954,#1955));
#679=EDGE_LOOP('',(#1956,#1957,#1958,#1959));
#680=EDGE_LOOP('',(#1960,#1961,#1962,#1963));
#681=EDGE_LOOP('',(#1964,#1965,#1966,#1967));
#682=EDGE_LOOP('',(#1968,#1969,#1970,#1971));
#683=EDGE_LOOP('',(#1972,#1973,#1974,#1975));
#684=EDGE_LOOP('',(#1976,#1977,#1978,#1979));
#685=EDGE_LOOP('',(#1980,#1981,#1982,#1983));
#686=EDGE_LOOP('',(#1984,#1985,#1986,#1987));
#687=EDGE_LOOP('',(#1988,#1989,#1990,#1991));
#688=EDGE_LOOP('',(#1992,#1993,#1994,#1995));
#689=EDGE_LOOP('',(#1996,#1997,#1998,#1999));
#690=EDGE_LOOP('',(#2000,#2001,#2002,#2003));
#691=EDGE_LOOP('',(#2004,#2005,#2006,#2007));
#692=EDGE_LOOP('',(#2008,#2009,#2010,#2011));
#693=EDGE_LOOP('',(#2012,#2013,#2014,#2015));
#694=EDGE_LOOP('',(#2016,#2017,#2018,#2019));
#695=EDGE_LOOP('',(#2020,#2021,#2022,#2023));
#696=EDGE_LOOP('',(#2024,#2025,#2026,#2027));
#697=EDGE_LOOP('',(#2028,#2029,#2030,#2031));
#698=EDGE_LOOP('',(#2032,#2033,#2034,#2035));
#699=EDGE_LOOP('',(#2036,#2037,#2038,#2039));
#700=EDGE_LOOP('',(#2040,#2041,#2042,#2043,#2044,#2045,#2046,#2047,#2048,
#2049,#2050,#2051,#2052));
#701=EDGE_LOOP('',(#2053,#2054,#2055,#2056,#2057,#2058,#2059,#2060));
#702=EDGE_LOOP('',(#2061,#2062,#2063,#2064));
#703=EDGE_LOOP('',(#2065,#2066,#2067,#2068));
#704=EDGE_LOOP('',(#2069,#2070,#2071,#2072));
#705=EDGE_LOOP('',(#2073,#2074,#2075,#2076));
#706=EDGE_LOOP('',(#2077,#2078,#2079,#2080,#2081,#2082,#2083,#2084,#2085,
#2086));
#707=EDGE_LOOP('',(#2087,#2088,#2089,#2090));
#708=EDGE_LOOP('',(#2091,#2092,#2093,#2094));
#709=EDGE_LOOP('',(#2095,#2096,#2097,#2098));
#710=EDGE_LOOP('',(#2099,#2100,#2101,#2102));
#711=EDGE_LOOP('',(#2103,#2104,#2105,#2106,#2107,#2108,#2109,#2110,#2111,
#2112,#2113,#2114));
#712=EDGE_LOOP('',(#2115,#2116,#2117,#2118,#2119,#2120,#2121,#2122));
#713=EDGE_LOOP('',(#2123,#2124,#2125,#2126,#2127,#2128,#2129,#2130,#2131,
#2132,#2133,#2134,#2135));
#714=EDGE_LOOP('',(#2136,#2137,#2138,#2139,#2140,#2141,#2142,#2143,#2144,
#2145));
#715=EDGE_LOOP('',(#2146,#2147,#2148,#2149));
#716=EDGE_LOOP('',(#2150,#2151,#2152,#2153));
#717=EDGE_LOOP('',(#2154,#2155,#2156,#2157));
#718=EDGE_LOOP('',(#2158,#2159,#2160,#2161));
#719=EDGE_LOOP('',(#2162,#2163,#2164,#2165));
#720=EDGE_LOOP('',(#2166,#2167,#2168,#2169,#2170,#2171,#2172,#2173,#2174,
#2175,#2176,#2177));
#721=EDGE_LOOP('',(#2178,#2179,#2180,#2181,#2182,#2183,#2184,#2185));
#722=EDGE_LOOP('',(#2186,#2187,#2188,#2189));
#723=CIRCLE('',#2373,3.41865);
#724=CIRCLE('',#2374,0.25);
#725=CIRCLE('',#2375,3.16865);
#726=CIRCLE('',#2376,3.16865);
#727=CIRCLE('',#2378,3.16865);
#728=CIRCLE('',#2379,3.16865);
#729=CIRCLE('',#2381,4.38125);
#730=CIRCLE('',#2382,2.58748478759034);
#731=CIRCLE('',#2383,1.5000000000007);
#732=CIRCLE('',#2384,1.);
#733=CIRCLE('',#2385,1.49999999999977);
#734=CIRCLE('',#2386,2.58748478759032);
#735=CIRCLE('',#2387,4.38125);
#736=CIRCLE('',#2388,2.5875);
#737=CIRCLE('',#2389,2.23627773502828);
#738=CIRCLE('',#2390,5.);
#739=CIRCLE('',#2391,15.5);
#740=CIRCLE('',#2392,2.);
#741=CIRCLE('',#2393,3.);
#742=CIRCLE('',#2394,2.5875);
#743=CIRCLE('',#2395,6.5);
#744=CIRCLE('',#2396,17.5);
#745=CIRCLE('',#2397,5.);
#746=CIRCLE('',#2398,5.);
#747=CIRCLE('',#2399,5.);
#748=CIRCLE('',#2400,3.16865);
#749=CIRCLE('',#2402,0.25);
#750=CIRCLE('',#2403,3.41865);
#751=CIRCLE('',#2405,2.5875);
#752=CIRCLE('',#2406,3.);
#753=CIRCLE('',#2407,2.);
#754=CIRCLE('',#2408,15.5);
#755=CIRCLE('',#2409,5.);
#756=CIRCLE('',#2410,2.23627773502828);
#757=CIRCLE('',#2411,2.5875);
#758=CIRCLE('',#2412,4.38125);
#759=CIRCLE('',#2413,2.58748478759032);
#760=CIRCLE('',#2414,1.49999999999977);
#761=CIRCLE('',#2415,1.);
#762=CIRCLE('',#2416,1.5000000000007);
#763=CIRCLE('',#2417,2.58748478759034);
#764=CIRCLE('',#2418,4.38125);
#765=CIRCLE('',#2419,5.5);
#766=CIRCLE('',#2420,4.);
#767=CIRCLE('',#2421,4.);
#768=CIRCLE('',#2422,4.);
#769=CIRCLE('',#2423,16.5);
#770=CIRCLE('',#2424,3.16865);
#771=CIRCLE('',#2426,1.);
#772=CIRCLE('',#2427,1.);
#773=CIRCLE('',#2428,5.5);
#774=CIRCLE('',#2430,1.);
#775=CIRCLE('',#2432,1.);
#776=CIRCLE('',#2433,4.);
#777=CIRCLE('',#2435,1.);
#778=CIRCLE('',#2437,1.);
#779=CIRCLE('',#2438,4.);
#780=CIRCLE('',#2440,1.);
#781=CIRCLE('',#2442,1.);
#782=CIRCLE('',#2443,4.);
#783=CIRCLE('',#2445,1.);
#784=CIRCLE('',#2447,1.);
#785=CIRCLE('',#2448,16.5);
#786=CIRCLE('',#2451,4.);
#787=CIRCLE('',#2454,16.5);
#788=CIRCLE('',#2455,16.5);
#789=CIRCLE('',#2459,1.5875);
#790=CIRCLE('',#2460,0.999999999999999);
#791=CIRCLE('',#2462,1.);
#792=CIRCLE('',#2463,4.);
#793=CIRCLE('',#2465,1.);
#794=CIRCLE('',#2467,0.999999999999995);
#795=CIRCLE('',#2468,3.);
#796=CIRCLE('',#2470,0.999999999999992);
#797=CIRCLE('',#2472,1.);
#798=CIRCLE('',#2473,16.5);
#799=CIRCLE('',#2475,1.);
#800=CIRCLE('',#2477,1.);
#801=CIRCLE('',#2478,4.);
#802=CIRCLE('',#2480,1.);
#803=CIRCLE('',#2481,3.23627773502828);
#804=CIRCLE('',#2483,1.5875);
#805=CIRCLE('',#2485,1.);
#806=CIRCLE('',#2487,1.);
#807=CIRCLE('',#2488,5.38125);
#808=CIRCLE('',#2490,1.);
#809=CIRCLE('',#2492,1.);
#810=CIRCLE('',#2493,1.58748478759034);
#811=CIRCLE('',#2495,1.);
#812=CIRCLE('',#2496,2.5000000000007);
#813=CIRCLE('',#2498,1.);
#814=CIRCLE('',#2499,1.);
#815=CIRCLE('',#2500,2.);
#816=CIRCLE('',#2502,1.);
#817=CIRCLE('',#2504,1.);
#818=CIRCLE('',#2505,2.49999999999977);
#819=CIRCLE('',#2507,1.);
#820=CIRCLE('',#2508,1.58748478759032);
#821=CIRCLE('',#2510,1.);
#822=CIRCLE('',#2512,1.);
#823=CIRCLE('',#2513,5.38125);
#824=CIRCLE('',#2516,5.38125);
#825=CIRCLE('',#2519,1.5875);
#826=CIRCLE('',#2521,3.23627773502828);
#827=CIRCLE('',#2523,4.);
#828=CIRCLE('',#2526,16.5);
#829=CIRCLE('',#2529,3.);
#830=CIRCLE('',#2532,4.);
#831=CIRCLE('',#2534,1.5875);
#832=CIRCLE('',#2536,0.999999999999999);
#833=CIRCLE('',#2538,1.);
#834=CIRCLE('',#2540,0.999999999999998);
#835=CIRCLE('',#2541,5.38125);
#836=CIRCLE('',#2543,0.999999999999876);
#837=CIRCLE('',#2545,1.);
#838=CIRCLE('',#2546,1.58748478759034);
#839=CIRCLE('',#2548,1.);
#840=CIRCLE('',#2549,2.5000000000007);
#841=CIRCLE('',#2551,1.);
#842=CIRCLE('',#2552,1.);
#843=CIRCLE('',#2553,2.);
#844=CIRCLE('',#2555,0.999999999999995);
#845=CIRCLE('',#2557,1.);
#846=CIRCLE('',#2558,2.49999999999977);
#847=CIRCLE('',#2560,1.);
#848=CIRCLE('',#2561,1.58748478759032);
#849=CIRCLE('',#2563,1.);
#850=CIRCLE('',#2565,1.);
#851=CIRCLE('',#2568,0.999999999999999);
#852=CIRCLE('',#2570,0.999999999999999);
#853=CIRCLE('',#2572,1.);
#854=CIRCLE('',#2574,0.999999999999993);
#855=CIRCLE('',#2576,0.999999999999995);
#856=CIRCLE('',#2578,1.);
#857=CIRCLE('',#2580,1.);
#858=CIRCLE('',#2582,0.999999999999999);
#859=CIRCLE('',#2596,3.);
#860=CIRCLE('',#2597,3.);
#861=CIRCLE('',#2599,8.);
#862=CIRCLE('',#2600,8.);
#863=CIRCLE('',#2602,3.);
#864=CIRCLE('',#2603,3.);
#865=CIRCLE('',#2605,8.);
#866=CIRCLE('',#2606,8.);
#867=CIRCLE('',#2608,3.);
#868=CIRCLE('',#2609,3.);
#869=CIRCLE('',#2611,11.);
#870=CIRCLE('',#2612,11.);
#871=CIRCLE('',#2614,3.);
#872=CIRCLE('',#2615,3.);
#873=CIRCLE('',#2617,3.);
#874=CIRCLE('',#2618,3.);
#875=CIRCLE('',#2620,3.);
#876=CIRCLE('',#2621,3.);
#877=CIRCLE('',#2623,3.);
#878=CIRCLE('',#2624,3.);
#879=CIRCLE('',#2626,11.);
#880=CIRCLE('',#2627,11.);
#881=CIRCLE('',#2629,3.);
#882=CIRCLE('',#2630,3.);
#883=CIRCLE('',#2632,3.);
#884=CIRCLE('',#2633,3.);
#885=CIRCLE('',#2635,8.);
#886=CIRCLE('',#2636,8.);
#887=CIRCLE('',#2638,3.);
#888=CIRCLE('',#2639,3.);
#889=CIRCLE('',#2641,3.);
#890=CIRCLE('',#2642,3.);
#891=CIRCLE('',#2644,11.);
#892=CIRCLE('',#2645,11.);
#893=CIRCLE('',#2647,3.);
#894=CIRCLE('',#2648,3.);
#895=CIRCLE('',#2650,3.);
#896=CIRCLE('',#2651,3.);
#897=CIRCLE('',#2653,8.);
#898=CIRCLE('',#2654,8.);
#899=CIRCLE('',#2656,3.);
#900=CIRCLE('',#2657,3.);
#901=CIRCLE('',#2659,3.);
#902=CIRCLE('',#2660,3.);
#903=CIRCLE('',#2662,11.);
#904=CIRCLE('',#2663,11.);
#905=CIRCLE('',#2665,3.);
#906=CIRCLE('',#2666,3.);
#907=CIRCLE('',#2668,3.);
#908=CIRCLE('',#2669,3.);
#909=CIRCLE('',#2671,11.);
#910=CIRCLE('',#2672,11.);
#911=CIRCLE('',#2674,3.);
#912=CIRCLE('',#2675,3.);
#913=CIRCLE('',#2679,4.);
#914=CIRCLE('',#2680,4.);
#915=CIRCLE('',#2681,4.);
#916=CIRCLE('',#2690,4.);
#917=CIRCLE('',#2691,4.);
#918=VERTEX_POINT('',#3513);
#919=VERTEX_POINT('',#3515);
#920=VERTEX_POINT('',#3517);
#921=VERTEX_POINT('',#3521);
#922=VERTEX_POINT('',#3523);
#923=VERTEX_POINT('',#3527);
#924=VERTEX_POINT('',#3528);
#925=VERTEX_POINT('',#3530);
#926=VERTEX_POINT('',#3532);
#927=VERTEX_POINT('',#3534);
#928=VERTEX_POINT('',#3536);
#929=VERTEX_POINT('',#3538);
#930=VERTEX_POINT('',#3540);
#931=VERTEX_POINT('',#3542);
#932=VERTEX_POINT('',#3544);
#933=VERTEX_POINT('',#3546);
#934=VERTEX_POINT('',#3548);
#935=VERTEX_POINT('',#3550);
#936=VERTEX_POINT('',#3552);
#937=VERTEX_POINT('',#3554);
#938=VERTEX_POINT('',#3556);
#939=VERTEX_POINT('',#3558);
#940=VERTEX_POINT('',#3560);
#941=VERTEX_POINT('',#3562);
#942=VERTEX_POINT('',#3564);
#943=VERTEX_POINT('',#3566);
#944=VERTEX_POINT('',#3568);
#945=VERTEX_POINT('',#3570);
#946=VERTEX_POINT('',#3573);
#947=VERTEX_POINT('',#3574);
#948=VERTEX_POINT('',#3576);
#949=VERTEX_POINT('',#3578);
#950=VERTEX_POINT('',#3580);
#951=VERTEX_POINT('',#3582);
#952=VERTEX_POINT('',#3584);
#953=VERTEX_POINT('',#3586);
#954=VERTEX_POINT('',#3588);
#955=VERTEX_POINT('',#3590);
#956=VERTEX_POINT('',#3593);
#957=VERTEX_POINT('',#3596);
#958=VERTEX_POINT('',#3600);
#959=VERTEX_POINT('',#3601);
#960=VERTEX_POINT('',#3603);
#961=VERTEX_POINT('',#3605);
#962=VERTEX_POINT('',#3607);
#963=VERTEX_POINT('',#3609);
#964=VERTEX_POINT('',#3611);
#965=VERTEX_POINT('',#3613);
#966=VERTEX_POINT('',#3615);
#967=VERTEX_POINT('',#3617);
#968=VERTEX_POINT('',#3619);
#969=VERTEX_POINT('',#3621);
#970=VERTEX_POINT('',#3623);
#971=VERTEX_POINT('',#3625);
#972=VERTEX_POINT('',#3627);
#973=VERTEX_POINT('',#3629);
#974=VERTEX_POINT('',#3631);
#975=VERTEX_POINT('',#3633);
#976=VERTEX_POINT('',#3635);
#977=VERTEX_POINT('',#3637);
#978=VERTEX_POINT('',#3639);
#979=VERTEX_POINT('',#3641);
#980=VERTEX_POINT('',#3643);
#981=VERTEX_POINT('',#3646);
#982=VERTEX_POINT('',#3647);
#983=VERTEX_POINT('',#3649);
#984=VERTEX_POINT('',#3651);
#985=VERTEX_POINT('',#3653);
#986=VERTEX_POINT('',#3655);
#987=VERTEX_POINT('',#3657);
#988=VERTEX_POINT('',#3659);
#989=VERTEX_POINT('',#3661);
#990=VERTEX_POINT('',#3663);
#991=VERTEX_POINT('',#3666);
#992=VERTEX_POINT('',#3669);
#993=VERTEX_POINT('',#3671);
#994=VERTEX_POINT('',#3675);
#995=VERTEX_POINT('',#3679);
#996=VERTEX_POINT('',#3683);
#997=VERTEX_POINT('',#3687);
#998=VERTEX_POINT('',#3691);
#999=VERTEX_POINT('',#3695);
#1000=VERTEX_POINT('',#3699);
#1001=VERTEX_POINT('',#3703);
#1002=VERTEX_POINT('',#3709);
#1003=VERTEX_POINT('',#3711);
#1004=VERTEX_POINT('',#3715);
#1005=VERTEX_POINT('',#3717);
#1006=VERTEX_POINT('',#3719);
#1007=VERTEX_POINT('',#3721);
#1008=VERTEX_POINT('',#3724);
#1009=VERTEX_POINT('',#3726);
#1010=VERTEX_POINT('',#3728);
#1011=VERTEX_POINT('',#3731);
#1012=VERTEX_POINT('',#3732);
#1013=VERTEX_POINT('',#3734);
#1014=VERTEX_POINT('',#3736);
#1015=VERTEX_POINT('',#3739);
#1016=VERTEX_POINT('',#3740);
#1017=VERTEX_POINT('',#3742);
#1018=VERTEX_POINT('',#3744);
#1019=VERTEX_POINT('',#3747);
#1020=VERTEX_POINT('',#3748);
#1021=VERTEX_POINT('',#3750);
#1022=VERTEX_POINT('',#3752);
#1023=VERTEX_POINT('',#3757);
#1024=VERTEX_POINT('',#3759);
#1025=VERTEX_POINT('',#3767);
#1026=VERTEX_POINT('',#3768);
#1027=VERTEX_POINT('',#3784);
#1028=VERTEX_POINT('',#3788);
#1029=VERTEX_POINT('',#3792);
#1030=VERTEX_POINT('',#3796);
#1031=VERTEX_POINT('',#3800);
#1032=VERTEX_POINT('',#3804);
#1033=VERTEX_POINT('',#3808);
#1034=VERTEX_POINT('',#3812);
#1035=VERTEX_POINT('',#3816);
#1036=VERTEX_POINT('',#3831);
#1037=VERTEX_POINT('',#3835);
#1038=VERTEX_POINT('',#3839);
#1039=VERTEX_POINT('',#3843);
#1040=VERTEX_POINT('',#3847);
#1041=VERTEX_POINT('',#3851);
#1042=VERTEX_POINT('',#3863);
#1043=VERTEX_POINT('',#3867);
#1044=VERTEX_POINT('',#3871);
#1045=VERTEX_POINT('',#3875);
#1046=VERTEX_POINT('',#3879);
#1047=VERTEX_POINT('',#3883);
#1048=VERTEX_POINT('',#3889);
#1049=VERTEX_POINT('',#3891);
#1050=VERTEX_POINT('',#3895);
#1051=VERTEX_POINT('',#3899);
#1052=VERTEX_POINT('',#3903);
#1053=VERTEX_POINT('',#3907);
#1054=VERTEX_POINT('',#3911);
#1055=VERTEX_POINT('',#3915);
#1056=VERTEX_POINT('',#3919);
#1057=VERTEX_POINT('',#3923);
#1058=VERTEX_POINT('',#3927);
#1059=VERTEX_POINT('',#3931);
#1060=VERTEX_POINT('',#3935);
#1061=VERTEX_POINT('',#3953);
#1062=VERTEX_POINT('',#3969);
#1063=VERTEX_POINT('',#3973);
#1064=VERTEX_POINT('',#3977);
#1065=VERTEX_POINT('',#3981);
#1066=VERTEX_POINT('',#3985);
#1067=VERTEX_POINT('',#3997);
#1068=VERTEX_POINT('',#4001);
#1069=VERTEX_POINT('',#4005);
#1070=VERTEX_POINT('',#4009);
#1071=VERTEX_POINT('',#4057);
#1072=VERTEX_POINT('',#4058);
#1073=VERTEX_POINT('',#4060);
#1074=VERTEX_POINT('',#4062);
#1075=VERTEX_POINT('',#4066);
#1076=VERTEX_POINT('',#4068);
#1077=VERTEX_POINT('',#4072);
#1078=VERTEX_POINT('',#4073);
#1079=VERTEX_POINT('',#4075);
#1080=VERTEX_POINT('',#4077);
#1081=VERTEX_POINT('',#4081);
#1082=VERTEX_POINT('',#4083);
#1083=VERTEX_POINT('',#4087);
#1084=VERTEX_POINT('',#4088);
#1085=VERTEX_POINT('',#4090);
#1086=VERTEX_POINT('',#4092);
#1087=VERTEX_POINT('',#4096);
#1088=VERTEX_POINT('',#4098);
#1089=VERTEX_POINT('',#4111);
#1090=VERTEX_POINT('',#4113);
#1091=VERTEX_POINT('',#4117);
#1092=VERTEX_POINT('',#4119);
#1093=VERTEX_POINT('',#4123);
#1094=VERTEX_POINT('',#4125);
#1095=VERTEX_POINT('',#4129);
#1096=VERTEX_POINT('',#4130);
#1097=VERTEX_POINT('',#4132);
#1098=VERTEX_POINT('',#4134);
#1099=VERTEX_POINT('',#4138);
#1100=VERTEX_POINT('',#4140);
#1101=VERTEX_POINT('',#4144);
#1102=VERTEX_POINT('',#4146);
#1103=VERTEX_POINT('',#4150);
#1104=VERTEX_POINT('',#4151);
#1105=VERTEX_POINT('',#4153);
#1106=VERTEX_POINT('',#4155);
#1107=VERTEX_POINT('',#4159);
#1108=VERTEX_POINT('',#4161);
#1109=VERTEX_POINT('',#4168);
#1110=VERTEX_POINT('',#4170);
#1111=VERTEX_POINT('',#4174);
#1112=VERTEX_POINT('',#4176);
#1113=VERTEX_POINT('',#4183);
#1114=VERTEX_POINT('',#4185);
#1115=VERTEX_POINT('',#4189);
#1116=VERTEX_POINT('',#4191);
#1117=VERTEX_POINT('',#4195);
#1118=VERTEX_POINT('',#4197);
#1119=VERTEX_POINT('',#4201);
#1120=VERTEX_POINT('',#4202);
#1121=VERTEX_POINT('',#4204);
#1122=VERTEX_POINT('',#4206);
#1123=VERTEX_POINT('',#4210);
#1124=VERTEX_POINT('',#4212);
#1125=VERTEX_POINT('',#4221);
#1126=VERTEX_POINT('',#4224);
#1127=VERTEX_POINT('',#4235);
#1128=VERTEX_POINT('',#4237);
#1129=VERTEX_POINT('',#4239);
#1130=VERTEX_POINT('',#4241);
#1131=VERTEX_POINT('',#4256);
#1132=VERTEX_POINT('',#4258);
#1133=VERTEX_POINT('',#4260);
#1134=EDGE_CURVE('',#918,#918,#723,.T.);
#1135=EDGE_CURVE('',#918,#919,#724,.T.);
#1136=EDGE_CURVE('',#919,#920,#725,.T.);
#1137=EDGE_CURVE('',#920,#919,#726,.T.);
#1138=EDGE_CURVE('',#920,#921,#60,.T.);
#1139=EDGE_CURVE('',#922,#921,#727,.T.);
#1140=EDGE_CURVE('',#921,#922,#728,.T.);
#1141=EDGE_CURVE('',#923,#924,#61,.T.);
#1142=EDGE_CURVE('',#925,#923,#729,.T.);
#1143=EDGE_CURVE('',#926,#925,#62,.T.);
#1144=EDGE_CURVE('',#927,#926,#730,.T.);
#1145=EDGE_CURVE('',#928,#927,#731,.T.);
#1146=EDGE_CURVE('',#929,#928,#63,.T.);
#1147=EDGE_CURVE('',#930,#929,#732,.T.);
#1148=EDGE_CURVE('',#931,#930,#64,.T.);
#1149=EDGE_CURVE('',#932,#931,#733,.T.);
#1150=EDGE_CURVE('',#933,#932,#734,.T.);
#1151=EDGE_CURVE('',#934,#933,#65,.T.);
#1152=EDGE_CURVE('',#935,#934,#735,.T.);
#1153=EDGE_CURVE('',#936,#935,#66,.T.);
#1154=EDGE_CURVE('',#937,#936,#736,.T.);
#1155=EDGE_CURVE('',#938,#937,#737,.T.);
#1156=EDGE_CURVE('',#939,#938,#738,.T.);
#1157=EDGE_CURVE('',#940,#939,#67,.T.);
#1158=EDGE_CURVE('',#941,#940,#739,.T.);
#1159=EDGE_CURVE('',#942,#941,#68,.T.);
#1160=EDGE_CURVE('',#943,#942,#740,.T.);
#1161=EDGE_CURVE('',#944,#943,#69,.T.);
#1162=EDGE_CURVE('',#945,#944,#741,.T.);
#1163=EDGE_CURVE('',#924,#945,#742,.T.);
#1164=EDGE_CURVE('',#946,#947,#743,.T.);
#1165=EDGE_CURVE('',#948,#946,#70,.T.);
#1166=EDGE_CURVE('',#949,#948,#744,.T.);
#1167=EDGE_CURVE('',#950,#949,#71,.T.);
#1168=EDGE_CURVE('',#951,#950,#745,.T.);
#1169=EDGE_CURVE('',#952,#951,#72,.T.);
#1170=EDGE_CURVE('',#953,#952,#746,.T.);
#1171=EDGE_CURVE('',#954,#953,#73,.T.);
#1172=EDGE_CURVE('',#955,#954,#747,.T.);
#1173=EDGE_CURVE('',#947,#955,#74,.T.);
#1174=EDGE_CURVE('',#956,#956,#748,.T.);
#1175=EDGE_CURVE('',#922,#957,#749,.T.);
#1176=EDGE_CURVE('',#957,#957,#750,.T.);
#1177=EDGE_CURVE('',#958,#959,#751,.T.);
#1178=EDGE_CURVE('',#960,#958,#752,.T.);
#1179=EDGE_CURVE('',#961,#960,#75,.T.);
#1180=EDGE_CURVE('',#962,#961,#753,.T.);
#1181=EDGE_CURVE('',#963,#962,#76,.T.);
#1182=EDGE_CURVE('',#964,#963,#754,.T.);
#1183=EDGE_CURVE('',#965,#964,#77,.T.);
#1184=EDGE_CURVE('',#966,#965,#755,.T.);
#1185=EDGE_CURVE('',#967,#966,#756,.T.);
#1186=EDGE_CURVE('',#968,#967,#757,.T.);
#1187=EDGE_CURVE('',#969,#968,#78,.T.);
#1188=EDGE_CURVE('',#970,#969,#758,.T.);
#1189=EDGE_CURVE('',#971,#970,#79,.T.);
#1190=EDGE_CURVE('',#972,#971,#759,.T.);
#1191=EDGE_CURVE('',#973,#972,#760,.T.);
#1192=EDGE_CURVE('',#974,#973,#80,.T.);
#1193=EDGE_CURVE('',#975,#974,#761,.T.);
#1194=EDGE_CURVE('',#976,#975,#81,.T.);
#1195=EDGE_CURVE('',#977,#976,#762,.T.);
#1196=EDGE_CURVE('',#978,#977,#763,.T.);
#1197=EDGE_CURVE('',#979,#978,#82,.T.);
#1198=EDGE_CURVE('',#980,#979,#764,.T.);
#1199=EDGE_CURVE('',#959,#980,#83,.T.);
#1200=EDGE_CURVE('',#981,#982,#765,.T.);
#1201=EDGE_CURVE('',#983,#981,#84,.T.);
#1202=EDGE_CURVE('',#984,#983,#766,.T.);
#1203=EDGE_CURVE('',#985,#984,#85,.T.);
#1204=EDGE_CURVE('',#986,#985,#767,.T.);
#1205=EDGE_CURVE('',#987,#986,#86,.T.);
#1206=EDGE_CURVE('',#988,#987,#768,.T.);
#1207=EDGE_CURVE('',#989,#988,#87,.T.);
#1208=EDGE_CURVE('',#990,#989,#769,.T.);
#1209=EDGE_CURVE('',#982,#990,#88,.T.);
#1210=EDGE_CURVE('',#991,#991,#770,.T.);
#1211=EDGE_CURVE('',#992,#946,#771,.T.);
#1212=EDGE_CURVE('',#947,#993,#772,.T.);
#1213=EDGE_CURVE('',#993,#992,#773,.T.);
#1214=EDGE_CURVE('',#955,#994,#774,.T.);
#1215=EDGE_CURVE('',#994,#993,#89,.T.);
#1216=EDGE_CURVE('',#954,#995,#775,.T.);
#1217=EDGE_CURVE('',#995,#994,#776,.T.);
#1218=EDGE_CURVE('',#953,#996,#777,.T.);
#1219=EDGE_CURVE('',#996,#995,#90,.T.);
#1220=EDGE_CURVE('',#952,#997,#778,.T.);
#1221=EDGE_CURVE('',#997,#996,#779,.T.);
#1222=EDGE_CURVE('',#951,#998,#780,.T.);
#1223=EDGE_CURVE('',#998,#997,#91,.T.);
#1224=EDGE_CURVE('',#950,#999,#781,.T.);
#1225=EDGE_CURVE('',#999,#998,#782,.T.);
#1226=EDGE_CURVE('',#949,#1000,#783,.T.);
#1227=EDGE_CURVE('',#1000,#999,#92,.T.);
#1228=EDGE_CURVE('',#948,#1001,#784,.T.);
#1229=EDGE_CURVE('',#1001,#1000,#785,.T.);
#1230=EDGE_CURVE('',#992,#1001,#93,.T.);
#1231=EDGE_CURVE('',#999,#1002,#94,.T.);
#1232=EDGE_CURVE('',#1002,#1003,#786,.T.);
#1233=EDGE_CURVE('',#1003,#998,#95,.T.);
#1234=EDGE_CURVE('',#1004,#1000,#96,.T.);
#1235=EDGE_CURVE('',#1004,#1005,#97,.T.);
#1236=EDGE_CURVE('',#1006,#1005,#98,.T.);
#1237=EDGE_CURVE('',#1006,#1007,#99,.T.);
#1238=EDGE_CURVE('',#989,#1007,#100,.T.);
#1239=EDGE_CURVE('',#1008,#988,#101,.T.);
#1240=EDGE_CURVE('',#1008,#1009,#102,.T.);
#1241=EDGE_CURVE('',#1010,#1009,#103,.T.);
#1242=EDGE_CURVE('',#1010,#1002,#104,.T.);
#1243=EDGE_CURVE('',#1011,#1012,#105,.T.);
#1244=EDGE_CURVE('',#1013,#1012,#106,.T.);
#1245=EDGE_CURVE('',#1013,#1014,#107,.T.);
#1246=EDGE_CURVE('',#1011,#1014,#108,.T.);
#1247=EDGE_CURVE('',#1015,#1016,#109,.T.);
#1248=EDGE_CURVE('',#1017,#1016,#110,.T.);
#1249=EDGE_CURVE('',#1017,#1018,#111,.T.);
#1250=EDGE_CURVE('',#1015,#1018,#112,.T.);
#1251=EDGE_CURVE('',#1019,#1020,#113,.T.);
#1252=EDGE_CURVE('',#1021,#1020,#114,.T.);
#1253=EDGE_CURVE('',#1021,#1022,#115,.T.);
#1254=EDGE_CURVE('',#1019,#1022,#116,.T.);
#1255=EDGE_CURVE('',#1001,#990,#117,.T.);
#1256=EDGE_CURVE('',#1007,#1023,#787,.T.);
#1257=EDGE_CURVE('',#1024,#1023,#118,.T.);
#1258=EDGE_CURVE('',#1024,#1004,#788,.T.);
#1259=EDGE_CURVE('',#982,#992,#119,.T.);
#1260=EDGE_CURVE('',#993,#981,#120,.T.);
#1261=EDGE_CURVE('',#1025,#1026,#789,.T.);
#1262=EDGE_CURVE('',#1026,#958,#790,.T.);
#1263=EDGE_CURVE('',#959,#1025,#17,.T.);
#1264=EDGE_CURVE('',#1027,#960,#791,.T.);
#1265=EDGE_CURVE('',#1026,#1027,#792,.T.);
#1266=EDGE_CURVE('',#1028,#961,#793,.T.);
#1267=EDGE_CURVE('',#1027,#1028,#121,.T.);
#1268=EDGE_CURVE('',#1029,#962,#794,.T.);
#1269=EDGE_CURVE('',#1028,#1029,#795,.T.);
#1270=EDGE_CURVE('',#1030,#963,#796,.T.);
#1271=EDGE_CURVE('',#1029,#1030,#122,.T.);
#1272=EDGE_CURVE('',#1031,#964,#797,.T.);
#1273=EDGE_CURVE('',#1030,#1031,#798,.T.);
#1274=EDGE_CURVE('',#1032,#965,#799,.T.);
#1275=EDGE_CURVE('',#1031,#1032,#123,.T.);
#1276=EDGE_CURVE('',#1033,#966,#800,.T.);
#1277=EDGE_CURVE('',#1032,#1033,#801,.T.);
#1278=EDGE_CURVE('',#1034,#967,#802,.T.);
#1279=EDGE_CURVE('',#1033,#1034,#803,.T.);
#1280=EDGE_CURVE('',#1034,#1035,#804,.T.);
#1281=EDGE_CURVE('',#1035,#968,#18,.T.);
#1282=EDGE_CURVE('',#980,#1036,#805,.T.);
#1283=EDGE_CURVE('',#1036,#1025,#124,.T.);
#1284=EDGE_CURVE('',#979,#1037,#806,.T.);
#1285=EDGE_CURVE('',#1037,#1036,#807,.T.);
#1286=EDGE_CURVE('',#978,#1038,#808,.T.);
#1287=EDGE_CURVE('',#1038,#1037,#125,.T.);
#1288=EDGE_CURVE('',#977,#1039,#809,.T.);
#1289=EDGE_CURVE('',#1039,#1038,#810,.T.);
#1290=EDGE_CURVE('',#976,#1040,#811,.T.);
#1291=EDGE_CURVE('',#1040,#1039,#812,.T.);
#1292=EDGE_CURVE('',#975,#1041,#813,.T.);
#1293=EDGE_CURVE('',#1041,#1040,#126,.T.);
#1294=EDGE_CURVE('',#974,#1042,#814,.T.);
#1295=EDGE_CURVE('',#1042,#1041,#815,.T.);
#1296=EDGE_CURVE('',#973,#1043,#816,.T.);
#1297=EDGE_CURVE('',#1043,#1042,#127,.T.);
#1298=EDGE_CURVE('',#972,#1044,#817,.T.);
#1299=EDGE_CURVE('',#1044,#1043,#818,.T.);
#1300=EDGE_CURVE('',#971,#1045,#819,.T.);
#1301=EDGE_CURVE('',#1045,#1044,#820,.T.);
#1302=EDGE_CURVE('',#970,#1046,#821,.T.);
#1303=EDGE_CURVE('',#1046,#1045,#128,.T.);
#1304=EDGE_CURVE('',#969,#1047,#822,.T.);
#1305=EDGE_CURVE('',#1047,#1046,#823,.T.);
#1306=EDGE_CURVE('',#1035,#1047,#129,.T.);
#1307=EDGE_CURVE('',#1047,#1048,#130,.T.);
#1308=EDGE_CURVE('',#1049,#1048,#824,.T.);
#1309=EDGE_CURVE('',#1046,#1049,#131,.T.);
#1310=EDGE_CURVE('',#1035,#1050,#132,.T.);
#1311=EDGE_CURVE('',#1048,#1050,#133,.T.);
#1312=EDGE_CURVE('',#1034,#1051,#134,.T.);
#1313=EDGE_CURVE('',#1050,#1051,#825,.T.);
#1314=EDGE_CURVE('',#1052,#1033,#135,.T.);
#1315=EDGE_CURVE('',#1051,#1052,#826,.T.);
#1316=EDGE_CURVE('',#1032,#1053,#136,.T.);
#1317=EDGE_CURVE('',#1052,#1053,#827,.T.);
#1318=EDGE_CURVE('',#1054,#1031,#137,.T.);
#1319=EDGE_CURVE('',#1053,#1054,#138,.T.);
#1320=EDGE_CURVE('',#1030,#1055,#139,.T.);
#1321=EDGE_CURVE('',#1054,#1055,#828,.T.);
#1322=EDGE_CURVE('',#1056,#1029,#140,.T.);
#1323=EDGE_CURVE('',#1055,#1056,#141,.T.);
#1324=EDGE_CURVE('',#1028,#1057,#142,.T.);
#1325=EDGE_CURVE('',#1056,#1057,#829,.T.);
#1326=EDGE_CURVE('',#1058,#1027,#143,.T.);
#1327=EDGE_CURVE('',#1057,#1058,#144,.T.);
#1328=EDGE_CURVE('',#1026,#1059,#145,.T.);
#1329=EDGE_CURVE('',#1058,#1059,#830,.T.);
#1330=EDGE_CURVE('',#1025,#1060,#146,.T.);
#1331=EDGE_CURVE('',#1059,#1060,#831,.T.);
#1332=EDGE_CURVE('',#1051,#937,#832,.T.);
#1333=EDGE_CURVE('',#936,#1050,#19,.T.);
#1334=EDGE_CURVE('',#1060,#1061,#147,.T.);
#1335=EDGE_CURVE('',#1061,#923,#833,.T.);
#1336=EDGE_CURVE('',#924,#1060,#20,.T.);
#1337=EDGE_CURVE('',#1062,#925,#834,.T.);
#1338=EDGE_CURVE('',#1061,#1062,#835,.T.);
#1339=EDGE_CURVE('',#1063,#926,#836,.T.);
#1340=EDGE_CURVE('',#1062,#1063,#148,.T.);
#1341=EDGE_CURVE('',#1064,#927,#837,.T.);
#1342=EDGE_CURVE('',#1063,#1064,#838,.T.);
#1343=EDGE_CURVE('',#1065,#928,#839,.T.);
#1344=EDGE_CURVE('',#1064,#1065,#840,.T.);
#1345=EDGE_CURVE('',#1066,#929,#841,.T.);
#1346=EDGE_CURVE('',#1065,#1066,#149,.T.);
#1347=EDGE_CURVE('',#1067,#930,#842,.T.);
#1348=EDGE_CURVE('',#1066,#1067,#843,.T.);
#1349=EDGE_CURVE('',#1068,#931,#844,.T.);
#1350=EDGE_CURVE('',#1067,#1068,#150,.T.);
#1351=EDGE_CURVE('',#1069,#932,#845,.T.);
#1352=EDGE_CURVE('',#1068,#1069,#846,.T.);
#1353=EDGE_CURVE('',#1070,#933,#847,.T.);
#1354=EDGE_CURVE('',#1069,#1070,#848,.T.);
#1355=EDGE_CURVE('',#1049,#934,#849,.T.);
#1356=EDGE_CURVE('',#1070,#1049,#151,.T.);
#1357=EDGE_CURVE('',#1048,#935,#850,.T.);
#1358=EDGE_CURVE('',#1052,#938,#851,.T.);
#1359=EDGE_CURVE('',#1053,#939,#852,.T.);
#1360=EDGE_CURVE('',#1054,#940,#853,.T.);
#1361=EDGE_CURVE('',#1055,#941,#854,.T.);
#1362=EDGE_CURVE('',#1056,#942,#855,.T.);
#1363=EDGE_CURVE('',#1057,#943,#856,.T.);
#1364=EDGE_CURVE('',#1058,#944,#857,.T.);
#1365=EDGE_CURVE('',#1059,#945,#858,.T.);
#1366=EDGE_CURVE('',#1045,#1070,#152,.T.);
#1367=EDGE_CURVE('',#1044,#1069,#153,.T.);
#1368=EDGE_CURVE('',#1043,#1068,#154,.T.);
#1369=EDGE_CURVE('',#1042,#1067,#155,.T.);
#1370=EDGE_CURVE('',#1041,#1066,#156,.T.);
#1371=EDGE_CURVE('',#1040,#1065,#157,.T.);
#1372=EDGE_CURVE('',#1039,#1064,#158,.T.);
#1373=EDGE_CURVE('',#1038,#1063,#159,.T.);
#1374=EDGE_CURVE('',#1037,#1062,#160,.T.);
#1375=EDGE_CURVE('',#1036,#1061,#161,.T.);
#1376=EDGE_CURVE('',#1071,#1072,#859,.T.);
#1377=EDGE_CURVE('',#1072,#1073,#162,.T.);
#1378=EDGE_CURVE('',#1073,#1074,#860,.T.);
#1379=EDGE_CURVE('',#1074,#1071,#163,.T.);
#1380=EDGE_CURVE('',#1075,#1072,#861,.T.);
#1381=EDGE_CURVE('',#1076,#1075,#164,.T.);
#1382=EDGE_CURVE('',#1076,#1073,#862,.T.);
#1383=EDGE_CURVE('',#1077,#1078,#863,.T.);
#1384=EDGE_CURVE('',#1078,#1079,#165,.T.);
#1385=EDGE_CURVE('',#1079,#1080,#864,.T.);
#1386=EDGE_CURVE('',#1080,#1077,#166,.T.);
#1387=EDGE_CURVE('',#1078,#1081,#865,.T.);
#1388=EDGE_CURVE('',#1082,#1081,#167,.T.);
#1389=EDGE_CURVE('',#1079,#1082,#866,.T.);
#1390=EDGE_CURVE('',#1083,#1084,#867,.T.);
#1391=EDGE_CURVE('',#1084,#1085,#168,.T.);
#1392=EDGE_CURVE('',#1085,#1086,#868,.T.);
#1393=EDGE_CURVE('',#1086,#1083,#169,.T.);
#1394=EDGE_CURVE('',#1087,#1084,#869,.T.);
#1395=EDGE_CURVE('',#1088,#1087,#170,.T.);
#1396=EDGE_CURVE('',#1088,#1085,#870,.T.);
#1397=EDGE_CURVE('',#1022,#1088,#871,.T.);
#1398=EDGE_CURVE('',#1087,#1019,#872,.T.);
#1399=EDGE_CURVE('',#1009,#1076,#873,.T.);
#1400=EDGE_CURVE('',#1075,#1010,#874,.T.);
#1401=EDGE_CURVE('',#1020,#1082,#875,.T.);
#1402=EDGE_CURVE('',#1081,#1021,#876,.T.);
#1403=EDGE_CURVE('',#1018,#1089,#877,.T.);
#1404=EDGE_CURVE('',#1089,#1090,#171,.T.);
#1405=EDGE_CURVE('',#1090,#1015,#878,.T.);
#1406=EDGE_CURVE('',#1091,#1089,#879,.T.);
#1407=EDGE_CURVE('',#1092,#1091,#172,.T.);
#1408=EDGE_CURVE('',#1092,#1090,#880,.T.);
#1409=EDGE_CURVE('',#1093,#1092,#881,.T.);
#1410=EDGE_CURVE('',#1091,#1094,#882,.T.);
#1411=EDGE_CURVE('',#1094,#1093,#173,.T.);
#1412=EDGE_CURVE('',#1095,#1096,#883,.T.);
#1413=EDGE_CURVE('',#1096,#1097,#174,.T.);
#1414=EDGE_CURVE('',#1097,#1098,#884,.T.);
#1415=EDGE_CURVE('',#1098,#1095,#175,.T.);
#1416=EDGE_CURVE('',#1099,#1096,#885,.T.);
#1417=EDGE_CURVE('',#1100,#1099,#176,.T.);
#1418=EDGE_CURVE('',#1100,#1097,#886,.T.);
#1419=EDGE_CURVE('',#1101,#1100,#887,.T.);
#1420=EDGE_CURVE('',#1099,#1102,#888,.T.);
#1421=EDGE_CURVE('',#1102,#1101,#177,.T.);
#1422=EDGE_CURVE('',#1103,#1104,#889,.T.);
#1423=EDGE_CURVE('',#1104,#1105,#178,.T.);
#1424=EDGE_CURVE('',#1105,#1106,#890,.T.);
#1425=EDGE_CURVE('',#1106,#1103,#179,.T.);
#1426=EDGE_CURVE('',#1107,#1104,#891,.T.);
#1427=EDGE_CURVE('',#1108,#1107,#180,.T.);
#1428=EDGE_CURVE('',#1108,#1105,#892,.T.);
#1429=EDGE_CURVE('',#1016,#1108,#893,.T.);
#1430=EDGE_CURVE('',#1107,#1017,#894,.T.);
#1431=EDGE_CURVE('',#1014,#1109,#895,.T.);
#1432=EDGE_CURVE('',#1109,#1110,#181,.T.);
#1433=EDGE_CURVE('',#1110,#1011,#896,.T.);
#1434=EDGE_CURVE('',#1109,#1111,#897,.T.);
#1435=EDGE_CURVE('',#1112,#1111,#182,.T.);
#1436=EDGE_CURVE('',#1110,#1112,#898,.T.);
#1437=EDGE_CURVE('',#1005,#1112,#899,.T.);
#1438=EDGE_CURVE('',#1006,#1111,#900,.F.);
#1439=EDGE_CURVE('',#1023,#1113,#901,.T.);
#1440=EDGE_CURVE('',#1113,#1114,#183,.T.);
#1441=EDGE_CURVE('',#1114,#1024,#902,.T.);
#1442=EDGE_CURVE('',#1113,#1115,#903,.T.);
#1443=EDGE_CURVE('',#1116,#1115,#184,.T.);
#1444=EDGE_CURVE('',#1114,#1116,#904,.T.);
#1445=EDGE_CURVE('',#1117,#1116,#905,.T.);
#1446=EDGE_CURVE('',#1115,#1118,#906,.T.);
#1447=EDGE_CURVE('',#1118,#1117,#185,.T.);
#1448=EDGE_CURVE('',#1119,#1120,#907,.T.);
#1449=EDGE_CURVE('',#1120,#1121,#186,.T.);
#1450=EDGE_CURVE('',#1121,#1122,#908,.T.);
#1451=EDGE_CURVE('',#1122,#1119,#187,.T.);
#1452=EDGE_CURVE('',#1120,#1123,#909,.T.);
#1453=EDGE_CURVE('',#1124,#1123,#188,.T.);
#1454=EDGE_CURVE('',#1121,#1124,#910,.T.);
#1455=EDGE_CURVE('',#1012,#1124,#911,.T.);
#1456=EDGE_CURVE('',#1123,#1013,#912,.T.);
#1457=EDGE_CURVE('',#1118,#1119,#189,.T.);
#1458=EDGE_CURVE('',#1125,#994,#190,.T.);
#1459=EDGE_CURVE('',#1125,#1071,#191,.T.);
#1460=EDGE_CURVE('',#1074,#1126,#192,.T.);
#1461=EDGE_CURVE('',#983,#1126,#193,.T.);
#1462=EDGE_CURVE('',#1080,#1083,#194,.T.);
#1463=EDGE_CURVE('',#1086,#1077,#195,.T.);
#1464=EDGE_CURVE('',#1094,#1095,#196,.T.);
#1465=EDGE_CURVE('',#1098,#1093,#197,.T.);
#1466=EDGE_CURVE('',#1102,#1103,#198,.T.);
#1467=EDGE_CURVE('',#1106,#1101,#199,.T.);
#1468=EDGE_CURVE('',#1122,#1117,#200,.T.);
#1469=EDGE_CURVE('',#1127,#1008,#913,.T.);
#1470=EDGE_CURVE('',#1128,#1127,#201,.T.);
#1471=EDGE_CURVE('',#1129,#1128,#914,.T.);
#1472=EDGE_CURVE('',#1130,#1129,#202,.T.);
#1473=EDGE_CURVE('',#1126,#1130,#915,.T.);
#1474=EDGE_CURVE('',#985,#1129,#203,.T.);
#1475=EDGE_CURVE('',#1130,#984,#204,.T.);
#1476=EDGE_CURVE('',#1128,#986,#205,.T.);
#1477=EDGE_CURVE('',#987,#1127,#206,.T.);
#1478=EDGE_CURVE('',#1131,#1125,#916,.T.);
#1479=EDGE_CURVE('',#1132,#1131,#207,.T.);
#1480=EDGE_CURVE('',#1133,#1132,#917,.T.);
#1481=EDGE_CURVE('',#1003,#1133,#208,.T.);
#1482=EDGE_CURVE('',#995,#1131,#209,.T.);
#1483=EDGE_CURVE('',#1132,#996,#210,.T.);
#1484=EDGE_CURVE('',#997,#1133,#211,.T.);
#1485=EDGE_CURVE('',#956,#991,#212,.T.);
#1486=ORIENTED_EDGE('',*,*,#1134,.T.);
#1487=ORIENTED_EDGE('',*,*,#1135,.T.);
#1488=ORIENTED_EDGE('',*,*,#1136,.T.);
#1489=ORIENTED_EDGE('',*,*,#1137,.T.);
#1490=ORIENTED_EDGE('',*,*,#1135,.F.);
#1491=ORIENTED_EDGE('',*,*,#1137,.F.);
#1492=ORIENTED_EDGE('',*,*,#1138,.T.);
#1493=ORIENTED_EDGE('',*,*,#1139,.F.);
#1494=ORIENTED_EDGE('',*,*,#1140,.F.);
#1495=ORIENTED_EDGE('',*,*,#1138,.F.);
#1496=ORIENTED_EDGE('',*,*,#1136,.F.);
#1497=ORIENTED_EDGE('',*,*,#1141,.F.);
#1498=ORIENTED_EDGE('',*,*,#1142,.F.);
#1499=ORIENTED_EDGE('',*,*,#1143,.F.);
#1500=ORIENTED_EDGE('',*,*,#1144,.F.);
#1501=ORIENTED_EDGE('',*,*,#1145,.F.);
#1502=ORIENTED_EDGE('',*,*,#1146,.F.);
#1503=ORIENTED_EDGE('',*,*,#1147,.F.);
#1504=ORIENTED_EDGE('',*,*,#1148,.F.);
#1505=ORIENTED_EDGE('',*,*,#1149,.F.);
#1506=ORIENTED_EDGE('',*,*,#1150,.F.);
#1507=ORIENTED_EDGE('',*,*,#1151,.F.);
#1508=ORIENTED_EDGE('',*,*,#1152,.F.);
#1509=ORIENTED_EDGE('',*,*,#1153,.F.);
#1510=ORIENTED_EDGE('',*,*,#1154,.F.);
#1511=ORIENTED_EDGE('',*,*,#1155,.F.);
#1512=ORIENTED_EDGE('',*,*,#1156,.F.);
#1513=ORIENTED_EDGE('',*,*,#1157,.F.);
#1514=ORIENTED_EDGE('',*,*,#1158,.F.);
#1515=ORIENTED_EDGE('',*,*,#1159,.F.);
#1516=ORIENTED_EDGE('',*,*,#1160,.F.);
#1517=ORIENTED_EDGE('',*,*,#1161,.F.);
#1518=ORIENTED_EDGE('',*,*,#1162,.F.);
#1519=ORIENTED_EDGE('',*,*,#1163,.F.);
#1520=ORIENTED_EDGE('',*,*,#1164,.F.);
#1521=ORIENTED_EDGE('',*,*,#1165,.F.);
#1522=ORIENTED_EDGE('',*,*,#1166,.F.);
#1523=ORIENTED_EDGE('',*,*,#1167,.F.);
#1524=ORIENTED_EDGE('',*,*,#1168,.F.);
#1525=ORIENTED_EDGE('',*,*,#1169,.F.);
#1526=ORIENTED_EDGE('',*,*,#1170,.F.);
#1527=ORIENTED_EDGE('',*,*,#1171,.F.);
#1528=ORIENTED_EDGE('',*,*,#1172,.F.);
#1529=ORIENTED_EDGE('',*,*,#1173,.F.);
#1530=ORIENTED_EDGE('',*,*,#1174,.T.);
#1531=ORIENTED_EDGE('',*,*,#1134,.F.);
#1532=ORIENTED_EDGE('',*,*,#1140,.T.);
#1533=ORIENTED_EDGE('',*,*,#1175,.T.);
#1534=ORIENTED_EDGE('',*,*,#1176,.T.);
#1535=ORIENTED_EDGE('',*,*,#1175,.F.);
#1536=ORIENTED_EDGE('',*,*,#1139,.T.);
#1537=ORIENTED_EDGE('',*,*,#1177,.F.);
#1538=ORIENTED_EDGE('',*,*,#1178,.F.);
#1539=ORIENTED_EDGE('',*,*,#1179,.F.);
#1540=ORIENTED_EDGE('',*,*,#1180,.F.);
#1541=ORIENTED_EDGE('',*,*,#1181,.F.);
#1542=ORIENTED_EDGE('',*,*,#1182,.F.);
#1543=ORIENTED_EDGE('',*,*,#1183,.F.);
#1544=ORIENTED_EDGE('',*,*,#1184,.F.);
#1545=ORIENTED_EDGE('',*,*,#1185,.F.);
#1546=ORIENTED_EDGE('',*,*,#1186,.F.);
#1547=ORIENTED_EDGE('',*,*,#1187,.F.);
#1548=ORIENTED_EDGE('',*,*,#1188,.F.);
#1549=ORIENTED_EDGE('',*,*,#1189,.F.);
#1550=ORIENTED_EDGE('',*,*,#1190,.F.);
#1551=ORIENTED_EDGE('',*,*,#1191,.F.);
#1552=ORIENTED_EDGE('',*,*,#1192,.F.);
#1553=ORIENTED_EDGE('',*,*,#1193,.F.);
#1554=ORIENTED_EDGE('',*,*,#1194,.F.);
#1555=ORIENTED_EDGE('',*,*,#1195,.F.);
#1556=ORIENTED_EDGE('',*,*,#1196,.F.);
#1557=ORIENTED_EDGE('',*,*,#1197,.F.);
#1558=ORIENTED_EDGE('',*,*,#1198,.F.);
#1559=ORIENTED_EDGE('',*,*,#1199,.F.);
#1560=ORIENTED_EDGE('',*,*,#1200,.F.);
#1561=ORIENTED_EDGE('',*,*,#1201,.F.);
#1562=ORIENTED_EDGE('',*,*,#1202,.F.);
#1563=ORIENTED_EDGE('',*,*,#1203,.F.);
#1564=ORIENTED_EDGE('',*,*,#1204,.F.);
#1565=ORIENTED_EDGE('',*,*,#1205,.F.);
#1566=ORIENTED_EDGE('',*,*,#1206,.F.);
#1567=ORIENTED_EDGE('',*,*,#1207,.F.);
#1568=ORIENTED_EDGE('',*,*,#1208,.F.);
#1569=ORIENTED_EDGE('',*,*,#1209,.F.);
#1570=ORIENTED_EDGE('',*,*,#1210,.F.);
#1571=ORIENTED_EDGE('',*,*,#1176,.F.);
#1572=ORIENTED_EDGE('',*,*,#1211,.T.);
#1573=ORIENTED_EDGE('',*,*,#1164,.T.);
#1574=ORIENTED_EDGE('',*,*,#1212,.T.);
#1575=ORIENTED_EDGE('',*,*,#1213,.T.);
#1576=ORIENTED_EDGE('',*,*,#1214,.T.);
#1577=ORIENTED_EDGE('',*,*,#1215,.T.);
#1578=ORIENTED_EDGE('',*,*,#1212,.F.);
#1579=ORIENTED_EDGE('',*,*,#1173,.T.);
#1580=ORIENTED_EDGE('',*,*,#1216,.T.);
#1581=ORIENTED_EDGE('',*,*,#1217,.T.);
#1582=ORIENTED_EDGE('',*,*,#1214,.F.);
#1583=ORIENTED_EDGE('',*,*,#1172,.T.);
#1584=ORIENTED_EDGE('',*,*,#1218,.T.);
#1585=ORIENTED_EDGE('',*,*,#1219,.T.);
#1586=ORIENTED_EDGE('',*,*,#1216,.F.);
#1587=ORIENTED_EDGE('',*,*,#1171,.T.);
#1588=ORIENTED_EDGE('',*,*,#1220,.T.);
#1589=ORIENTED_EDGE('',*,*,#1221,.T.);
#1590=ORIENTED_EDGE('',*,*,#1218,.F.);
#1591=ORIENTED_EDGE('',*,*,#1170,.T.);
#1592=ORIENTED_EDGE('',*,*,#1222,.T.);
#1593=ORIENTED_EDGE('',*,*,#1223,.T.);
#1594=ORIENTED_EDGE('',*,*,#1220,.F.);
#1595=ORIENTED_EDGE('',*,*,#1169,.T.);
#1596=ORIENTED_EDGE('',*,*,#1224,.T.);
#1597=ORIENTED_EDGE('',*,*,#1225,.T.);
#1598=ORIENTED_EDGE('',*,*,#1222,.F.);
#1599=ORIENTED_EDGE('',*,*,#1168,.T.);
#1600=ORIENTED_EDGE('',*,*,#1226,.T.);
#1601=ORIENTED_EDGE('',*,*,#1227,.T.);
#1602=ORIENTED_EDGE('',*,*,#1224,.F.);
#1603=ORIENTED_EDGE('',*,*,#1167,.T.);
#1604=ORIENTED_EDGE('',*,*,#1228,.T.);
#1605=ORIENTED_EDGE('',*,*,#1229,.T.);
#1606=ORIENTED_EDGE('',*,*,#1226,.F.);
#1607=ORIENTED_EDGE('',*,*,#1166,.T.);
#1608=ORIENTED_EDGE('',*,*,#1228,.F.);
#1609=ORIENTED_EDGE('',*,*,#1165,.T.);
#1610=ORIENTED_EDGE('',*,*,#1211,.F.);
#1611=ORIENTED_EDGE('',*,*,#1230,.T.);
#1612=ORIENTED_EDGE('',*,*,#1225,.F.);
#1613=ORIENTED_EDGE('',*,*,#1231,.T.);
#1614=ORIENTED_EDGE('',*,*,#1232,.T.);
#1615=ORIENTED_EDGE('',*,*,#1233,.T.);
#1616=ORIENTED_EDGE('',*,*,#1227,.F.);
#1617=ORIENTED_EDGE('',*,*,#1234,.F.);
#1618=ORIENTED_EDGE('',*,*,#1235,.T.);
#1619=ORIENTED_EDGE('',*,*,#1236,.F.);
#1620=ORIENTED_EDGE('',*,*,#1237,.T.);
#1621=ORIENTED_EDGE('',*,*,#1238,.F.);
#1622=ORIENTED_EDGE('',*,*,#1207,.T.);
#1623=ORIENTED_EDGE('',*,*,#1239,.F.);
#1624=ORIENTED_EDGE('',*,*,#1240,.T.);
#1625=ORIENTED_EDGE('',*,*,#1241,.F.);
#1626=ORIENTED_EDGE('',*,*,#1242,.T.);
#1627=ORIENTED_EDGE('',*,*,#1231,.F.);
#1628=ORIENTED_EDGE('',*,*,#1243,.T.);
#1629=ORIENTED_EDGE('',*,*,#1244,.F.);
#1630=ORIENTED_EDGE('',*,*,#1245,.T.);
#1631=ORIENTED_EDGE('',*,*,#1246,.F.);
#1632=ORIENTED_EDGE('',*,*,#1247,.T.);
#1633=ORIENTED_EDGE('',*,*,#1248,.F.);
#1634=ORIENTED_EDGE('',*,*,#1249,.T.);
#1635=ORIENTED_EDGE('',*,*,#1250,.F.);
#1636=ORIENTED_EDGE('',*,*,#1251,.T.);
#1637=ORIENTED_EDGE('',*,*,#1252,.F.);
#1638=ORIENTED_EDGE('',*,*,#1253,.T.);
#1639=ORIENTED_EDGE('',*,*,#1254,.F.);
#1640=ORIENTED_EDGE('',*,*,#1229,.F.);
#1641=ORIENTED_EDGE('',*,*,#1255,.T.);
#1642=ORIENTED_EDGE('',*,*,#1208,.T.);
#1643=ORIENTED_EDGE('',*,*,#1238,.T.);
#1644=ORIENTED_EDGE('',*,*,#1256,.T.);
#1645=ORIENTED_EDGE('',*,*,#1257,.F.);
#1646=ORIENTED_EDGE('',*,*,#1258,.T.);
#1647=ORIENTED_EDGE('',*,*,#1234,.T.);
#1648=ORIENTED_EDGE('',*,*,#1230,.F.);
#1649=ORIENTED_EDGE('',*,*,#1259,.F.);
#1650=ORIENTED_EDGE('',*,*,#1209,.T.);
#1651=ORIENTED_EDGE('',*,*,#1255,.F.);
#1652=ORIENTED_EDGE('',*,*,#1213,.F.);
#1653=ORIENTED_EDGE('',*,*,#1260,.T.);
#1654=ORIENTED_EDGE('',*,*,#1200,.T.);
#1655=ORIENTED_EDGE('',*,*,#1259,.T.);
#1656=ORIENTED_EDGE('',*,*,#1261,.T.);
#1657=ORIENTED_EDGE('',*,*,#1262,.T.);
#1658=ORIENTED_EDGE('',*,*,#1177,.T.);
#1659=ORIENTED_EDGE('',*,*,#1263,.T.);
#1660=ORIENTED_EDGE('',*,*,#1264,.T.);
#1661=ORIENTED_EDGE('',*,*,#1178,.T.);
#1662=ORIENTED_EDGE('',*,*,#1262,.F.);
#1663=ORIENTED_EDGE('',*,*,#1265,.T.);
#1664=ORIENTED_EDGE('',*,*,#1266,.T.);
#1665=ORIENTED_EDGE('',*,*,#1179,.T.);
#1666=ORIENTED_EDGE('',*,*,#1264,.F.);
#1667=ORIENTED_EDGE('',*,*,#1267,.T.);
#1668=ORIENTED_EDGE('',*,*,#1268,.T.);
#1669=ORIENTED_EDGE('',*,*,#1180,.T.);
#1670=ORIENTED_EDGE('',*,*,#1266,.F.);
#1671=ORIENTED_EDGE('',*,*,#1269,.T.);
#1672=ORIENTED_EDGE('',*,*,#1270,.T.);
#1673=ORIENTED_EDGE('',*,*,#1181,.T.);
#1674=ORIENTED_EDGE('',*,*,#1268,.F.);
#1675=ORIENTED_EDGE('',*,*,#1271,.T.);
#1676=ORIENTED_EDGE('',*,*,#1272,.T.);
#1677=ORIENTED_EDGE('',*,*,#1182,.T.);
#1678=ORIENTED_EDGE('',*,*,#1270,.F.);
#1679=ORIENTED_EDGE('',*,*,#1273,.T.);
#1680=ORIENTED_EDGE('',*,*,#1274,.T.);
#1681=ORIENTED_EDGE('',*,*,#1183,.T.);
#1682=ORIENTED_EDGE('',*,*,#1272,.F.);
#1683=ORIENTED_EDGE('',*,*,#1275,.T.);
#1684=ORIENTED_EDGE('',*,*,#1276,.T.);
#1685=ORIENTED_EDGE('',*,*,#1184,.T.);
#1686=ORIENTED_EDGE('',*,*,#1274,.F.);
#1687=ORIENTED_EDGE('',*,*,#1277,.T.);
#1688=ORIENTED_EDGE('',*,*,#1278,.T.);
#1689=ORIENTED_EDGE('',*,*,#1185,.T.);
#1690=ORIENTED_EDGE('',*,*,#1276,.F.);
#1691=ORIENTED_EDGE('',*,*,#1279,.T.);
#1692=ORIENTED_EDGE('',*,*,#1186,.T.);
#1693=ORIENTED_EDGE('',*,*,#1278,.F.);
#1694=ORIENTED_EDGE('',*,*,#1280,.T.);
#1695=ORIENTED_EDGE('',*,*,#1281,.T.);
#1696=ORIENTED_EDGE('',*,*,#1199,.T.);
#1697=ORIENTED_EDGE('',*,*,#1282,.T.);
#1698=ORIENTED_EDGE('',*,*,#1283,.T.);
#1699=ORIENTED_EDGE('',*,*,#1263,.F.);
#1700=ORIENTED_EDGE('',*,*,#1284,.T.);
#1701=ORIENTED_EDGE('',*,*,#1285,.T.);
#1702=ORIENTED_EDGE('',*,*,#1282,.F.);
#1703=ORIENTED_EDGE('',*,*,#1198,.T.);
#1704=ORIENTED_EDGE('',*,*,#1286,.T.);
#1705=ORIENTED_EDGE('',*,*,#1287,.T.);
#1706=ORIENTED_EDGE('',*,*,#1284,.F.);
#1707=ORIENTED_EDGE('',*,*,#1197,.T.);
#1708=ORIENTED_EDGE('',*,*,#1288,.T.);
#1709=ORIENTED_EDGE('',*,*,#1289,.T.);
#1710=ORIENTED_EDGE('',*,*,#1286,.F.);
#1711=ORIENTED_EDGE('',*,*,#1196,.T.);
#1712=ORIENTED_EDGE('',*,*,#1290,.T.);
#1713=ORIENTED_EDGE('',*,*,#1291,.T.);
#1714=ORIENTED_EDGE('',*,*,#1288,.F.);
#1715=ORIENTED_EDGE('',*,*,#1195,.T.);
#1716=ORIENTED_EDGE('',*,*,#1292,.T.);
#1717=ORIENTED_EDGE('',*,*,#1293,.T.);
#1718=ORIENTED_EDGE('',*,*,#1290,.F.);
#1719=ORIENTED_EDGE('',*,*,#1194,.T.);
#1720=ORIENTED_EDGE('',*,*,#1294,.T.);
#1721=ORIENTED_EDGE('',*,*,#1295,.T.);
#1722=ORIENTED_EDGE('',*,*,#1292,.F.);
#1723=ORIENTED_EDGE('',*,*,#1193,.T.);
#1724=ORIENTED_EDGE('',*,*,#1296,.T.);
#1725=ORIENTED_EDGE('',*,*,#1297,.T.);
#1726=ORIENTED_EDGE('',*,*,#1294,.F.);
#1727=ORIENTED_EDGE('',*,*,#1192,.T.);
#1728=ORIENTED_EDGE('',*,*,#1298,.T.);
#1729=ORIENTED_EDGE('',*,*,#1299,.T.);
#1730=ORIENTED_EDGE('',*,*,#1296,.F.);
#1731=ORIENTED_EDGE('',*,*,#1191,.T.);
#1732=ORIENTED_EDGE('',*,*,#1300,.T.);
#1733=ORIENTED_EDGE('',*,*,#1301,.T.);
#1734=ORIENTED_EDGE('',*,*,#1298,.F.);
#1735=ORIENTED_EDGE('',*,*,#1190,.T.);
#1736=ORIENTED_EDGE('',*,*,#1302,.T.);
#1737=ORIENTED_EDGE('',*,*,#1303,.T.);
#1738=ORIENTED_EDGE('',*,*,#1300,.F.);
#1739=ORIENTED_EDGE('',*,*,#1189,.T.);
#1740=ORIENTED_EDGE('',*,*,#1304,.T.);
#1741=ORIENTED_EDGE('',*,*,#1305,.T.);
#1742=ORIENTED_EDGE('',*,*,#1302,.F.);
#1743=ORIENTED_EDGE('',*,*,#1188,.T.);
#1744=ORIENTED_EDGE('',*,*,#1306,.T.);
#1745=ORIENTED_EDGE('',*,*,#1304,.F.);
#1746=ORIENTED_EDGE('',*,*,#1187,.T.);
#1747=ORIENTED_EDGE('',*,*,#1281,.F.);
#1748=ORIENTED_EDGE('',*,*,#1305,.F.);
#1749=ORIENTED_EDGE('',*,*,#1307,.T.);
#1750=ORIENTED_EDGE('',*,*,#1308,.F.);
#1751=ORIENTED_EDGE('',*,*,#1309,.F.);
#1752=ORIENTED_EDGE('',*,*,#1306,.F.);
#1753=ORIENTED_EDGE('',*,*,#1310,.T.);
#1754=ORIENTED_EDGE('',*,*,#1311,.F.);
#1755=ORIENTED_EDGE('',*,*,#1307,.F.);
#1756=ORIENTED_EDGE('',*,*,#1280,.F.);
#1757=ORIENTED_EDGE('',*,*,#1312,.T.);
#1758=ORIENTED_EDGE('',*,*,#1313,.F.);
#1759=ORIENTED_EDGE('',*,*,#1310,.F.);
#1760=ORIENTED_EDGE('',*,*,#1279,.F.);
#1761=ORIENTED_EDGE('',*,*,#1314,.F.);
#1762=ORIENTED_EDGE('',*,*,#1315,.F.);
#1763=ORIENTED_EDGE('',*,*,#1312,.F.);
#1764=ORIENTED_EDGE('',*,*,#1277,.F.);
#1765=ORIENTED_EDGE('',*,*,#1316,.T.);
#1766=ORIENTED_EDGE('',*,*,#1317,.F.);
#1767=ORIENTED_EDGE('',*,*,#1314,.T.);
#1768=ORIENTED_EDGE('',*,*,#1275,.F.);
#1769=ORIENTED_EDGE('',*,*,#1318,.F.);
#1770=ORIENTED_EDGE('',*,*,#1319,.F.);
#1771=ORIENTED_EDGE('',*,*,#1316,.F.);
#1772=ORIENTED_EDGE('',*,*,#1273,.F.);
#1773=ORIENTED_EDGE('',*,*,#1320,.T.);
#1774=ORIENTED_EDGE('',*,*,#1321,.F.);
#1775=ORIENTED_EDGE('',*,*,#1318,.T.);
#1776=ORIENTED_EDGE('',*,*,#1271,.F.);
#1777=ORIENTED_EDGE('',*,*,#1322,.F.);
#1778=ORIENTED_EDGE('',*,*,#1323,.F.);
#1779=ORIENTED_EDGE('',*,*,#1320,.F.);
#1780=ORIENTED_EDGE('',*,*,#1269,.F.);
#1781=ORIENTED_EDGE('',*,*,#1324,.T.);
#1782=ORIENTED_EDGE('',*,*,#1325,.F.);
#1783=ORIENTED_EDGE('',*,*,#1322,.T.);
#1784=ORIENTED_EDGE('',*,*,#1267,.F.);
#1785=ORIENTED_EDGE('',*,*,#1326,.F.);
#1786=ORIENTED_EDGE('',*,*,#1327,.F.);
#1787=ORIENTED_EDGE('',*,*,#1324,.F.);
#1788=ORIENTED_EDGE('',*,*,#1265,.F.);
#1789=ORIENTED_EDGE('',*,*,#1328,.T.);
#1790=ORIENTED_EDGE('',*,*,#1329,.F.);
#1791=ORIENTED_EDGE('',*,*,#1326,.T.);
#1792=ORIENTED_EDGE('',*,*,#1261,.F.);
#1793=ORIENTED_EDGE('',*,*,#1330,.T.);
#1794=ORIENTED_EDGE('',*,*,#1331,.F.);
#1795=ORIENTED_EDGE('',*,*,#1328,.F.);
#1796=ORIENTED_EDGE('',*,*,#1313,.T.);
#1797=ORIENTED_EDGE('',*,*,#1332,.T.);
#1798=ORIENTED_EDGE('',*,*,#1154,.T.);
#1799=ORIENTED_EDGE('',*,*,#1333,.T.);
#1800=ORIENTED_EDGE('',*,*,#1334,.T.);
#1801=ORIENTED_EDGE('',*,*,#1335,.T.);
#1802=ORIENTED_EDGE('',*,*,#1141,.T.);
#1803=ORIENTED_EDGE('',*,*,#1336,.T.);
#1804=ORIENTED_EDGE('',*,*,#1337,.T.);
#1805=ORIENTED_EDGE('',*,*,#1142,.T.);
#1806=ORIENTED_EDGE('',*,*,#1335,.F.);
#1807=ORIENTED_EDGE('',*,*,#1338,.T.);
#1808=ORIENTED_EDGE('',*,*,#1339,.T.);
#1809=ORIENTED_EDGE('',*,*,#1143,.T.);
#1810=ORIENTED_EDGE('',*,*,#1337,.F.);
#1811=ORIENTED_EDGE('',*,*,#1340,.T.);
#1812=ORIENTED_EDGE('',*,*,#1341,.T.);
#1813=ORIENTED_EDGE('',*,*,#1144,.T.);
#1814=ORIENTED_EDGE('',*,*,#1339,.F.);
#1815=ORIENTED_EDGE('',*,*,#1342,.T.);
#1816=ORIENTED_EDGE('',*,*,#1343,.T.);
#1817=ORIENTED_EDGE('',*,*,#1145,.T.);
#1818=ORIENTED_EDGE('',*,*,#1341,.F.);
#1819=ORIENTED_EDGE('',*,*,#1344,.T.);
#1820=ORIENTED_EDGE('',*,*,#1345,.T.);
#1821=ORIENTED_EDGE('',*,*,#1146,.T.);
#1822=ORIENTED_EDGE('',*,*,#1343,.F.);
#1823=ORIENTED_EDGE('',*,*,#1346,.T.);
#1824=ORIENTED_EDGE('',*,*,#1347,.T.);
#1825=ORIENTED_EDGE('',*,*,#1147,.T.);
#1826=ORIENTED_EDGE('',*,*,#1345,.F.);
#1827=ORIENTED_EDGE('',*,*,#1348,.T.);
#1828=ORIENTED_EDGE('',*,*,#1349,.T.);
#1829=ORIENTED_EDGE('',*,*,#1148,.T.);
#1830=ORIENTED_EDGE('',*,*,#1347,.F.);
#1831=ORIENTED_EDGE('',*,*,#1350,.T.);
#1832=ORIENTED_EDGE('',*,*,#1351,.T.);
#1833=ORIENTED_EDGE('',*,*,#1149,.T.);
#1834=ORIENTED_EDGE('',*,*,#1349,.F.);
#1835=ORIENTED_EDGE('',*,*,#1352,.T.);
#1836=ORIENTED_EDGE('',*,*,#1353,.T.);
#1837=ORIENTED_EDGE('',*,*,#1150,.T.);
#1838=ORIENTED_EDGE('',*,*,#1351,.F.);
#1839=ORIENTED_EDGE('',*,*,#1354,.T.);
#1840=ORIENTED_EDGE('',*,*,#1355,.T.);
#1841=ORIENTED_EDGE('',*,*,#1151,.T.);
#1842=ORIENTED_EDGE('',*,*,#1353,.F.);
#1843=ORIENTED_EDGE('',*,*,#1356,.T.);
#1844=ORIENTED_EDGE('',*,*,#1357,.T.);
#1845=ORIENTED_EDGE('',*,*,#1152,.T.);
#1846=ORIENTED_EDGE('',*,*,#1355,.F.);
#1847=ORIENTED_EDGE('',*,*,#1308,.T.);
#1848=ORIENTED_EDGE('',*,*,#1153,.T.);
#1849=ORIENTED_EDGE('',*,*,#1357,.F.);
#1850=ORIENTED_EDGE('',*,*,#1311,.T.);
#1851=ORIENTED_EDGE('',*,*,#1333,.F.);
#1852=ORIENTED_EDGE('',*,*,#1358,.T.);
#1853=ORIENTED_EDGE('',*,*,#1155,.T.);
#1854=ORIENTED_EDGE('',*,*,#1332,.F.);
#1855=ORIENTED_EDGE('',*,*,#1315,.T.);
#1856=ORIENTED_EDGE('',*,*,#1359,.T.);
#1857=ORIENTED_EDGE('',*,*,#1156,.T.);
#1858=ORIENTED_EDGE('',*,*,#1358,.F.);
#1859=ORIENTED_EDGE('',*,*,#1317,.T.);
#1860=ORIENTED_EDGE('',*,*,#1360,.T.);
#1861=ORIENTED_EDGE('',*,*,#1157,.T.);
#1862=ORIENTED_EDGE('',*,*,#1359,.F.);
#1863=ORIENTED_EDGE('',*,*,#1319,.T.);
#1864=ORIENTED_EDGE('',*,*,#1361,.T.);
#1865=ORIENTED_EDGE('',*,*,#1158,.T.);
#1866=ORIENTED_EDGE('',*,*,#1360,.F.);
#1867=ORIENTED_EDGE('',*,*,#1321,.T.);
#1868=ORIENTED_EDGE('',*,*,#1362,.T.);
#1869=ORIENTED_EDGE('',*,*,#1159,.T.);
#1870=ORIENTED_EDGE('',*,*,#1361,.F.);
#1871=ORIENTED_EDGE('',*,*,#1323,.T.);
#1872=ORIENTED_EDGE('',*,*,#1363,.T.);
#1873=ORIENTED_EDGE('',*,*,#1160,.T.);
#1874=ORIENTED_EDGE('',*,*,#1362,.F.);
#1875=ORIENTED_EDGE('',*,*,#1325,.T.);
#1876=ORIENTED_EDGE('',*,*,#1364,.T.);
#1877=ORIENTED_EDGE('',*,*,#1161,.T.);
#1878=ORIENTED_EDGE('',*,*,#1363,.F.);
#1879=ORIENTED_EDGE('',*,*,#1327,.T.);
#1880=ORIENTED_EDGE('',*,*,#1365,.T.);
#1881=ORIENTED_EDGE('',*,*,#1162,.T.);
#1882=ORIENTED_EDGE('',*,*,#1364,.F.);
#1883=ORIENTED_EDGE('',*,*,#1329,.T.);
#1884=ORIENTED_EDGE('',*,*,#1163,.T.);
#1885=ORIENTED_EDGE('',*,*,#1365,.F.);
#1886=ORIENTED_EDGE('',*,*,#1331,.T.);
#1887=ORIENTED_EDGE('',*,*,#1336,.F.);
#1888=ORIENTED_EDGE('',*,*,#1303,.F.);
#1889=ORIENTED_EDGE('',*,*,#1309,.T.);
#1890=ORIENTED_EDGE('',*,*,#1356,.F.);
#1891=ORIENTED_EDGE('',*,*,#1366,.F.);
#1892=ORIENTED_EDGE('',*,*,#1301,.F.);
#1893=ORIENTED_EDGE('',*,*,#1366,.T.);
#1894=ORIENTED_EDGE('',*,*,#1354,.F.);
#1895=ORIENTED_EDGE('',*,*,#1367,.F.);
#1896=ORIENTED_EDGE('',*,*,#1299,.F.);
#1897=ORIENTED_EDGE('',*,*,#1367,.T.);
#1898=ORIENTED_EDGE('',*,*,#1352,.F.);
#1899=ORIENTED_EDGE('',*,*,#1368,.F.);
#1900=ORIENTED_EDGE('',*,*,#1297,.F.);
#1901=ORIENTED_EDGE('',*,*,#1368,.T.);
#1902=ORIENTED_EDGE('',*,*,#1350,.F.);
#1903=ORIENTED_EDGE('',*,*,#1369,.F.);
#1904=ORIENTED_EDGE('',*,*,#1295,.F.);
#1905=ORIENTED_EDGE('',*,*,#1369,.T.);
#1906=ORIENTED_EDGE('',*,*,#1348,.F.);
#1907=ORIENTED_EDGE('',*,*,#1370,.F.);
#1908=ORIENTED_EDGE('',*,*,#1293,.F.);
#1909=ORIENTED_EDGE('',*,*,#1370,.T.);
#1910=ORIENTED_EDGE('',*,*,#1346,.F.);
#1911=ORIENTED_EDGE('',*,*,#1371,.F.);
#1912=ORIENTED_EDGE('',*,*,#1291,.F.);
#1913=ORIENTED_EDGE('',*,*,#1371,.T.);
#1914=ORIENTED_EDGE('',*,*,#1344,.F.);
#1915=ORIENTED_EDGE('',*,*,#1372,.F.);
#1916=ORIENTED_EDGE('',*,*,#1289,.F.);
#1917=ORIENTED_EDGE('',*,*,#1372,.T.);
#1918=ORIENTED_EDGE('',*,*,#1342,.F.);
#1919=ORIENTED_EDGE('',*,*,#1373,.F.);
#1920=ORIENTED_EDGE('',*,*,#1287,.F.);
#1921=ORIENTED_EDGE('',*,*,#1373,.T.);
#1922=ORIENTED_EDGE('',*,*,#1340,.F.);
#1923=ORIENTED_EDGE('',*,*,#1374,.F.);
#1924=ORIENTED_EDGE('',*,*,#1285,.F.);
#1925=ORIENTED_EDGE('',*,*,#1374,.T.);
#1926=ORIENTED_EDGE('',*,*,#1338,.F.);
#1927=ORIENTED_EDGE('',*,*,#1375,.F.);
#1928=ORIENTED_EDGE('',*,*,#1283,.F.);
#1929=ORIENTED_EDGE('',*,*,#1375,.T.);
#1930=ORIENTED_EDGE('',*,*,#1334,.F.);
#1931=ORIENTED_EDGE('',*,*,#1330,.F.);
#1932=ORIENTED_EDGE('',*,*,#1376,.T.);
#1933=ORIENTED_EDGE('',*,*,#1377,.T.);
#1934=ORIENTED_EDGE('',*,*,#1378,.T.);
#1935=ORIENTED_EDGE('',*,*,#1379,.T.);
#1936=ORIENTED_EDGE('',*,*,#1377,.F.);
#1937=ORIENTED_EDGE('',*,*,#1380,.F.);
#1938=ORIENTED_EDGE('',*,*,#1381,.F.);
#1939=ORIENTED_EDGE('',*,*,#1382,.T.);
#1940=ORIENTED_EDGE('',*,*,#1383,.T.);
#1941=ORIENTED_EDGE('',*,*,#1384,.T.);
#1942=ORIENTED_EDGE('',*,*,#1385,.T.);
#1943=ORIENTED_EDGE('',*,*,#1386,.T.);
#1944=ORIENTED_EDGE('',*,*,#1384,.F.);
#1945=ORIENTED_EDGE('',*,*,#1387,.T.);
#1946=ORIENTED_EDGE('',*,*,#1388,.F.);
#1947=ORIENTED_EDGE('',*,*,#1389,.F.);
#1948=ORIENTED_EDGE('',*,*,#1390,.T.);
#1949=ORIENTED_EDGE('',*,*,#1391,.T.);
#1950=ORIENTED_EDGE('',*,*,#1392,.T.);
#1951=ORIENTED_EDGE('',*,*,#1393,.T.);
#1952=ORIENTED_EDGE('',*,*,#1391,.F.);
#1953=ORIENTED_EDGE('',*,*,#1394,.F.);
#1954=ORIENTED_EDGE('',*,*,#1395,.F.);
#1955=ORIENTED_EDGE('',*,*,#1396,.T.);
#1956=ORIENTED_EDGE('',*,*,#1397,.T.);
#1957=ORIENTED_EDGE('',*,*,#1395,.T.);
#1958=ORIENTED_EDGE('',*,*,#1398,.T.);
#1959=ORIENTED_EDGE('',*,*,#1254,.T.);
#1960=ORIENTED_EDGE('',*,*,#1399,.T.);
#1961=ORIENTED_EDGE('',*,*,#1381,.T.);
#1962=ORIENTED_EDGE('',*,*,#1400,.T.);
#1963=ORIENTED_EDGE('',*,*,#1241,.T.);
#1964=ORIENTED_EDGE('',*,*,#1401,.T.);
#1965=ORIENTED_EDGE('',*,*,#1388,.T.);
#1966=ORIENTED_EDGE('',*,*,#1402,.T.);
#1967=ORIENTED_EDGE('',*,*,#1252,.T.);
#1968=ORIENTED_EDGE('',*,*,#1403,.T.);
#1969=ORIENTED_EDGE('',*,*,#1404,.T.);
#1970=ORIENTED_EDGE('',*,*,#1405,.T.);
#1971=ORIENTED_EDGE('',*,*,#1250,.T.);
#1972=ORIENTED_EDGE('',*,*,#1404,.F.);
#1973=ORIENTED_EDGE('',*,*,#1406,.F.);
#1974=ORIENTED_EDGE('',*,*,#1407,.F.);
#1975=ORIENTED_EDGE('',*,*,#1408,.T.);
#1976=ORIENTED_EDGE('',*,*,#1409,.T.);
#1977=ORIENTED_EDGE('',*,*,#1407,.T.);
#1978=ORIENTED_EDGE('',*,*,#1410,.T.);
#1979=ORIENTED_EDGE('',*,*,#1411,.T.);
#1980=ORIENTED_EDGE('',*,*,#1412,.T.);
#1981=ORIENTED_EDGE('',*,*,#1413,.T.);
#1982=ORIENTED_EDGE('',*,*,#1414,.T.);
#1983=ORIENTED_EDGE('',*,*,#1415,.T.);
#1984=ORIENTED_EDGE('',*,*,#1413,.F.);
#1985=ORIENTED_EDGE('',*,*,#1416,.F.);
#1986=ORIENTED_EDGE('',*,*,#1417,.F.);
#1987=ORIENTED_EDGE('',*,*,#1418,.T.);
#1988=ORIENTED_EDGE('',*,*,#1419,.T.);
#1989=ORIENTED_EDGE('',*,*,#1417,.T.);
#1990=ORIENTED_EDGE('',*,*,#1420,.T.);
#1991=ORIENTED_EDGE('',*,*,#1421,.T.);
#1992=ORIENTED_EDGE('',*,*,#1422,.T.);
#1993=ORIENTED_EDGE('',*,*,#1423,.T.);
#1994=ORIENTED_EDGE('',*,*,#1424,.T.);
#1995=ORIENTED_EDGE('',*,*,#1425,.T.);
#1996=ORIENTED_EDGE('',*,*,#1423,.F.);
#1997=ORIENTED_EDGE('',*,*,#1426,.F.);
#1998=ORIENTED_EDGE('',*,*,#1427,.F.);
#1999=ORIENTED_EDGE('',*,*,#1428,.T.);
#2000=ORIENTED_EDGE('',*,*,#1429,.T.);
#2001=ORIENTED_EDGE('',*,*,#1427,.T.);
#2002=ORIENTED_EDGE('',*,*,#1430,.T.);
#2003=ORIENTED_EDGE('',*,*,#1248,.T.);
#2004=ORIENTED_EDGE('',*,*,#1431,.T.);
#2005=ORIENTED_EDGE('',*,*,#1432,.T.);
#2006=ORIENTED_EDGE('',*,*,#1433,.T.);
#2007=ORIENTED_EDGE('',*,*,#1246,.T.);
#2008=ORIENTED_EDGE('',*,*,#1432,.F.);
#2009=ORIENTED_EDGE('',*,*,#1434,.T.);
#2010=ORIENTED_EDGE('',*,*,#1435,.F.);
#2011=ORIENTED_EDGE('',*,*,#1436,.F.);
#2012=ORIENTED_EDGE('',*,*,#1437,.T.);
#2013=ORIENTED_EDGE('',*,*,#1435,.T.);
#2014=ORIENTED_EDGE('',*,*,#1438,.F.);
#2015=ORIENTED_EDGE('',*,*,#1236,.T.);
#2016=ORIENTED_EDGE('',*,*,#1439,.T.);
#2017=ORIENTED_EDGE('',*,*,#1440,.T.);
#2018=ORIENTED_EDGE('',*,*,#1441,.T.);
#2019=ORIENTED_EDGE('',*,*,#1257,.T.);
#2020=ORIENTED_EDGE('',*,*,#1440,.F.);
#2021=ORIENTED_EDGE('',*,*,#1442,.T.);
#2022=ORIENTED_EDGE('',*,*,#1443,.F.);
#2023=ORIENTED_EDGE('',*,*,#1444,.F.);
#2024=ORIENTED_EDGE('',*,*,#1445,.T.);
#2025=ORIENTED_EDGE('',*,*,#1443,.T.);
#2026=ORIENTED_EDGE('',*,*,#1446,.T.);
#2027=ORIENTED_EDGE('',*,*,#1447,.T.);
#2028=ORIENTED_EDGE('',*,*,#1448,.T.);
#2029=ORIENTED_EDGE('',*,*,#1449,.T.);
#2030=ORIENTED_EDGE('',*,*,#1450,.T.);
#2031=ORIENTED_EDGE('',*,*,#1451,.T.);
#2032=ORIENTED_EDGE('',*,*,#1449,.F.);
#2033=ORIENTED_EDGE('',*,*,#1452,.T.);
#2034=ORIENTED_EDGE('',*,*,#1453,.F.);
#2035=ORIENTED_EDGE('',*,*,#1454,.F.);
#2036=ORIENTED_EDGE('',*,*,#1455,.T.);
#2037=ORIENTED_EDGE('',*,*,#1453,.T.);
#2038=ORIENTED_EDGE('',*,*,#1456,.T.);
#2039=ORIENTED_EDGE('',*,*,#1244,.T.);
#2040=ORIENTED_EDGE('',*,*,#1256,.F.);
#2041=ORIENTED_EDGE('',*,*,#1237,.F.);
#2042=ORIENTED_EDGE('',*,*,#1438,.T.);
#2043=ORIENTED_EDGE('',*,*,#1434,.F.);
#2044=ORIENTED_EDGE('',*,*,#1431,.F.);
#2045=ORIENTED_EDGE('',*,*,#1245,.F.);
#2046=ORIENTED_EDGE('',*,*,#1456,.F.);
#2047=ORIENTED_EDGE('',*,*,#1452,.F.);
#2048=ORIENTED_EDGE('',*,*,#1448,.F.);
#2049=ORIENTED_EDGE('',*,*,#1457,.F.);
#2050=ORIENTED_EDGE('',*,*,#1446,.F.);
#2051=ORIENTED_EDGE('',*,*,#1442,.F.);
#2052=ORIENTED_EDGE('',*,*,#1439,.F.);
#2053=ORIENTED_EDGE('',*,*,#1215,.F.);
#2054=ORIENTED_EDGE('',*,*,#1458,.F.);
#2055=ORIENTED_EDGE('',*,*,#1459,.T.);
#2056=ORIENTED_EDGE('',*,*,#1379,.F.);
#2057=ORIENTED_EDGE('',*,*,#1460,.T.);
#2058=ORIENTED_EDGE('',*,*,#1461,.F.);
#2059=ORIENTED_EDGE('',*,*,#1201,.T.);
#2060=ORIENTED_EDGE('',*,*,#1260,.F.);
#2061=ORIENTED_EDGE('',*,*,#1462,.T.);
#2062=ORIENTED_EDGE('',*,*,#1393,.F.);
#2063=ORIENTED_EDGE('',*,*,#1463,.T.);
#2064=ORIENTED_EDGE('',*,*,#1386,.F.);
#2065=ORIENTED_EDGE('',*,*,#1464,.T.);
#2066=ORIENTED_EDGE('',*,*,#1415,.F.);
#2067=ORIENTED_EDGE('',*,*,#1465,.T.);
#2068=ORIENTED_EDGE('',*,*,#1411,.F.);
#2069=ORIENTED_EDGE('',*,*,#1466,.T.);
#2070=ORIENTED_EDGE('',*,*,#1425,.F.);
#2071=ORIENTED_EDGE('',*,*,#1467,.T.);
#2072=ORIENTED_EDGE('',*,*,#1421,.F.);
#2073=ORIENTED_EDGE('',*,*,#1457,.T.);
#2074=ORIENTED_EDGE('',*,*,#1451,.F.);
#2075=ORIENTED_EDGE('',*,*,#1468,.T.);
#2076=ORIENTED_EDGE('',*,*,#1447,.F.);
#2077=ORIENTED_EDGE('',*,*,#1469,.F.);
#2078=ORIENTED_EDGE('',*,*,#1470,.F.);
#2079=ORIENTED_EDGE('',*,*,#1471,.F.);
#2080=ORIENTED_EDGE('',*,*,#1472,.F.);
#2081=ORIENTED_EDGE('',*,*,#1473,.F.);
#2082=ORIENTED_EDGE('',*,*,#1460,.F.);
#2083=ORIENTED_EDGE('',*,*,#1378,.F.);
#2084=ORIENTED_EDGE('',*,*,#1382,.F.);
#2085=ORIENTED_EDGE('',*,*,#1399,.F.);
#2086=ORIENTED_EDGE('',*,*,#1240,.F.);
#2087=ORIENTED_EDGE('',*,*,#1472,.T.);
#2088=ORIENTED_EDGE('',*,*,#1474,.F.);
#2089=ORIENTED_EDGE('',*,*,#1203,.T.);
#2090=ORIENTED_EDGE('',*,*,#1475,.F.);
#2091=ORIENTED_EDGE('',*,*,#1471,.T.);
#2092=ORIENTED_EDGE('',*,*,#1476,.T.);
#2093=ORIENTED_EDGE('',*,*,#1204,.T.);
#2094=ORIENTED_EDGE('',*,*,#1474,.T.);
#2095=ORIENTED_EDGE('',*,*,#1470,.T.);
#2096=ORIENTED_EDGE('',*,*,#1477,.F.);
#2097=ORIENTED_EDGE('',*,*,#1205,.T.);
#2098=ORIENTED_EDGE('',*,*,#1476,.F.);
#2099=ORIENTED_EDGE('',*,*,#1469,.T.);
#2100=ORIENTED_EDGE('',*,*,#1239,.T.);
#2101=ORIENTED_EDGE('',*,*,#1206,.T.);
#2102=ORIENTED_EDGE('',*,*,#1477,.T.);
#2103=ORIENTED_EDGE('',*,*,#1465,.F.);
#2104=ORIENTED_EDGE('',*,*,#1414,.F.);
#2105=ORIENTED_EDGE('',*,*,#1418,.F.);
#2106=ORIENTED_EDGE('',*,*,#1419,.F.);
#2107=ORIENTED_EDGE('',*,*,#1467,.F.);
#2108=ORIENTED_EDGE('',*,*,#1424,.F.);
#2109=ORIENTED_EDGE('',*,*,#1428,.F.);
#2110=ORIENTED_EDGE('',*,*,#1429,.F.);
#2111=ORIENTED_EDGE('',*,*,#1247,.F.);
#2112=ORIENTED_EDGE('',*,*,#1405,.F.);
#2113=ORIENTED_EDGE('',*,*,#1408,.F.);
#2114=ORIENTED_EDGE('',*,*,#1409,.F.);
#2115=ORIENTED_EDGE('',*,*,#1253,.F.);
#2116=ORIENTED_EDGE('',*,*,#1402,.F.);
#2117=ORIENTED_EDGE('',*,*,#1387,.F.);
#2118=ORIENTED_EDGE('',*,*,#1383,.F.);
#2119=ORIENTED_EDGE('',*,*,#1463,.F.);
#2120=ORIENTED_EDGE('',*,*,#1392,.F.);
#2121=ORIENTED_EDGE('',*,*,#1396,.F.);
#2122=ORIENTED_EDGE('',*,*,#1397,.F.);
#2123=ORIENTED_EDGE('',*,*,#1258,.F.);
#2124=ORIENTED_EDGE('',*,*,#1441,.F.);
#2125=ORIENTED_EDGE('',*,*,#1444,.T.);
#2126=ORIENTED_EDGE('',*,*,#1445,.F.);
#2127=ORIENTED_EDGE('',*,*,#1468,.F.);
#2128=ORIENTED_EDGE('',*,*,#1450,.F.);
#2129=ORIENTED_EDGE('',*,*,#1454,.T.);
#2130=ORIENTED_EDGE('',*,*,#1455,.F.);
#2131=ORIENTED_EDGE('',*,*,#1243,.F.);
#2132=ORIENTED_EDGE('',*,*,#1433,.F.);
#2133=ORIENTED_EDGE('',*,*,#1436,.T.);
#2134=ORIENTED_EDGE('',*,*,#1437,.F.);
#2135=ORIENTED_EDGE('',*,*,#1235,.F.);
#2136=ORIENTED_EDGE('',*,*,#1232,.F.);
#2137=ORIENTED_EDGE('',*,*,#1242,.F.);
#2138=ORIENTED_EDGE('',*,*,#1400,.F.);
#2139=ORIENTED_EDGE('',*,*,#1380,.T.);
#2140=ORIENTED_EDGE('',*,*,#1376,.F.);
#2141=ORIENTED_EDGE('',*,*,#1459,.F.);
#2142=ORIENTED_EDGE('',*,*,#1478,.F.);
#2143=ORIENTED_EDGE('',*,*,#1479,.F.);
#2144=ORIENTED_EDGE('',*,*,#1480,.F.);
#2145=ORIENTED_EDGE('',*,*,#1481,.F.);
#2146=ORIENTED_EDGE('',*,*,#1217,.F.);
#2147=ORIENTED_EDGE('',*,*,#1482,.T.);
#2148=ORIENTED_EDGE('',*,*,#1478,.T.);
#2149=ORIENTED_EDGE('',*,*,#1458,.T.);
#2150=ORIENTED_EDGE('',*,*,#1473,.T.);
#2151=ORIENTED_EDGE('',*,*,#1475,.T.);
#2152=ORIENTED_EDGE('',*,*,#1202,.T.);
#2153=ORIENTED_EDGE('',*,*,#1461,.T.);
#2154=ORIENTED_EDGE('',*,*,#1219,.F.);
#2155=ORIENTED_EDGE('',*,*,#1483,.F.);
#2156=ORIENTED_EDGE('',*,*,#1479,.T.);
#2157=ORIENTED_EDGE('',*,*,#1482,.F.);
#2158=ORIENTED_EDGE('',*,*,#1221,.F.);
#2159=ORIENTED_EDGE('',*,*,#1484,.T.);
#2160=ORIENTED_EDGE('',*,*,#1480,.T.);
#2161=ORIENTED_EDGE('',*,*,#1483,.T.);
#2162=ORIENTED_EDGE('',*,*,#1223,.F.);
#2163=ORIENTED_EDGE('',*,*,#1233,.F.);
#2164=ORIENTED_EDGE('',*,*,#1481,.T.);
#2165=ORIENTED_EDGE('',*,*,#1484,.F.);
#2166=ORIENTED_EDGE('',*,*,#1464,.F.);
#2167=ORIENTED_EDGE('',*,*,#1410,.F.);
#2168=ORIENTED_EDGE('',*,*,#1406,.T.);
#2169=ORIENTED_EDGE('',*,*,#1403,.F.);
#2170=ORIENTED_EDGE('',*,*,#1249,.F.);
#2171=ORIENTED_EDGE('',*,*,#1430,.F.);
#2172=ORIENTED_EDGE('',*,*,#1426,.T.);
#2173=ORIENTED_EDGE('',*,*,#1422,.F.);
#2174=ORIENTED_EDGE('',*,*,#1466,.F.);
#2175=ORIENTED_EDGE('',*,*,#1420,.F.);
#2176=ORIENTED_EDGE('',*,*,#1416,.T.);
#2177=ORIENTED_EDGE('',*,*,#1412,.F.);
#2178=ORIENTED_EDGE('',*,*,#1251,.F.);
#2179=ORIENTED_EDGE('',*,*,#1398,.F.);
#2180=ORIENTED_EDGE('',*,*,#1394,.T.);
#2181=ORIENTED_EDGE('',*,*,#1390,.F.);
#2182=ORIENTED_EDGE('',*,*,#1462,.F.);
#2183=ORIENTED_EDGE('',*,*,#1385,.F.);
#2184=ORIENTED_EDGE('',*,*,#1389,.T.);
#2185=ORIENTED_EDGE('',*,*,#1401,.F.);
#2186=ORIENTED_EDGE('',*,*,#1174,.F.);
#2187=ORIENTED_EDGE('',*,*,#1485,.T.);
#2188=ORIENTED_EDGE('',*,*,#1210,.T.);
#2189=ORIENTED_EDGE('',*,*,#1485,.F.);
#2190=TOROIDAL_SURFACE('',#2372,3.41865,0.25);
#2191=TOROIDAL_SURFACE('',#2401,3.41865,0.25);
#2192=TOROIDAL_SURFACE('',#2425,6.5,1.);
#2193=TOROIDAL_SURFACE('',#2431,5.,1.);
#2194=TOROIDAL_SURFACE('',#2436,5.,1.);
#2195=TOROIDAL_SURFACE('',#2441,5.,1.);
#2196=TOROIDAL_SURFACE('',#2446,17.5,1.);
#2197=TOROIDAL_SURFACE('',#2458,2.5875,1.);
#2198=TOROIDAL_SURFACE('',#2461,3.,1.);
#2199=TOROIDAL_SURFACE('',#2466,2.,1.);
#2200=TOROIDAL_SURFACE('',#2471,15.5,1.);
#2201=TOROIDAL_SURFACE('',#2476,5.,1.);
#2202=TOROIDAL_SURFACE('',#2479,2.23627773502828,1.);
#2203=TOROIDAL_SURFACE('',#2482,2.5875,1.);
#2204=TOROIDAL_SURFACE('',#2486,4.38125,1.);
#2205=TOROIDAL_SURFACE('',#2491,2.58748478759034,1.);
#2206=TOROIDAL_SURFACE('',#2494,1.5000000000007,1.);
#2207=TOROIDAL_SURFACE('',#2503,1.49999999999977,1.);
#2208=TOROIDAL_SURFACE('',#2506,2.58748478759032,1.);
#2209=TOROIDAL_SURFACE('',#2511,4.38125,1.);
#2210=TOROIDAL_SURFACE('',#2535,2.5875,1.);
#2211=TOROIDAL_SURFACE('',#2539,4.38125,1.);
#2212=TOROIDAL_SURFACE('',#2544,2.58748478759034,1.);
#2213=TOROIDAL_SURFACE('',#2547,1.5000000000007,1.);
#2214=TOROIDAL_SURFACE('',#2556,1.49999999999977,1.);
#2215=TOROIDAL_SURFACE('',#2559,2.58748478759032,1.);
#2216=TOROIDAL_SURFACE('',#2564,4.38125,1.);
#2217=TOROIDAL_SURFACE('',#2567,2.23627773502828,1.);
#2218=TOROIDAL_SURFACE('',#2569,5.,1.);
#2219=TOROIDAL_SURFACE('',#2573,15.5,1.);
#2220=TOROIDAL_SURFACE('',#2577,2.,1.);
#2221=TOROIDAL_SURFACE('',#2581,3.,1.);
#2222=TOROIDAL_SURFACE('',#2583,2.5875,1.);
#2223=ADVANCED_FACE('',(#440),#2190,.T.);
#2224=ADVANCED_FACE('',(#441),#366,.F.);
#2225=ADVANCED_FACE('',(#442,#21,#22,#23),#34,.T.);
#2226=ADVANCED_FACE('',(#443),#2191,.T.);
#2227=ADVANCED_FACE('',(#444,#24,#25,#26),#35,.F.);
#2228=ADVANCED_FACE('',(#445),#2192,.T.);
#2229=ADVANCED_FACE('',(#446),#367,.T.);
#2230=ADVANCED_FACE('',(#447),#2193,.T.);
#2231=ADVANCED_FACE('',(#448),#368,.T.);
#2232=ADVANCED_FACE('',(#449),#2194,.T.);
#2233=ADVANCED_FACE('',(#450),#369,.T.);
#2234=ADVANCED_FACE('',(#451),#2195,.T.);
#2235=ADVANCED_FACE('',(#452),#370,.T.);
#2236=ADVANCED_FACE('',(#453),#2196,.T.);
#2237=ADVANCED_FACE('',(#454),#371,.T.);
#2238=ADVANCED_FACE('',(#455),#372,.F.);
#2239=ADVANCED_FACE('',(#456,#27,#28,#29),#36,.T.);
#2240=ADVANCED_FACE('',(#457),#373,.F.);
#2241=ADVANCED_FACE('',(#458),#37,.T.);
#2242=ADVANCED_FACE('',(#459),#374,.F.);
#2243=ADVANCED_FACE('',(#460),#2197,.T.);
#2244=ADVANCED_FACE('',(#461),#2198,.T.);
#2245=ADVANCED_FACE('',(#462),#375,.T.);
#2246=ADVANCED_FACE('',(#463),#2199,.T.);
#2247=ADVANCED_FACE('',(#464),#376,.T.);
#2248=ADVANCED_FACE('',(#465),#2200,.T.);
#2249=ADVANCED_FACE('',(#466),#377,.T.);
#2250=ADVANCED_FACE('',(#467),#2201,.T.);
#2251=ADVANCED_FACE('',(#468),#2202,.T.);
#2252=ADVANCED_FACE('',(#469),#2203,.T.);
#2253=ADVANCED_FACE('',(#470),#378,.T.);
#2254=ADVANCED_FACE('',(#471),#2204,.T.);
#2255=ADVANCED_FACE('',(#472),#379,.T.);
#2256=ADVANCED_FACE('',(#473),#2205,.T.);
#2257=ADVANCED_FACE('',(#474),#2206,.T.);
#2258=ADVANCED_FACE('',(#475),#380,.T.);
#2259=ADVANCED_FACE('',(#476),#15,.F.);
#2260=ADVANCED_FACE('',(#477),#381,.T.);
#2261=ADVANCED_FACE('',(#478),#2207,.T.);
#2262=ADVANCED_FACE('',(#479),#2208,.T.);
#2263=ADVANCED_FACE('',(#480),#382,.T.);
#2264=ADVANCED_FACE('',(#481),#2209,.T.);
#2265=ADVANCED_FACE('',(#482),#383,.T.);
#2266=ADVANCED_FACE('',(#483),#384,.T.);
#2267=ADVANCED_FACE('',(#484),#38,.T.);
#2268=ADVANCED_FACE('',(#485),#385,.F.);
#2269=ADVANCED_FACE('',(#486),#386,.T.);
#2270=ADVANCED_FACE('',(#487),#387,.F.);
#2271=ADVANCED_FACE('',(#488),#39,.T.);
#2272=ADVANCED_FACE('',(#489),#388,.T.);
#2273=ADVANCED_FACE('',(#490),#40,.T.);
#2274=ADVANCED_FACE('',(#491),#389,.T.);
#2275=ADVANCED_FACE('',(#492),#41,.T.);
#2276=ADVANCED_FACE('',(#493),#390,.T.);
#2277=ADVANCED_FACE('',(#494),#391,.F.);
#2278=ADVANCED_FACE('',(#495),#2210,.T.);
#2279=ADVANCED_FACE('',(#496),#392,.T.);
#2280=ADVANCED_FACE('',(#497),#2211,.T.);
#2281=ADVANCED_FACE('',(#498),#393,.T.);
#2282=ADVANCED_FACE('',(#499),#2212,.T.);
#2283=ADVANCED_FACE('',(#500),#2213,.T.);
#2284=ADVANCED_FACE('',(#501),#394,.T.);
#2285=ADVANCED_FACE('',(#502),#16,.F.);
#2286=ADVANCED_FACE('',(#503),#395,.T.);
#2287=ADVANCED_FACE('',(#504),#2214,.T.);
#2288=ADVANCED_FACE('',(#505),#2215,.T.);
#2289=ADVANCED_FACE('',(#506),#396,.T.);
#2290=ADVANCED_FACE('',(#507),#2216,.T.);
#2291=ADVANCED_FACE('',(#508),#397,.T.);
#2292=ADVANCED_FACE('',(#509),#2217,.T.);
#2293=ADVANCED_FACE('',(#510),#2218,.T.);
#2294=ADVANCED_FACE('',(#511),#398,.T.);
#2295=ADVANCED_FACE('',(#512),#2219,.T.);
#2296=ADVANCED_FACE('',(#513),#399,.T.);
#2297=ADVANCED_FACE('',(#514),#2220,.T.);
#2298=ADVANCED_FACE('',(#515),#400,.T.);
#2299=ADVANCED_FACE('',(#516),#2221,.T.);
#2300=ADVANCED_FACE('',(#517),#2222,.T.);
#2301=ADVANCED_FACE('',(#518),#42,.T.);
#2302=ADVANCED_FACE('',(#519),#401,.F.);
#2303=ADVANCED_FACE('',(#520),#402,.T.);
#2304=ADVANCED_FACE('',(#521),#43,.T.);
#2305=ADVANCED_FACE('',(#522),#403,.T.);
#2306=ADVANCED_FACE('',(#523),#44,.T.);
#2307=ADVANCED_FACE('',(#524),#404,.T.);
#2308=ADVANCED_FACE('',(#525),#405,.F.);
#2309=ADVANCED_FACE('',(#526),#45,.T.);
#2310=ADVANCED_FACE('',(#527),#406,.T.);
#2311=ADVANCED_FACE('',(#528),#46,.T.);
#2312=ADVANCED_FACE('',(#529),#407,.F.);
#2313=ADVANCED_FACE('',(#530),#408,.F.);
#2314=ADVANCED_FACE('',(#531),#409,.F.);
#2315=ADVANCED_FACE('',(#532),#410,.F.);
#2316=ADVANCED_FACE('',(#533),#411,.F.);
#2317=ADVANCED_FACE('',(#534),#412,.T.);
#2318=ADVANCED_FACE('',(#535),#413,.F.);
#2319=ADVANCED_FACE('',(#536),#414,.F.);
#2320=ADVANCED_FACE('',(#537),#415,.F.);
#2321=ADVANCED_FACE('',(#538),#416,.F.);
#2322=ADVANCED_FACE('',(#539),#417,.T.);
#2323=ADVANCED_FACE('',(#540),#418,.F.);
#2324=ADVANCED_FACE('',(#541),#419,.F.);
#2325=ADVANCED_FACE('',(#542),#420,.F.);
#2326=ADVANCED_FACE('',(#543),#421,.F.);
#2327=ADVANCED_FACE('',(#544),#422,.F.);
#2328=ADVANCED_FACE('',(#545),#423,.T.);
#2329=ADVANCED_FACE('',(#546),#424,.F.);
#2330=ADVANCED_FACE('',(#547),#425,.F.);
#2331=ADVANCED_FACE('',(#548),#426,.F.);
#2332=ADVANCED_FACE('',(#549),#427,.F.);
#2333=ADVANCED_FACE('',(#550),#428,.F.);
#2334=ADVANCED_FACE('',(#551),#429,.T.);
#2335=ADVANCED_FACE('',(#552),#430,.F.);
#2336=ADVANCED_FACE('',(#553),#431,.F.);
#2337=ADVANCED_FACE('',(#554),#432,.T.);
#2338=ADVANCED_FACE('',(#555),#433,.F.);
#2339=ADVANCED_FACE('',(#556),#47,.F.);
#2340=ADVANCED_FACE('',(#557,#30,#31,#32,#33),#48,.T.);
#2341=ADVANCED_FACE('',(#558),#49,.F.);
#2342=ADVANCED_FACE('',(#559),#50,.T.);
#2343=ADVANCED_FACE('',(#560),#434,.F.);
#2344=ADVANCED_FACE('',(#561),#51,.T.);
#2345=ADVANCED_FACE('',(#562),#435,.F.);
#2346=ADVANCED_FACE('',(#563),#52,.F.);
#2347=ADVANCED_FACE('',(#564),#53,.F.);
#2348=ADVANCED_FACE('',(#565),#54,.T.);
#2349=ADVANCED_FACE('',(#566),#55,.T.);
#2350=ADVANCED_FACE('',(#567),#436,.F.);
#2351=ADVANCED_FACE('',(#568),#437,.F.);
#2352=ADVANCED_FACE('',(#569),#56,.T.);
#2353=ADVANCED_FACE('',(#570),#438,.F.);
#2354=ADVANCED_FACE('',(#571),#57,.T.);
#2355=ADVANCED_FACE('',(#572),#58,.T.);
#2356=ADVANCED_FACE('',(#573),#59,.T.);
#2357=ADVANCED_FACE('',(#574),#439,.F.);
#2358=CLOSED_SHELL('',(#2223,#2224,#2225,#2226,#2227,#2228,#2229,#2230,
#2231,#2232,#2233,#2234,#2235,#2236,#2237,#2238,#2239,#2240,#2241,#2242,
#2243,#2244,#2245,#2246,#2247,#2248,#2249,#2250,#2251,#2252,#2253,#2254,
#2255,#2256,#2257,#2258,#2259,#2260,#2261,#2262,#2263,#2264,#2265,#2266,
#2267,#2268,#2269,#2270,#2271,#2272,#2273,#2274,#2275,#2276,#2277,#2278,
#2279,#2280,#2281,#2282,#2283,#2284,#2285,#2286,#2287,#2288,#2289,#2290,
#2291,#2292,#2293,#2294,#2295,#2296,#2297,#2298,#2299,#2300,#2301,#2302,
#2303,#2304,#2305,#2306,#2307,#2308,#2309,#2310,#2311,#2312,#2313,#2314,
#2315,#2316,#2317,#2318,#2319,#2320,#2321,#2322,#2323,#2324,#2325,#2326,
#2327,#2328,#2329,#2330,#2331,#2332,#2333,#2334,#2335,#2336,#2337,#2338,
#2339,#2340,#2341,#2342,#2343,#2344,#2345,#2346,#2347,#2348,#2349,#2350,
#2351,#2352,#2353,#2354,#2355,#2356,#2357));
#2359=DERIVED_UNIT_ELEMENT(#2361,1.);
#2360=DERIVED_UNIT_ELEMENT(#4280,-3.);
#2361=(
MASS_UNIT()
NAMED_UNIT(*)
SI_UNIT(.KILO.,.GRAM.)
);
#2362=DERIVED_UNIT((#2359,#2360));
#2363=MEASURE_REPRESENTATION_ITEM('density measure',
POSITIVE_RATIO_MEASURE(7850.),#2362);
#2364=PROPERTY_DEFINITION_REPRESENTATION(#2369,#2366);
#2365=PROPERTY_DEFINITION_REPRESENTATION(#2370,#2367);
#2366=REPRESENTATION('material name',(#2368),#4277);
#2367=REPRESENTATION('density',(#2363),#4277);
#2368=DESCRIPTIVE_REPRESENTATION_ITEM('Steel','Steel');
#2369=PROPERTY_DEFINITION('material property','material name',#4287);
#2370=PROPERTY_DEFINITION('material property','density of part',#4287);
#2371=AXIS2_PLACEMENT_3D('',#3511,#2700,#2701);
#2372=AXIS2_PLACEMENT_3D('',#3512,#2702,#2703);
#2373=AXIS2_PLACEMENT_3D('',#3514,#2704,#2705);
#2374=AXIS2_PLACEMENT_3D('',#3516,#2706,#2707);
#2375=AXIS2_PLACEMENT_3D('',#3518,#2708,#2709);
#2376=AXIS2_PLACEMENT_3D('',#3519,#2710,#2711);
#2377=AXIS2_PLACEMENT_3D('',#3520,#2712,#2713);
#2378=AXIS2_PLACEMENT_3D('',#3524,#2715,#2716);
#2379=AXIS2_PLACEMENT_3D('',#3525,#2717,#2718);
#2380=AXIS2_PLACEMENT_3D('',#3526,#2719,#2720);
#2381=AXIS2_PLACEMENT_3D('',#3531,#2722,#2723);
#2382=AXIS2_PLACEMENT_3D('',#3535,#2725,#2726);
#2383=AXIS2_PLACEMENT_3D('',#3537,#2727,#2728);
#2384=AXIS2_PLACEMENT_3D('',#3541,#2730,#2731);
#2385=AXIS2_PLACEMENT_3D('',#3545,#2733,#2734);
#2386=AXIS2_PLACEMENT_3D('',#3547,#2735,#2736);
#2387=AXIS2_PLACEMENT_3D('',#3551,#2738,#2739);
#2388=AXIS2_PLACEMENT_3D('',#3555,#2741,#2742);
#2389=AXIS2_PLACEMENT_3D('',#3557,#2743,#2744);
#2390=AXIS2_PLACEMENT_3D('',#3559,#2745,#2746);
#2391=AXIS2_PLACEMENT_3D('',#3563,#2748,#2749);
#2392=AXIS2_PLACEMENT_3D('',#3567,#2751,#2752);
#2393=AXIS2_PLACEMENT_3D('',#3571,#2754,#2755);
#2394=AXIS2_PLACEMENT_3D('',#3572,#2756,#2757);
#2395=AXIS2_PLACEMENT_3D('',#3575,#2758,#2759);
#2396=AXIS2_PLACEMENT_3D('',#3579,#2761,#2762);
#2397=AXIS2_PLACEMENT_3D('',#3583,#2764,#2765);
#2398=AXIS2_PLACEMENT_3D('',#3587,#2767,#2768);
#2399=AXIS2_PLACEMENT_3D('',#3591,#2770,#2771);
#2400=AXIS2_PLACEMENT_3D('',#3594,#2773,#2774);
#2401=AXIS2_PLACEMENT_3D('',#3595,#2775,#2776);
#2402=AXIS2_PLACEMENT_3D('',#3597,#2777,#2778);
#2403=AXIS2_PLACEMENT_3D('',#3598,#2779,#2780);
#2404=AXIS2_PLACEMENT_3D('',#3599,#2781,#2782);
#2405=AXIS2_PLACEMENT_3D('',#3602,#2783,#2784);
#2406=AXIS2_PLACEMENT_3D('',#3604,#2785,#2786);
#2407=AXIS2_PLACEMENT_3D('',#3608,#2788,#2789);
#2408=AXIS2_PLACEMENT_3D('',#3612,#2791,#2792);
#2409=AXIS2_PLACEMENT_3D('',#3616,#2794,#2795);
#2410=AXIS2_PLACEMENT_3D('',#3618,#2796,#2797);
#2411=AXIS2_PLACEMENT_3D('',#3620,#2798,#2799);
#2412=AXIS2_PLACEMENT_3D('',#3624,#2801,#2802);
#2413=AXIS2_PLACEMENT_3D('',#3628,#2804,#2805);
#2414=AXIS2_PLACEMENT_3D('',#3630,#2806,#2807);
#2415=AXIS2_PLACEMENT_3D('',#3634,#2809,#2810);
#2416=AXIS2_PLACEMENT_3D('',#3638,#2812,#2813);
#2417=AXIS2_PLACEMENT_3D('',#3640,#2814,#2815);
#2418=AXIS2_PLACEMENT_3D('',#3644,#2817,#2818);
#2419=AXIS2_PLACEMENT_3D('',#3648,#2820,#2821);
#2420=AXIS2_PLACEMENT_3D('',#3652,#2823,#2824);
#2421=AXIS2_PLACEMENT_3D('',#3656,#2826,#2827);
#2422=AXIS2_PLACEMENT_3D('',#3660,#2829,#2830);
#2423=AXIS2_PLACEMENT_3D('',#3664,#2832,#2833);
#2424=AXIS2_PLACEMENT_3D('',#3667,#2835,#2836);
#2425=AXIS2_PLACEMENT_3D('',#3668,#2837,#2838);
#2426=AXIS2_PLACEMENT_3D('',#3670,#2839,#2840);
#2427=AXIS2_PLACEMENT_3D('',#3672,#2841,#2842);
#2428=AXIS2_PLACEMENT_3D('',#3673,#2843,#2844);
#2429=AXIS2_PLACEMENT_3D('',#3674,#2845,#2846);
#2430=AXIS2_PLACEMENT_3D('',#3676,#2847,#2848);
#2431=AXIS2_PLACEMENT_3D('',#3678,#2850,#2851);
#2432=AXIS2_PLACEMENT_3D('',#3680,#2852,#2853);
#2433=AXIS2_PLACEMENT_3D('',#3681,#2854,#2855);
#2434=AXIS2_PLACEMENT_3D('',#3682,#2856,#2857);
#2435=AXIS2_PLACEMENT_3D('',#3684,#2858,#2859);
#2436=AXIS2_PLACEMENT_3D('',#3686,#2861,#2862);
#2437=AXIS2_PLACEMENT_3D('',#3688,#2863,#2864);
#2438=AXIS2_PLACEMENT_3D('',#3689,#2865,#2866);
#2439=AXIS2_PLACEMENT_3D('',#3690,#2867,#2868);
#2440=AXIS2_PLACEMENT_3D('',#3692,#2869,#2870);
#2441=AXIS2_PLACEMENT_3D('',#3694,#2872,#2873);
#2442=AXIS2_PLACEMENT_3D('',#3696,#2874,#2875);
#2443=AXIS2_PLACEMENT_3D('',#3697,#2876,#2877);
#2444=AXIS2_PLACEMENT_3D('',#3698,#2878,#2879);
#2445=AXIS2_PLACEMENT_3D('',#3700,#2880,#2881);
#2446=AXIS2_PLACEMENT_3D('',#3702,#2883,#2884);
#2447=AXIS2_PLACEMENT_3D('',#3704,#2885,#2886);
#2448=AXIS2_PLACEMENT_3D('',#3705,#2887,#2888);
#2449=AXIS2_PLACEMENT_3D('',#3706,#2889,#2890);
#2450=AXIS2_PLACEMENT_3D('',#3708,#2892,#2893);
#2451=AXIS2_PLACEMENT_3D('',#3712,#2895,#2896);
#2452=AXIS2_PLACEMENT_3D('',#3714,#2898,#2899);
#2453=AXIS2_PLACEMENT_3D('',#3755,#2921,#2922);
#2454=AXIS2_PLACEMENT_3D('',#3758,#2924,#2925);
#2455=AXIS2_PLACEMENT_3D('',#3761,#2927,#2928);
#2456=AXIS2_PLACEMENT_3D('',#3762,#2929,#2930);
#2457=AXIS2_PLACEMENT_3D('',#3764,#2932,#2933);
#2458=AXIS2_PLACEMENT_3D('',#3766,#2935,#2936);
#2459=AXIS2_PLACEMENT_3D('',#3769,#2937,#2938);
#2460=AXIS2_PLACEMENT_3D('',#3770,#2939,#2940);
#2461=AXIS2_PLACEMENT_3D('',#3783,#2941,#2942);
#2462=AXIS2_PLACEMENT_3D('',#3785,#2943,#2944);
#2463=AXIS2_PLACEMENT_3D('',#3786,#2945,#2946);
#2464=AXIS2_PLACEMENT_3D('',#3787,#2947,#2948);
#2465=AXIS2_PLACEMENT_3D('',#3789,#2949,#2950);
#2466=AXIS2_PLACEMENT_3D('',#3791,#2952,#2953);
#2467=AXIS2_PLACEMENT_3D('',#3793,#2954,#2955);
#2468=AXIS2_PLACEMENT_3D('',#3794,#2956,#2957);
#2469=AXIS2_PLACEMENT_3D('',#3795,#2958,#2959);
#2470=AXIS2_PLACEMENT_3D('',#3797,#2960,#2961);
#2471=AXIS2_PLACEMENT_3D('',#3799,#2963,#2964);
#2472=AXIS2_PLACEMENT_3D('',#3801,#2965,#2966);
#2473=AXIS2_PLACEMENT_3D('',#3802,#2967,#2968);
#2474=AXIS2_PLACEMENT_3D('',#3803,#2969,#2970);
#2475=AXIS2_PLACEMENT_3D('',#3805,#2971,#2972);
#2476=AXIS2_PLACEMENT_3D('',#3807,#2974,#2975);
#2477=AXIS2_PLACEMENT_3D('',#3809,#2976,#2977);
#2478=AXIS2_PLACEMENT_3D('',#3810,#2978,#2979);
#2479=AXIS2_PLACEMENT_3D('',#3811,#2980,#2981);
#2480=AXIS2_PLACEMENT_3D('',#3813,#2982,#2983);
#2481=AXIS2_PLACEMENT_3D('',#3814,#2984,#2985);
#2482=AXIS2_PLACEMENT_3D('',#3815,#2986,#2987);
#2483=AXIS2_PLACEMENT_3D('',#3817,#2988,#2989);
#2484=AXIS2_PLACEMENT_3D('',#3830,#2990,#2991);
#2485=AXIS2_PLACEMENT_3D('',#3832,#2992,#2993);
#2486=AXIS2_PLACEMENT_3D('',#3834,#2995,#2996);
#2487=AXIS2_PLACEMENT_3D('',#3836,#2997,#2998);
#2488=AXIS2_PLACEMENT_3D('',#3837,#2999,#3000);
#2489=AXIS2_PLACEMENT_3D('',#3838,#3001,#3002);
#2490=AXIS2_PLACEMENT_3D('',#3840,#3003,#3004);
#2491=AXIS2_PLACEMENT_3D('',#3842,#3006,#3007);
#2492=AXIS2_PLACEMENT_3D('',#3844,#3008,#3009);
#2493=AXIS2_PLACEMENT_3D('',#3845,#3010,#3011);
#2494=AXIS2_PLACEMENT_3D('',#3846,#3012,#3013);
#2495=AXIS2_PLACEMENT_3D('',#3848,#3014,#3015);
#2496=AXIS2_PLACEMENT_3D('',#3849,#3016,#3017);
#2497=AXIS2_PLACEMENT_3D('',#3850,#3018,#3019);
#2498=AXIS2_PLACEMENT_3D('',#3852,#3020,#3021);
#2499=AXIS2_PLACEMENT_3D('',#3864,#3023,#3024);
#2500=AXIS2_PLACEMENT_3D('',#3865,#3025,#3026);
#2501=AXIS2_PLACEMENT_3D('',#3866,#3027,#3028);
#2502=AXIS2_PLACEMENT_3D('',#3868,#3029,#3030);
#2503=AXIS2_PLACEMENT_3D('',#3870,#3032,#3033);
#2504=AXIS2_PLACEMENT_3D('',#3872,#3034,#3035);
#2505=AXIS2_PLACEMENT_3D('',#3873,#3036,#3037);
#2506=AXIS2_PLACEMENT_3D('',#3874,#3038,#3039);
#2507=AXIS2_PLACEMENT_3D('',#3876,#3040,#3041);
#2508=AXIS2_PLACEMENT_3D('',#3877,#3042,#3043);
#2509=AXIS2_PLACEMENT_3D('',#3878,#3044,#3045);
#2510=AXIS2_PLACEMENT_3D('',#3880,#3046,#3047);
#2511=AXIS2_PLACEMENT_3D('',#3882,#3049,#3050);
#2512=AXIS2_PLACEMENT_3D('',#3884,#3051,#3052);
#2513=AXIS2_PLACEMENT_3D('',#3885,#3053,#3054);
#2514=AXIS2_PLACEMENT_3D('',#3886,#3055,#3056);
#2515=AXIS2_PLACEMENT_3D('',#3888,#3058,#3059);
#2516=AXIS2_PLACEMENT_3D('',#3892,#3061,#3062);
#2517=AXIS2_PLACEMENT_3D('',#3894,#3064,#3065);
#2518=AXIS2_PLACEMENT_3D('',#3898,#3068,#3069);
#2519=AXIS2_PLACEMENT_3D('',#3901,#3071,#3072);
#2520=AXIS2_PLACEMENT_3D('',#3902,#3073,#3074);
#2521=AXIS2_PLACEMENT_3D('',#3905,#3076,#3077);
#2522=AXIS2_PLACEMENT_3D('',#3906,#3078,#3079);
#2523=AXIS2_PLACEMENT_3D('',#3909,#3081,#3082);
#2524=AXIS2_PLACEMENT_3D('',#3910,#3083,#3084);
#2525=AXIS2_PLACEMENT_3D('',#3914,#3087,#3088);
#2526=AXIS2_PLACEMENT_3D('',#3917,#3090,#3091);
#2527=AXIS2_PLACEMENT_3D('',#3918,#3092,#3093);
#2528=AXIS2_PLACEMENT_3D('',#3922,#3096,#3097);
#2529=AXIS2_PLACEMENT_3D('',#3925,#3099,#3100);
#2530=AXIS2_PLACEMENT_3D('',#3926,#3101,#3102);
#2531=AXIS2_PLACEMENT_3D('',#3930,#3105,#3106);
#2532=AXIS2_PLACEMENT_3D('',#3933,#3108,#3109);
#2533=AXIS2_PLACEMENT_3D('',#3934,#3110,#3111);
#2534=AXIS2_PLACEMENT_3D('',#3937,#3113,#3114);
#2535=AXIS2_PLACEMENT_3D('',#3938,#3115,#3116);
#2536=AXIS2_PLACEMENT_3D('',#3939,#3117,#3118);
#2537=AXIS2_PLACEMENT_3D('',#3952,#3119,#3120);
#2538=AXIS2_PLACEMENT_3D('',#3955,#3122,#3123);
#2539=AXIS2_PLACEMENT_3D('',#3968,#3124,#3125);
#2540=AXIS2_PLACEMENT_3D('',#3970,#3126,#3127);
#2541=AXIS2_PLACEMENT_3D('',#3971,#3128,#3129);
#2542=AXIS2_PLACEMENT_3D('',#3972,#3130,#3131);
#2543=AXIS2_PLACEMENT_3D('',#3974,#3132,#3133);
#2544=AXIS2_PLACEMENT_3D('',#3976,#3135,#3136);
#2545=AXIS2_PLACEMENT_3D('',#3978,#3137,#3138);
#2546=AXIS2_PLACEMENT_3D('',#3979,#3139,#3140);
#2547=AXIS2_PLACEMENT_3D('',#3980,#3141,#3142);
#2548=AXIS2_PLACEMENT_3D('',#3982,#3143,#3144);
#2549=AXIS2_PLACEMENT_3D('',#3983,#3145,#3146);
#2550=AXIS2_PLACEMENT_3D('',#3984,#3147,#3148);
#2551=AXIS2_PLACEMENT_3D('',#3986,#3149,#3150);
#2552=AXIS2_PLACEMENT_3D('',#3998,#3152,#3153);
#2553=AXIS2_PLACEMENT_3D('',#3999,#3154,#3155);
#2554=AXIS2_PLACEMENT_3D('',#4000,#3156,#3157);
#2555=AXIS2_PLACEMENT_3D('',#4002,#3158,#3159);
#2556=AXIS2_PLACEMENT_3D('',#4004,#3161,#3162);
#2557=AXIS2_PLACEMENT_3D('',#4006,#3163,#3164);
#2558=AXIS2_PLACEMENT_3D('',#4007,#3165,#3166);
#2559=AXIS2_PLACEMENT_3D('',#4008,#3167,#3168);
#2560=AXIS2_PLACEMENT_3D('',#4010,#3169,#3170);
#2561=AXIS2_PLACEMENT_3D('',#4011,#3171,#3172);
#2562=AXIS2_PLACEMENT_3D('',#4012,#3173,#3174);
#2563=AXIS2_PLACEMENT_3D('',#4013,#3175,#3176);
#2564=AXIS2_PLACEMENT_3D('',#4015,#3178,#3179);
#2565=AXIS2_PLACEMENT_3D('',#4016,#3180,#3181);
#2566=AXIS2_PLACEMENT_3D('',#4017,#3182,#3183);
#2567=AXIS2_PLACEMENT_3D('',#4018,#3184,#3185);
#2568=AXIS2_PLACEMENT_3D('',#4019,#3186,#3187);
#2569=AXIS2_PLACEMENT_3D('',#4020,#3188,#3189);
#2570=AXIS2_PLACEMENT_3D('',#4021,#3190,#3191);
#2571=AXIS2_PLACEMENT_3D('',#4022,#3192,#3193);
#2572=AXIS2_PLACEMENT_3D('',#4023,#3194,#3195);
#2573=AXIS2_PLACEMENT_3D('',#4024,#3196,#3197);
#2574=AXIS2_PLACEMENT_3D('',#4025,#3198,#3199);
#2575=AXIS2_PLACEMENT_3D('',#4026,#3200,#3201);
#2576=AXIS2_PLACEMENT_3D('',#4027,#3202,#3203);
#2577=AXIS2_PLACEMENT_3D('',#4028,#3204,#3205);
#2578=AXIS2_PLACEMENT_3D('',#4029,#3206,#3207);
#2579=AXIS2_PLACEMENT_3D('',#4030,#3208,#3209);
#2580=AXIS2_PLACEMENT_3D('',#4031,#3210,#3211);
#2581=AXIS2_PLACEMENT_3D('',#4032,#3212,#3213);
#2582=AXIS2_PLACEMENT_3D('',#4033,#3214,#3215);
#2583=AXIS2_PLACEMENT_3D('',#4034,#3216,#3217);
#2584=AXIS2_PLACEMENT_3D('',#4035,#3218,#3219);
#2585=AXIS2_PLACEMENT_3D('',#4037,#3221,#3222);
#2586=AXIS2_PLACEMENT_3D('',#4039,#3224,#3225);
#2587=AXIS2_PLACEMENT_3D('',#4041,#3227,#3228);
#2588=AXIS2_PLACEMENT_3D('',#4043,#3230,#3231);
#2589=AXIS2_PLACEMENT_3D('',#4045,#3233,#3234);
#2590=AXIS2_PLACEMENT_3D('',#4047,#3236,#3237);
#2591=AXIS2_PLACEMENT_3D('',#4049,#3239,#3240);
#2592=AXIS2_PLACEMENT_3D('',#4051,#3242,#3243);
#2593=AXIS2_PLACEMENT_3D('',#4053,#3245,#3246);
#2594=AXIS2_PLACEMENT_3D('',#4055,#3248,#3249);
#2595=AXIS2_PLACEMENT_3D('',#4056,#3250,#3251);
#2596=AXIS2_PLACEMENT_3D('',#4059,#3252,#3253);
#2597=AXIS2_PLACEMENT_3D('',#4063,#3255,#3256);
#2598=AXIS2_PLACEMENT_3D('',#4065,#3258,#3259);
#2599=AXIS2_PLACEMENT_3D('',#4067,#3260,#3261);
#2600=AXIS2_PLACEMENT_3D('',#4070,#3263,#3264);
#2601=AXIS2_PLACEMENT_3D('',#4071,#3265,#3266);
#2602=AXIS2_PLACEMENT_3D('',#4074,#3267,#3268);
#2603=AXIS2_PLACEMENT_3D('',#4078,#3270,#3271);
#2604=AXIS2_PLACEMENT_3D('',#4080,#3273,#3274);
#2605=AXIS2_PLACEMENT_3D('',#4082,#3275,#3276);
#2606=AXIS2_PLACEMENT_3D('',#4085,#3278,#3279);
#2607=AXIS2_PLACEMENT_3D('',#4086,#3280,#3281);
#2608=AXIS2_PLACEMENT_3D('',#4089,#3282,#3283);
#2609=AXIS2_PLACEMENT_3D('',#4093,#3285,#3286);
#2610=AXIS2_PLACEMENT_3D('',#4095,#3288,#3289);
#2611=AXIS2_PLACEMENT_3D('',#4097,#3290,#3291);
#2612=AXIS2_PLACEMENT_3D('',#4100,#3293,#3294);
#2613=AXIS2_PLACEMENT_3D('',#4101,#3295,#3296);
#2614=AXIS2_PLACEMENT_3D('',#4102,#3297,#3298);
#2615=AXIS2_PLACEMENT_3D('',#4103,#3299,#3300);
#2616=AXIS2_PLACEMENT_3D('',#4104,#3301,#3302);
#2617=AXIS2_PLACEMENT_3D('',#4105,#3303,#3304);
#2618=AXIS2_PLACEMENT_3D('',#4106,#3305,#3306);
#2619=AXIS2_PLACEMENT_3D('',#4107,#3307,#3308);
#2620=AXIS2_PLACEMENT_3D('',#4108,#3309,#3310);
#2621=AXIS2_PLACEMENT_3D('',#4109,#3311,#3312);
#2622=AXIS2_PLACEMENT_3D('',#4110,#3313,#3314);
#2623=AXIS2_PLACEMENT_3D('',#4112,#3315,#3316);
#2624=AXIS2_PLACEMENT_3D('',#4115,#3318,#3319);
#2625=AXIS2_PLACEMENT_3D('',#4116,#3320,#3321);
#2626=AXIS2_PLACEMENT_3D('',#4118,#3322,#3323);
#2627=AXIS2_PLACEMENT_3D('',#4121,#3325,#3326);
#2628=AXIS2_PLACEMENT_3D('',#4122,#3327,#3328);
#2629=AXIS2_PLACEMENT_3D('',#4124,#3329,#3330);
#2630=AXIS2_PLACEMENT_3D('',#4126,#3331,#3332);
#2631=AXIS2_PLACEMENT_3D('',#4128,#3334,#3335);
#2632=AXIS2_PLACEMENT_3D('',#4131,#3336,#3337);
#2633=AXIS2_PLACEMENT_3D('',#4135,#3339,#3340);
#2634=AXIS2_PLACEMENT_3D('',#4137,#3342,#3343);
#2635=AXIS2_PLACEMENT_3D('',#4139,#3344,#3345);
#2636=AXIS2_PLACEMENT_3D('',#4142,#3347,#3348);
#2637=AXIS2_PLACEMENT_3D('',#4143,#3349,#3350);
#2638=AXIS2_PLACEMENT_3D('',#4145,#3351,#3352);
#2639=AXIS2_PLACEMENT_3D('',#4147,#3353,#3354);
#2640=AXIS2_PLACEMENT_3D('',#4149,#3356,#3357);
#2641=AXIS2_PLACEMENT_3D('',#4152,#3358,#3359);
#2642=AXIS2_PLACEMENT_3D('',#4156,#3361,#3362);
#2643=AXIS2_PLACEMENT_3D('',#4158,#3364,#3365);
#2644=AXIS2_PLACEMENT_3D('',#4160,#3366,#3367);
#2645=AXIS2_PLACEMENT_3D('',#4163,#3369,#3370);
#2646=AXIS2_PLACEMENT_3D('',#4164,#3371,#3372);
#2647=AXIS2_PLACEMENT_3D('',#4165,#3373,#3374);
#2648=AXIS2_PLACEMENT_3D('',#4166,#3375,#3376);
#2649=AXIS2_PLACEMENT_3D('',#4167,#3377,#3378);
#2650=AXIS2_PLACEMENT_3D('',#4169,#3379,#3380);
#2651=AXIS2_PLACEMENT_3D('',#4172,#3382,#3383);
#2652=AXIS2_PLACEMENT_3D('',#4173,#3384,#3385);
#2653=AXIS2_PLACEMENT_3D('',#4175,#3386,#3387);
#2654=AXIS2_PLACEMENT_3D('',#4178,#3389,#3390);
#2655=AXIS2_PLACEMENT_3D('',#4179,#3391,#3392);
#2656=AXIS2_PLACEMENT_3D('',#4180,#3393,#3394);
#2657=AXIS2_PLACEMENT_3D('',#4181,#3395,#3396);
#2658=AXIS2_PLACEMENT_3D('',#4182,#3397,#3398);
#2659=AXIS2_PLACEMENT_3D('',#4184,#3399,#3400);
#2660=AXIS2_PLACEMENT_3D('',#4187,#3402,#3403);
#2661=AXIS2_PLACEMENT_3D('',#4188,#3404,#3405);
#2662=AXIS2_PLACEMENT_3D('',#4190,#3406,#3407);
#2663=AXIS2_PLACEMENT_3D('',#4193,#3409,#3410);
#2664=AXIS2_PLACEMENT_3D('',#4194,#3411,#3412);
#2665=AXIS2_PLACEMENT_3D('',#4196,#3413,#3414);
#2666=AXIS2_PLACEMENT_3D('',#4198,#3415,#3416);
#2667=AXIS2_PLACEMENT_3D('',#4200,#3418,#3419);
#2668=AXIS2_PLACEMENT_3D('',#4203,#3420,#3421);
#2669=AXIS2_PLACEMENT_3D('',#4207,#3423,#3424);
#2670=AXIS2_PLACEMENT_3D('',#4209,#3426,#3427);
#2671=AXIS2_PLACEMENT_3D('',#4211,#3428,#3429);
#2672=AXIS2_PLACEMENT_3D('',#4214,#3431,#3432);
#2673=AXIS2_PLACEMENT_3D('',#4215,#3433,#3434);
#2674=AXIS2_PLACEMENT_3D('',#4216,#3435,#3436);
#2675=AXIS2_PLACEMENT_3D('',#4217,#3437,#3438);
#2676=AXIS2_PLACEMENT_3D('',#4218,#3439,#3440);
#2677=AXIS2_PLACEMENT_3D('',#4220,#3442,#3443);
#2678=AXIS2_PLACEMENT_3D('',#4234,#3455,#3456);
#2679=AXIS2_PLACEMENT_3D('',#4236,#3457,#3458);
#2680=AXIS2_PLACEMENT_3D('',#4240,#3460,#3461);
#2681=AXIS2_PLACEMENT_3D('',#4243,#3463,#3464);
#2682=AXIS2_PLACEMENT_3D('',#4244,#3465,#3466);
#2683=AXIS2_PLACEMENT_3D('',#4247,#3469,#3470);
#2684=AXIS2_PLACEMENT_3D('',#4249,#3472,#3473);
#2685=AXIS2_PLACEMENT_3D('',#4251,#3475,#3476);
#2686=AXIS2_PLACEMENT_3D('',#4252,#3477,#3478);
#2687=AXIS2_PLACEMENT_3D('',#4253,#3479,#3480);
#2688=AXIS2_PLACEMENT_3D('',#4254,#3481,#3482);
#2689=AXIS2_PLACEMENT_3D('',#4255,#3483,#3484);
#2690=AXIS2_PLACEMENT_3D('',#4257,#3485,#3486);
#2691=AXIS2_PLACEMENT_3D('',#4261,#3488,#3489);
#2692=AXIS2_PLACEMENT_3D('',#4263,#3491,#3492);
#2693=AXIS2_PLACEMENT_3D('',#4265,#3494,#3495);
#2694=AXIS2_PLACEMENT_3D('',#4266,#3496,#3497);
#2695=AXIS2_PLACEMENT_3D('',#4268,#3499,#3500);
#2696=AXIS2_PLACEMENT_3D('',#4270,#3502,#3503);
#2697=AXIS2_PLACEMENT_3D('',#4271,#3504,#3505);
#2698=AXIS2_PLACEMENT_3D('',#4272,#3506,#3507);
#2699=AXIS2_PLACEMENT_3D('',#4273,#3508,#3509);
#2700=DIRECTION('axis',(0.,0.,1.));
#2701=DIRECTION('refdir',(1.,0.,0.));
#2702=DIRECTION('center_axis',(0.,0.,-1.));
#2703=DIRECTION('ref_axis',(-1.,0.,0.));
#2704=DIRECTION('center_axis',(0.,0.,1.));
#2705=DIRECTION('ref_axis',(1.,0.,0.));
#2706=DIRECTION('center_axis',(-1.22464679914735E-16,-1.,0.));
#2707=DIRECTION('ref_axis',(1.,-1.22464679914735E-16,0.));
#2708=DIRECTION('center_axis',(0.,0.,-1.));
#2709=DIRECTION('ref_axis',(1.,0.,0.));
#2710=DIRECTION('center_axis',(0.,0.,-1.));
#2711=DIRECTION('ref_axis',(1.,0.,0.));
#2712=DIRECTION('center_axis',(0.,0.,1.));
#2713=DIRECTION('ref_axis',(1.,0.,0.));
#2714=DIRECTION('',(0.,0.,-1.));
#2715=DIRECTION('center_axis',(0.,0.,1.));
#2716=DIRECTION('ref_axis',(1.,0.,0.));
#2717=DIRECTION('center_axis',(0.,0.,1.));
#2718=DIRECTION('ref_axis',(1.,0.,0.));
#2719=DIRECTION('center_axis',(0.,0.,1.));
#2720=DIRECTION('ref_axis',(1.,0.,0.));
#2721=DIRECTION('',(0.530872500476911,0.847451702598674,0.));
#2722=DIRECTION('center_axis',(0.,0.,-1.));
#2723=DIRECTION('ref_axis',(-0.966900090786262,-0.255155275151265,0.));
#2724=DIRECTION('',(-0.879897466896667,0.475163601035294,0.));
#2725=DIRECTION('center_axis',(0.,0.,1.));
#2726=DIRECTION('ref_axis',(0.696048976021843,0.717994305673063,0.));
#2727=DIRECTION('center_axis',(0.,0.,-1.));
#2728=DIRECTION('ref_axis',(-0.761558316106054,-0.648096390338437,0.));
#2729=DIRECTION('',(-0.773267176209352,0.634080337336851,0.));
#2730=DIRECTION('center_axis',(0.,0.,-1.));
#2731=DIRECTION('ref_axis',(5.25917738165718E-8,-0.999999999999999,0.));
#2732=DIRECTION('',(-0.773267109514509,-0.634080418671856,0.));
#2733=DIRECTION('center_axis',(0.,0.,-1.));
#2734=DIRECTION('ref_axis',(0.761556228577152,-0.648098843322024,0.));
#2735=DIRECTION('center_axis',(0.,0.,1.));
#2736=DIRECTION('ref_axis',(-0.69604662559067,0.717996584256389,0.));
#2737=DIRECTION('',(-0.879897466896668,-0.475163601035293,0.));
#2738=DIRECTION('center_axis',(0.,0.,-1.));
#2739=DIRECTION('ref_axis',(0.966900090786262,-0.255155275151265,0.));
#2740=DIRECTION('',(0.530872500476911,-0.847451702598674,0.));
#2741=DIRECTION('center_axis',(0.,0.,1.));
#2742=DIRECTION('ref_axis',(-1.,0.,0.));
#2743=DIRECTION('center_axis',(0.,0.,-1.));
#2744=DIRECTION('ref_axis',(0.98577451606733,-0.168073208668784,0.));
#2745=DIRECTION('center_axis',(0.,0.,1.));
#2746=DIRECTION('ref_axis',(-0.975013404632366,-0.222146034822147,0.));
#2747=DIRECTION('',(-0.0348994967025012,-0.999390827019096,0.));
#2748=DIRECTION('center_axis',(0.,0.,-1.));
#2749=DIRECTION('ref_axis',(0.936051846378654,0.351862104937592,0.));
#2750=DIRECTION('',(0.684578966991675,-0.728938706581432,0.));
#2751=DIRECTION('center_axis',(0.,0.,-1.));
#2752=DIRECTION('ref_axis',(-0.384315498376318,0.923201818514111,0.));
#2753=DIRECTION('',(-0.034899496702501,0.999390827019096,0.));
#2754=DIRECTION('center_axis',(0.,0.,-1.));
#2755=DIRECTION('ref_axis',(-0.971237046230663,-0.238114678315169,0.));
#2756=DIRECTION('center_axis',(0.,0.,1.));
#2757=DIRECTION('ref_axis',(0.982497157251339,-0.186277577805374,0.));
#2758=DIRECTION('center_axis',(0.,0.,1.));
#2759=DIRECTION('ref_axis',(-0.38431549837632,0.923201818514111,0.));
#2760=DIRECTION('',(-0.684578966991675,0.728938706581432,0.));
#2761=DIRECTION('center_axis',(0.,0.,1.));
#2762=DIRECTION('ref_axis',(0.936051846378654,0.351862104937591,0.));
#2763=DIRECTION('',(0.0348994967025002,0.999390827019096,0.));
#2764=DIRECTION('center_axis',(0.,0.,1.));
#2765=DIRECTION('ref_axis',(0.863649479140094,-0.504092825956732,0.));
#2766=DIRECTION('',(0.853025690654115,0.521868921362511,0.));
#2767=DIRECTION('center_axis',(0.,0.,1.));
#2768=DIRECTION('ref_axis',(2.96778133113582E-17,-1.,0.));
#2769=DIRECTION('',(0.853025690654115,-0.521868921362511,0.));
#2770=DIRECTION('center_axis',(0.,0.,1.));
#2771=DIRECTION('ref_axis',(-0.863649479140094,-0.504092825956733,0.));
#2772=DIRECTION('',(0.0348994967025009,-0.999390827019096,0.));
#2773=DIRECTION('center_axis',(0.,0.,-1.));
#2774=DIRECTION('ref_axis',(1.,0.,0.));
#2775=DIRECTION('center_axis',(0.,0.,-1.));
#2776=DIRECTION('ref_axis',(-1.,0.,0.));
#2777=DIRECTION('center_axis',(-1.22464679914735E-16,-1.,0.));
#2778=DIRECTION('ref_axis',(1.,-1.22464679914735E-16,0.));
#2779=DIRECTION('center_axis',(0.,0.,-1.));
#2780=DIRECTION('ref_axis',(1.,0.,0.));
#2781=DIRECTION('center_axis',(0.,0.,1.));
#2782=DIRECTION('ref_axis',(1.,0.,0.));
#2783=DIRECTION('center_axis',(0.,0.,-1.));
#2784=DIRECTION('ref_axis',(0.982497157251339,-0.186277577805374,0.));
#2785=DIRECTION('center_axis',(0.,0.,1.));
#2786=DIRECTION('ref_axis',(-0.971237046230663,-0.238114678315169,0.));
#2787=DIRECTION('',(0.034899496702501,-0.999390827019096,0.));
#2788=DIRECTION('center_axis',(0.,0.,1.));
#2789=DIRECTION('ref_axis',(-0.384315498376318,0.923201818514111,0.));
#2790=DIRECTION('',(-0.684578966991675,0.728938706581432,0.));
#2791=DIRECTION('center_axis',(0.,0.,1.));
#2792=DIRECTION('ref_axis',(0.936051846378654,0.351862104937592,0.));
#2793=DIRECTION('',(0.0348994967025012,0.999390827019096,0.));
#2794=DIRECTION('center_axis',(0.,0.,-1.));
#2795=DIRECTION('ref_axis',(-0.975013404632366,-0.222146034822147,0.));
#2796=DIRECTION('center_axis',(0.,0.,1.));
#2797=DIRECTION('ref_axis',(0.98577451606733,-0.168073208668784,0.));
#2798=DIRECTION('center_axis',(0.,0.,-1.));
#2799=DIRECTION('ref_axis',(-1.,0.,0.));
#2800=DIRECTION('',(-0.530872500476911,0.847451702598674,0.));
#2801=DIRECTION('center_axis',(0.,0.,1.));
#2802=DIRECTION('ref_axis',(0.966900090786262,-0.255155275151265,0.));
#2803=DIRECTION('',(0.879897466896668,0.475163601035293,0.));
#2804=DIRECTION('center_axis',(0.,0.,-1.));
#2805=DIRECTION('ref_axis',(-0.69604662559067,0.717996584256389,0.));
#2806=DIRECTION('center_axis',(0.,0.,1.));
#2807=DIRECTION('ref_axis',(0.761556228577152,-0.648098843322024,0.));
#2808=DIRECTION('',(0.773267109514509,0.634080418671856,0.));
#2809=DIRECTION('center_axis',(0.,0.,1.));
#2810=DIRECTION('ref_axis',(5.25917738165718E-8,-0.999999999999999,0.));
#2811=DIRECTION('',(0.773267176209352,-0.634080337336851,0.));
#2812=DIRECTION('center_axis',(0.,0.,1.));
#2813=DIRECTION('ref_axis',(-0.761558316106054,-0.648096390338437,0.));
#2814=DIRECTION('center_axis',(0.,0.,-1.));
#2815=DIRECTION('ref_axis',(0.696048976021843,0.717994305673063,0.));
#2816=DIRECTION('',(0.879897466896667,-0.475163601035294,0.));
#2817=DIRECTION('center_axis',(0.,0.,1.));
#2818=DIRECTION('ref_axis',(-0.966900090786262,-0.255155275151265,0.));
#2819=DIRECTION('',(-0.530872500476911,-0.847451702598674,0.));
#2820=DIRECTION('center_axis',(0.,0.,-1.));
#2821=DIRECTION('ref_axis',(-0.384315498376322,0.92320181851411,0.));
#2822=DIRECTION('',(-0.0348994967025009,0.999390827019096,0.));
#2823=DIRECTION('center_axis',(0.,0.,-1.));
#2824=DIRECTION('ref_axis',(-0.863649479140094,-0.504092825956733,0.));
#2825=DIRECTION('',(-0.853025690654115,0.521868921362511,0.));
#2826=DIRECTION('center_axis',(0.,0.,-1.));
#2827=DIRECTION('ref_axis',(-8.13444891511575E-17,-1.,0.));
#2828=DIRECTION('',(-0.853025690654115,-0.521868921362511,0.));
#2829=DIRECTION('center_axis',(0.,0.,-1.));
#2830=DIRECTION('ref_axis',(0.863649479140094,-0.504092825956732,0.));
#2831=DIRECTION('',(-0.0348994967025002,-0.999390827019096,0.));
#2832=DIRECTION('center_axis',(0.,0.,-1.));
#2833=DIRECTION('ref_axis',(0.936051846378654,0.351862104937592,0.));
#2834=DIRECTION('',(0.684578966991675,-0.728938706581432,0.));
#2835=DIRECTION('center_axis',(0.,0.,-1.));
#2836=DIRECTION('ref_axis',(1.,0.,0.));
#2837=DIRECTION('center_axis',(0.,0.,1.));
#2838=DIRECTION('ref_axis',(-0.38431549837632,0.923201818514111,0.));
#2839=DIRECTION('center_axis',(-0.684578966991669,0.728938706581438,0.));
#2840=DIRECTION('ref_axis',(-0.728938706581438,-0.684578966991669,0.));
#2841=DIRECTION('center_axis',(-0.0348994967025006,0.999390827019096,0.));
#2842=DIRECTION('ref_axis',(0.,0.,1.));
#2843=DIRECTION('center_axis',(0.,0.,-1.));
#2844=DIRECTION('ref_axis',(-0.384315498376319,0.923201818514111,0.));
#2845=DIRECTION('center_axis',(-0.0348994967025009,0.999390827019096,0.));
#2846=DIRECTION('ref_axis',(0.706676030840835,0.0246776707783358,0.707106781186547));
#2847=DIRECTION('center_axis',(-0.0348994967024985,0.999390827019096,0.));
#2848=DIRECTION('ref_axis',(0.,0.,1.));
#2849=DIRECTION('',(-0.0348994967025009,0.999390827019096,0.));
#2850=DIRECTION('center_axis',(0.,0.,1.));
#2851=DIRECTION('ref_axis',(1.,0.,0.));
#2852=DIRECTION('center_axis',(-0.853025690654115,0.52186892136251,0.));
#2853=DIRECTION('ref_axis',(0.,0.,1.));
#2854=DIRECTION('center_axis',(0.,0.,-1.));
#2855=DIRECTION('ref_axis',(-0.863649479140094,-0.504092825956733,0.));
#2856=DIRECTION('center_axis',(-0.853025690654115,0.521868921362511,0.));
#2857=DIRECTION('ref_axis',(0.36901705318594,0.603180250387862,0.707106781186549));
#2858=DIRECTION('center_axis',(-0.853025690654116,0.521868921362509,0.));
#2859=DIRECTION('ref_axis',(0.,0.,1.));
#2860=DIRECTION('',(-0.853025690654115,0.521868921362511,0.));
#2861=DIRECTION('center_axis',(0.,0.,1.));
#2862=DIRECTION('ref_axis',(1.,0.,0.));
#2863=DIRECTION('center_axis',(-0.853025690654115,-0.521868921362511,0.));
#2864=DIRECTION('ref_axis',(0.,0.,1.));
#2865=DIRECTION('center_axis',(0.,0.,-1.));
#2866=DIRECTION('ref_axis',(2.96778133113582E-17,-1.,0.));
#2867=DIRECTION('center_axis',(-0.853025690654115,-0.521868921362511,0.));
#2868=DIRECTION('ref_axis',(-0.369017053185942,0.603180250387863,0.707106781186547));
#2869=DIRECTION('center_axis',(-0.853025690654115,-0.521868921362511,0.));
#2870=DIRECTION('ref_axis',(0.,0.,1.));
#2871=DIRECTION('',(-0.853025690654115,-0.521868921362511,0.));
#2872=DIRECTION('center_axis',(0.,0.,1.));
#2873=DIRECTION('ref_axis',(1.,0.,0.));
#2874=DIRECTION('center_axis',(-0.0348994967024985,-0.999390827019096,0.));
#2875=DIRECTION('ref_axis',(0.,0.,1.));
#2876=DIRECTION('center_axis',(0.,0.,-1.));
#2877=DIRECTION('ref_axis',(0.863649479140094,-0.504092825956732,0.));
#2878=DIRECTION('center_axis',(-0.0348994967025002,-0.999390827019096,0.));
#2879=DIRECTION('ref_axis',(-0.706676030840834,0.0246776707783358,0.707106781186548));
#2880=DIRECTION('center_axis',(-0.0348994967025007,-0.999390827019096,0.));
#2881=DIRECTION('ref_axis',(0.,0.,1.));
#2882=DIRECTION('',(-0.0348994967025002,-0.999390827019096,0.));
#2883=DIRECTION('center_axis',(0.,0.,1.));
#2884=DIRECTION('ref_axis',(1.,0.,0.));
#2885=DIRECTION('center_axis',(0.684578966991672,-0.728938706581435,0.));
#2886=DIRECTION('ref_axis',(0.,0.,1.));
#2887=DIRECTION('center_axis',(0.,0.,-1.));
#2888=DIRECTION('ref_axis',(0.936051846378654,0.351862104937591,0.));
#2889=DIRECTION('center_axis',(0.684578966991675,-0.728938706581432,0.));
#2890=DIRECTION('ref_axis',(-0.515437502493076,-0.484070429817502,0.707106781186546));
#2891=DIRECTION('',(0.684578966991675,-0.728938706581432,0.));
#2892=DIRECTION('center_axis',(0.,0.,1.));
#2893=DIRECTION('ref_axis',(0.863649479140094,-0.504092825956732,0.));
#2894=DIRECTION('',(0.,0.,-1.));
#2895=DIRECTION('center_axis',(0.,0.,-1.));
#2896=DIRECTION('ref_axis',(0.863649479140094,-0.504092825956732,0.));
#2897=DIRECTION('',(0.,0.,1.));
#2898=DIRECTION('center_axis',(-0.999390827019096,0.0348994967025002,0.));
#2899=DIRECTION('ref_axis',(-0.0348994967025002,-0.999390827019096,0.));
#2900=DIRECTION('',(0.,0.,1.));
#2901=DIRECTION('',(-0.0348994967025002,-0.999390827019096,0.));
#2902=DIRECTION('',(0.,0.,1.));
#2903=DIRECTION('',(0.0348994967025002,0.999390827019096,0.));
#2904=DIRECTION('',(0.,0.,1.));
#2905=DIRECTION('',(0.,0.,-1.));
#2906=DIRECTION('',(0.0348994967025002,0.999390827019096,0.));
#2907=DIRECTION('',(0.,0.,-1.));
#2908=DIRECTION('',(-0.0348994967025002,-0.999390827019096,0.));
#2909=DIRECTION('',(-0.0348994967025002,-0.999390827019096,0.));
#2910=DIRECTION('',(0.,0.,1.));
#2911=DIRECTION('',(0.0348994967025002,0.999390827019096,0.));
#2912=DIRECTION('',(0.,0.,-1.));
#2913=DIRECTION('',(0.0348994967025002,0.999390827019096,0.));
#2914=DIRECTION('',(0.,0.,-1.));
#2915=DIRECTION('',(-0.0348994967025002,-0.999390827019096,0.));
#2916=DIRECTION('',(0.,0.,1.));
#2917=DIRECTION('',(-0.0348994967025002,-0.999390827019096,0.));
#2918=DIRECTION('',(0.,0.,1.));
#2919=DIRECTION('',(0.0348994967025002,0.999390827019096,0.));
#2920=DIRECTION('',(0.,0.,-1.));
#2921=DIRECTION('center_axis',(0.,0.,1.));
#2922=DIRECTION('ref_axis',(0.936051846378654,0.351862104937592,0.));
#2923=DIRECTION('',(0.,0.,-1.));
#2924=DIRECTION('center_axis',(0.,0.,1.));
#2925=DIRECTION('ref_axis',(0.936051846378654,0.351862104937592,0.));
#2926=DIRECTION('',(0.,0.,-1.));
#2927=DIRECTION('center_axis',(0.,0.,-1.));
#2928=DIRECTION('ref_axis',(0.936051846378654,0.351862104937592,0.));
#2929=DIRECTION('center_axis',(-0.728938706581432,-0.684578966991675,0.));
#2930=DIRECTION('ref_axis',(0.684578966991675,-0.728938706581432,0.));
#2931=DIRECTION('',(0.,0.,1.));
#2932=DIRECTION('center_axis',(0.,0.,1.));
#2933=DIRECTION('ref_axis',(-0.384315498376322,0.92320181851411,0.));
#2934=DIRECTION('',(0.,0.,-1.));
#2935=DIRECTION('center_axis',(0.,0.,1.));
#2936=DIRECTION('ref_axis',(1.,0.,0.));
#2937=DIRECTION('center_axis',(0.,0.,1.));
#2938=DIRECTION('ref_axis',(0.982497157251339,-0.186277577805374,0.));
#2939=DIRECTION('center_axis',(0.43130784041931,-0.902204825299018,0.));
#2940=DIRECTION('ref_axis',(-0.902204825299018,-0.43130784041931,0.));
#2941=DIRECTION('center_axis',(0.,0.,1.));
#2942=DIRECTION('ref_axis',(1.,0.,0.));
#2943=DIRECTION('center_axis',(0.0348994967025006,-0.999390827019096,0.));
#2944=DIRECTION('ref_axis',(-0.999390827019096,-0.0348994967025006,0.));
#2945=DIRECTION('center_axis',(0.,0.,-1.));
#2946=DIRECTION('ref_axis',(-0.971237046230663,-0.238114678315169,0.));
#2947=DIRECTION('center_axis',(-0.034899496702501,0.999390827019096,0.));
#2948=DIRECTION('ref_axis',(-0.706676030840834,-0.0246776707783358,-0.707106781186548));
#2949=DIRECTION('center_axis',(0.0348994967025006,-0.999390827019096,0.));
#2950=DIRECTION('ref_axis',(-0.999390827019096,-0.0348994967025006,0.));
#2951=DIRECTION('',(-0.034899496702501,0.999390827019096,0.));
#2952=DIRECTION('center_axis',(0.,0.,1.));
#2953=DIRECTION('ref_axis',(-0.384315498376321,0.92320181851411,0.));
#2954=DIRECTION('center_axis',(-0.684578966991672,0.728938706581435,0.));
#2955=DIRECTION('ref_axis',(0.728938706581435,0.684578966991672,0.));
#2956=DIRECTION('center_axis',(0.,0.,-1.));
#2957=DIRECTION('ref_axis',(-0.384315498376318,0.923201818514111,0.));
#2958=DIRECTION('center_axis',(-0.684578966991675,0.728938706581432,0.));
#2959=DIRECTION('ref_axis',(0.515437502493083,0.484070429817483,-0.707106781186555));
#2960=DIRECTION('center_axis',(-0.684578966991674,0.728938706581433,0.));
#2961=DIRECTION('ref_axis',(0.728938706581433,0.684578966991675,0.));
#2962=DIRECTION('',(0.684578966991675,-0.728938706581432,0.));
#2963=DIRECTION('center_axis',(0.,0.,1.));
#2964=DIRECTION('ref_axis',(1.,0.,0.));
#2965=DIRECTION('center_axis',(0.0348994967025006,0.999390827019096,0.));
#2966=DIRECTION('ref_axis',(0.999390827019096,-0.0348994967025006,0.));
#2967=DIRECTION('center_axis',(0.,0.,-1.));
#2968=DIRECTION('ref_axis',(0.936051846378654,0.351862104937592,0.));
#2969=DIRECTION('center_axis',(0.0348994967025012,0.999390827019096,0.));
#2970=DIRECTION('ref_axis',(0.706676030840835,-0.0246776707783358,-0.707106781186547));
#2971=DIRECTION('center_axis',(0.0348994967024985,0.999390827019096,0.));
#2972=DIRECTION('ref_axis',(0.999390827019096,-0.0348994967024985,0.));
#2973=DIRECTION('',(-0.0348994967025012,-0.999390827019096,0.));
#2974=DIRECTION('center_axis',(0.,0.,-1.));
#2975=DIRECTION('ref_axis',(-1.,0.,0.));
#2976=DIRECTION('center_axis',(-0.464381831284595,0.885635091204479,0.));
#2977=DIRECTION('ref_axis',(0.885635091204479,0.464381831284595,0.));
#2978=DIRECTION('center_axis',(0.,0.,1.));
#2979=DIRECTION('ref_axis',(-0.975013404632366,-0.222146034822147,0.));
#2980=DIRECTION('center_axis',(0.,0.,1.));
#2981=DIRECTION('ref_axis',(1.,0.,0.));
#2982=DIRECTION('center_axis',(0.731613647699003,0.681719495467571,0.));
#2983=DIRECTION('ref_axis',(0.681719495467571,-0.731613647699003,0.));
#2984=DIRECTION('center_axis',(0.,0.,-1.));
#2985=DIRECTION('ref_axis',(0.98577451606733,-0.168073208668784,0.));
#2986=DIRECTION('center_axis',(0.,0.,1.));
#2987=DIRECTION('ref_axis',(-1.,3.84975074660389E-9,0.));
#2988=DIRECTION('center_axis',(0.,0.,1.));
#2989=DIRECTION('ref_axis',(-1.,0.,0.));
#2990=DIRECTION('center_axis',(-0.530872500476911,-0.847451702598674,0.));
#2991=DIRECTION('ref_axis',(-0.599238845635609,0.375383545032685,-0.707106781186546));
#2992=DIRECTION('center_axis',(0.530872500476919,0.847451702598669,0.));
#2993=DIRECTION('ref_axis',(0.,0.,-1.));
#2994=DIRECTION('',(0.530872500476911,0.847451702598674,0.));
#2995=DIRECTION('center_axis',(0.,0.,1.));
#2996=DIRECTION('ref_axis',(-0.966900090786262,-0.255155275151265,0.));
#2997=DIRECTION('center_axis',(-0.879897466896712,0.475163601035211,0.));
#2998=DIRECTION('ref_axis',(0.,0.,-1.));
#2999=DIRECTION('center_axis',(0.,0.,-1.));
#3000=DIRECTION('ref_axis',(-0.966900090786262,-0.255155275151265,0.));
#3001=DIRECTION('center_axis',(-0.879897466896667,0.475163601035294,0.));
#3002=DIRECTION('ref_axis',(-0.335991404465077,-0.622181465591498,-0.707106781186548));
#3003=DIRECTION('center_axis',(-0.879897466896667,0.475163601035295,0.));
#3004=DIRECTION('ref_axis',(0.,0.,-1.));
#3005=DIRECTION('',(-0.879897466896667,0.475163601035294,0.));
#3006=DIRECTION('center_axis',(0.,0.,1.));
#3007=DIRECTION('ref_axis',(1.,0.,0.));
#3008=DIRECTION('center_axis',(-0.502239430108042,0.864728601842653,0.));
#3009=DIRECTION('ref_axis',(0.,0.,-1.));
#3010=DIRECTION('center_axis',(0.,0.,1.));
#3011=DIRECTION('ref_axis',(0.696048976021843,0.717994305673063,0.));
#3012=DIRECTION('center_axis',(0.,0.,1.));
#3013=DIRECTION('ref_axis',(1.,0.,0.));
#3014=DIRECTION('center_axis',(-0.77326717620935,0.634080337336854,0.));
#3015=DIRECTION('ref_axis',(0.,0.,-1.));
#3016=DIRECTION('center_axis',(0.,0.,-1.));
#3017=DIRECTION('ref_axis',(-0.761558316106054,-0.648096390338437,0.));
#3018=DIRECTION('center_axis',(0.773267176209352,-0.634080337336851,0.));
#3019=DIRECTION('ref_axis',(-0.448362506347941,-0.546782463966604,-0.707106781186548));
#3020=DIRECTION('center_axis',(-0.773267176209354,0.634080337336849,0.));
#3021=DIRECTION('ref_axis',(0.,0.,-1.));
#3022=DIRECTION('',(-0.773267176209352,0.634080337336851,0.));
#3023=DIRECTION('center_axis',(-0.773267109514527,-0.634080418671834,0.));
#3024=DIRECTION('ref_axis',(0.,0.,-1.));
#3025=DIRECTION('center_axis',(0.,0.,-1.));
#3026=DIRECTION('ref_axis',(5.25917738165718E-8,-0.999999999999999,0.));
#3027=DIRECTION('center_axis',(-0.773267109514509,-0.634080418671856,0.));
#3028=DIRECTION('ref_axis',(0.448362563860473,-0.546782416806228,-0.70710678118655));
#3029=DIRECTION('center_axis',(-0.773267109514508,-0.634080418671857,0.));
#3030=DIRECTION('ref_axis',(0.,0.,-1.));
#3031=DIRECTION('',(-0.773267109514509,-0.634080418671856,0.));
#3032=DIRECTION('center_axis',(0.,0.,1.));
#3033=DIRECTION('ref_axis',(1.,0.,0.));
#3034=DIRECTION('center_axis',(-0.50224509165144,-0.864725313560345,0.));
#3035=DIRECTION('ref_axis',(0.,0.,-1.));
#3036=DIRECTION('center_axis',(0.,0.,-1.));
#3037=DIRECTION('ref_axis',(0.761556228577152,-0.648098843322024,0.));
#3038=DIRECTION('center_axis',(0.,0.,1.));
#3039=DIRECTION('ref_axis',(1.,0.,0.));
#3040=DIRECTION('center_axis',(-0.879897466896669,-0.475163601035291,0.));
#3041=DIRECTION('ref_axis',(0.,0.,-1.));
#3042=DIRECTION('center_axis',(0.,0.,1.));
#3043=DIRECTION('ref_axis',(-0.69604662559067,0.717996584256389,0.));
#3044=DIRECTION('center_axis',(0.879897466896668,0.475163601035293,0.));
#3045=DIRECTION('ref_axis',(0.335991404465074,-0.6221814655915,-0.707106781186548));
#3046=DIRECTION('center_axis',(-0.879897466896666,-0.475163601035296,0.));
#3047=DIRECTION('ref_axis',(0.,0.,-1.));
#3048=DIRECTION('',(-0.879897466896668,-0.475163601035293,0.));
#3049=DIRECTION('center_axis',(0.,0.,1.));
#3050=DIRECTION('ref_axis',(1.,0.,0.));
#3051=DIRECTION('center_axis',(0.530872500476911,-0.847451702598674,0.));
#3052=DIRECTION('ref_axis',(0.,0.,-1.));
#3053=DIRECTION('center_axis',(0.,0.,-1.));
#3054=DIRECTION('ref_axis',(0.966900090786262,-0.255155275151265,0.));
#3055=DIRECTION('center_axis',(0.530872500476911,-0.847451702598674,0.));
#3056=DIRECTION('ref_axis',(0.599238845635608,0.37538354503268,-0.707106781186549));
#3057=DIRECTION('',(0.530872500476911,-0.847451702598674,0.));
#3058=DIRECTION('center_axis',(0.,0.,1.));
#3059=DIRECTION('ref_axis',(0.475163601035211,-0.879897466896712,0.));
#3060=DIRECTION('',(0.,0.,1.));
#3061=DIRECTION('center_axis',(0.,0.,1.));
#3062=DIRECTION('ref_axis',(0.966900090786262,-0.255155275151265,0.));
#3063=DIRECTION('',(0.,0.,1.));
#3064=DIRECTION('center_axis',(0.847451702598674,0.530872500476911,0.));
#3065=DIRECTION('ref_axis',(-0.530872500476911,0.847451702598674,0.));
#3066=DIRECTION('',(0.,0.,1.));
#3067=DIRECTION('',(-0.530872500476911,0.847451702598674,0.));
#3068=DIRECTION('center_axis',(0.,0.,1.));
#3069=DIRECTION('ref_axis',(-0.681719510043144,0.731613634117446,0.));
#3070=DIRECTION('',(0.,0.,1.));
#3071=DIRECTION('center_axis',(0.,0.,-1.));
#3072=DIRECTION('ref_axis',(-1.,0.,0.));
#3073=DIRECTION('center_axis',(0.,0.,1.));
#3074=DIRECTION('ref_axis',(0.68171949546757,-0.731613647699003,0.));
#3075=DIRECTION('',(0.,0.,-1.));
#3076=DIRECTION('center_axis',(0.,0.,1.));
#3077=DIRECTION('ref_axis',(0.98577451606733,-0.168073208668784,0.));
#3078=DIRECTION('center_axis',(0.,0.,1.));
#3079=DIRECTION('ref_axis',(-0.975013404632366,-0.222146034822147,0.));
#3080=DIRECTION('',(0.,0.,1.));
#3081=DIRECTION('center_axis',(0.,0.,-1.));
#3082=DIRECTION('ref_axis',(-0.975013404632366,-0.222146034822147,0.));
#3083=DIRECTION('center_axis',(0.999390827019096,-0.0348994967025012,0.));
#3084=DIRECTION('ref_axis',(0.0348994967025012,0.999390827019096,0.));
#3085=DIRECTION('',(0.,0.,-1.));
#3086=DIRECTION('',(0.0348994967025012,0.999390827019096,0.));
#3087=DIRECTION('center_axis',(0.,0.,1.));
#3088=DIRECTION('ref_axis',(0.936051846378654,0.351862104937591,0.));
#3089=DIRECTION('',(0.,0.,1.));
#3090=DIRECTION('center_axis',(0.,0.,1.));
#3091=DIRECTION('ref_axis',(0.936051846378654,0.351862104937592,0.));
#3092=DIRECTION('center_axis',(0.728938706581432,0.684578966991675,0.));
#3093=DIRECTION('ref_axis',(-0.684578966991675,0.728938706581432,0.));
#3094=DIRECTION('',(0.,0.,-1.));
#3095=DIRECTION('',(-0.684578966991675,0.728938706581432,0.));
#3096=DIRECTION('center_axis',(0.,0.,1.));
#3097=DIRECTION('ref_axis',(-0.384315498376323,0.923201818514109,0.));
#3098=DIRECTION('',(0.,0.,1.));
#3099=DIRECTION('center_axis',(0.,0.,1.));
#3100=DIRECTION('ref_axis',(-0.384315498376318,0.923201818514111,0.));
#3101=DIRECTION('center_axis',(-0.999390827019096,-0.034899496702501,0.));
#3102=DIRECTION('ref_axis',(0.034899496702501,-0.999390827019096,0.));
#3103=DIRECTION('',(0.,0.,-1.));
#3104=DIRECTION('',(0.034899496702501,-0.999390827019096,0.));
#3105=DIRECTION('center_axis',(0.,0.,1.));
#3106=DIRECTION('ref_axis',(-0.971237046230664,-0.238114678315168,0.));
#3107=DIRECTION('',(0.,0.,1.));
#3108=DIRECTION('center_axis',(0.,0.,1.));
#3109=DIRECTION('ref_axis',(-0.971237046230663,-0.238114678315169,0.));
#3110=DIRECTION('center_axis',(0.,0.,1.));
#3111=DIRECTION('ref_axis',(0.681719510043145,-0.731613634117445,0.));
#3112=DIRECTION('',(0.,0.,1.));
#3113=DIRECTION('center_axis',(0.,0.,-1.));
#3114=DIRECTION('ref_axis',(0.982497157251339,-0.186277577805374,0.));
#3115=DIRECTION('center_axis',(0.,0.,-1.));
#3116=DIRECTION('ref_axis',(-1.,0.,0.));
#3117=DIRECTION('center_axis',(-0.731613634117445,-0.681719510043144,0.));
#3118=DIRECTION('ref_axis',(0.681719510043144,-0.731613634117446,0.));
#3119=DIRECTION('center_axis',(-0.530872500476911,-0.847451702598674,0.));
#3120=DIRECTION('ref_axis',(-0.599238845635608,0.37538354503268,0.707106781186549));
#3121=DIRECTION('',(-0.530872500476911,-0.847451702598674,0.));
#3122=DIRECTION('center_axis',(0.530872500476918,0.84745170259867,0.));
#3123=DIRECTION('ref_axis',(-0.84745170259867,0.530872500476918,0.));
#3124=DIRECTION('center_axis',(0.,0.,1.));
#3125=DIRECTION('ref_axis',(-0.966900090786262,-0.255155275151265,0.));
#3126=DIRECTION('center_axis',(-0.879897466896712,0.475163601035211,0.));
#3127=DIRECTION('ref_axis',(-0.475163601035211,-0.879897466896712,0.));
#3128=DIRECTION('center_axis',(0.,0.,1.));
#3129=DIRECTION('ref_axis',(-0.966900090786262,-0.255155275151265,0.));
#3130=DIRECTION('center_axis',(0.879897466896667,-0.475163601035294,0.));
#3131=DIRECTION('ref_axis',(-0.335991404465077,-0.622181465591498,0.707106781186548));
#3132=DIRECTION('center_axis',(-0.879897466896667,0.475163601035295,0.));
#3133=DIRECTION('ref_axis',(-0.475163601035295,-0.879897466896667,0.));
#3134=DIRECTION('',(0.879897466896667,-0.475163601035294,0.));
#3135=DIRECTION('center_axis',(0.,0.,-1.));
#3136=DIRECTION('ref_axis',(-1.,0.,0.));
#3137=DIRECTION('center_axis',(-0.502239430108042,0.864728601842653,0.));
#3138=DIRECTION('ref_axis',(-0.864728601842653,-0.502239430108042,0.));
#3139=DIRECTION('center_axis',(0.,0.,-1.));
#3140=DIRECTION('ref_axis',(0.696048976021843,0.717994305673063,0.));
#3141=DIRECTION('center_axis',(0.,0.,1.));
#3142=DIRECTION('ref_axis',(1.,0.,0.));
#3143=DIRECTION('center_axis',(-0.77326717620935,0.634080337336854,0.));
#3144=DIRECTION('ref_axis',(-0.634080337336854,-0.77326717620935,0.));
#3145=DIRECTION('center_axis',(0.,0.,1.));
#3146=DIRECTION('ref_axis',(-0.761558316106054,-0.648096390338437,0.));
#3147=DIRECTION('center_axis',(0.773267176209352,-0.634080337336851,0.));
#3148=DIRECTION('ref_axis',(-0.448362506347941,-0.546782463966606,0.707106781186548));
#3149=DIRECTION('center_axis',(-0.773267176209353,0.63408033733685,0.));
#3150=DIRECTION('ref_axis',(-0.63408033733685,-0.773267176209353,0.));
#3151=DIRECTION('',(0.773267176209352,-0.634080337336851,0.));
#3152=DIRECTION('center_axis',(-0.773267109514527,-0.634080418671834,0.));
#3153=DIRECTION('ref_axis',(0.634080418671834,-0.773267109514527,0.));
#3154=DIRECTION('center_axis',(0.,0.,1.));
#3155=DIRECTION('ref_axis',(5.25917738165718E-8,-0.999999999999999,0.));
#3156=DIRECTION('center_axis',(0.773267109514509,0.634080418671856,0.));
#3157=DIRECTION('ref_axis',(0.448362563860473,-0.546782416806228,0.70710678118655));
#3158=DIRECTION('center_axis',(-0.773267109514508,-0.634080418671857,0.));
#3159=DIRECTION('ref_axis',(0.634080418671857,-0.773267109514508,0.));
#3160=DIRECTION('',(0.773267109514509,0.634080418671856,0.));
#3161=DIRECTION('center_axis',(0.,0.,1.));
#3162=DIRECTION('ref_axis',(1.,0.,0.));
#3163=DIRECTION('center_axis',(-0.50224509165144,-0.864725313560345,0.));
#3164=DIRECTION('ref_axis',(0.864725313560345,-0.50224509165144,0.));
#3165=DIRECTION('center_axis',(0.,0.,1.));
#3166=DIRECTION('ref_axis',(0.761556228577152,-0.648098843322024,0.));
#3167=DIRECTION('center_axis',(0.,0.,-1.));
#3168=DIRECTION('ref_axis',(-1.,0.,0.));
#3169=DIRECTION('center_axis',(-0.879897466896669,-0.475163601035291,0.));
#3170=DIRECTION('ref_axis',(0.475163601035291,-0.879897466896669,0.));
#3171=DIRECTION('center_axis',(0.,0.,-1.));
#3172=DIRECTION('ref_axis',(-0.69604662559067,0.717996584256389,0.));
#3173=DIRECTION('center_axis',(0.879897466896668,0.475163601035293,0.));
#3174=DIRECTION('ref_axis',(0.335991404465076,-0.622181465591501,0.707106781186546));
#3175=DIRECTION('center_axis',(-0.879897466896666,-0.475163601035296,0.));
#3176=DIRECTION('ref_axis',(0.475163601035296,-0.879897466896667,0.));
#3177=DIRECTION('',(0.879897466896668,0.475163601035293,0.));
#3178=DIRECTION('center_axis',(0.,0.,1.));
#3179=DIRECTION('ref_axis',(1.,0.,0.));
#3180=DIRECTION('center_axis',(0.530872500476911,-0.847451702598674,0.));
#3181=DIRECTION('ref_axis',(0.847451702598674,0.530872500476911,0.));
#3182=DIRECTION('center_axis',(-0.530872500476911,0.847451702598674,0.));
#3183=DIRECTION('ref_axis',(0.599238845635608,0.37538354503268,0.707106781186549));
#3184=DIRECTION('center_axis',(0.,0.,1.));
#3185=DIRECTION('ref_axis',(1.,0.,0.));
#3186=DIRECTION('center_axis',(0.464381831284596,-0.885635091204479,0.));
#3187=DIRECTION('ref_axis',(0.885635091204479,0.464381831284596,0.));
#3188=DIRECTION('center_axis',(0.,0.,1.));
#3189=DIRECTION('ref_axis',(-0.975013404632366,-0.222146034822147,0.));
#3190=DIRECTION('center_axis',(-0.0348994967025007,-0.999390827019096,0.));
#3191=DIRECTION('ref_axis',(0.999390827019096,-0.0348994967025007,0.));
#3192=DIRECTION('center_axis',(0.0348994967025012,0.999390827019096,0.));
#3193=DIRECTION('ref_axis',(0.706676030840835,-0.0246776707783358,0.707106781186547));
#3194=DIRECTION('center_axis',(-0.0348994967025184,-0.999390827019095,0.));
#3195=DIRECTION('ref_axis',(0.999390827019095,-0.0348994967025184,0.));
#3196=DIRECTION('center_axis',(0.,0.,-1.));
#3197=DIRECTION('ref_axis',(0.936051846378654,0.351862104937592,0.));
#3198=DIRECTION('center_axis',(0.684578966991674,-0.728938706581433,0.));
#3199=DIRECTION('ref_axis',(0.728938706581433,0.684578966991674,0.));
#3200=DIRECTION('center_axis',(-0.684578966991675,0.728938706581432,0.));
#3201=DIRECTION('ref_axis',(0.515437502493083,0.484070429817483,0.707106781186555));
#3202=DIRECTION('center_axis',(0.684578966991672,-0.728938706581435,0.));
#3203=DIRECTION('ref_axis',(0.728938706581435,0.684578966991672,0.));
#3204=DIRECTION('center_axis',(0.,0.,-1.));
#3205=DIRECTION('ref_axis',(-1.,0.,0.));
#3206=DIRECTION('center_axis',(-0.0348994967025006,0.999390827019096,0.));
#3207=DIRECTION('ref_axis',(-0.999390827019096,-0.0348994967025006,0.));
#3208=DIRECTION('center_axis',(0.034899496702501,-0.999390827019096,0.));
#3209=DIRECTION('ref_axis',(-0.706676030840834,-0.0246776707783358,0.707106781186548));
#3210=DIRECTION('center_axis',(-0.0348994967024963,0.999390827019096,0.));
#3211=DIRECTION('ref_axis',(-0.999390827019096,-0.0348994967024963,0.));
#3212=DIRECTION('center_axis',(0.,0.,-1.));
#3213=DIRECTION('ref_axis',(-1.,0.,0.));
#3214=DIRECTION('center_axis',(-0.43130784041931,0.902204825299018,0.));
#3215=DIRECTION('ref_axis',(-0.902204825299018,-0.43130784041931,0.));
#3216=DIRECTION('center_axis',(0.,0.,-1.));
#3217=DIRECTION('ref_axis',(0.982497157251338,-0.186277577805383,0.));
#3218=DIRECTION('center_axis',(0.475163601035293,-0.879897466896668,0.));
#3219=DIRECTION('ref_axis',(0.879897466896668,0.475163601035293,0.));
#3220=DIRECTION('',(0.,0.,1.));
#3221=DIRECTION('center_axis',(0.,0.,1.));
#3222=DIRECTION('ref_axis',(-0.475163601035291,0.879897466896669,0.));
#3223=DIRECTION('',(0.,0.,1.));
#3224=DIRECTION('center_axis',(0.,0.,1.));
#3225=DIRECTION('ref_axis',(0.634080418671835,-0.773267109514527,0.));
#3226=DIRECTION('',(0.,0.,1.));
#3227=DIRECTION('center_axis',(0.634080418671856,-0.773267109514509,0.));
#3228=DIRECTION('ref_axis',(0.773267109514509,0.634080418671856,0.));
#3229=DIRECTION('',(0.,0.,1.));
#3230=DIRECTION('center_axis',(0.,0.,1.));
#3231=DIRECTION('ref_axis',(-0.634080337336853,-0.77326717620935,0.));
#3232=DIRECTION('',(0.,0.,1.));
#3233=DIRECTION('center_axis',(-0.634080337336851,-0.773267176209352,0.));
#3234=DIRECTION('ref_axis',(0.773267176209352,-0.634080337336851,0.));
#3235=DIRECTION('',(0.,0.,1.));
#3236=DIRECTION('center_axis',(0.,0.,1.));
#3237=DIRECTION('ref_axis',(-0.864728601842653,-0.502239430108041,0.));
#3238=DIRECTION('',(0.,0.,1.));
#3239=DIRECTION('center_axis',(0.,0.,1.));
#3240=DIRECTION('ref_axis',(0.864728601842653,0.502239430108042,0.));
#3241=DIRECTION('',(0.,0.,1.));
#3242=DIRECTION('center_axis',(-0.475163601035294,-0.879897466896667,0.));
#3243=DIRECTION('ref_axis',(0.879897466896667,-0.475163601035294,0.));
#3244=DIRECTION('',(0.,0.,1.));
#3245=DIRECTION('center_axis',(0.,0.,1.));
#3246=DIRECTION('ref_axis',(-0.847451702598674,0.530872500476911,0.));
#3247=DIRECTION('',(0.,0.,1.));
#3248=DIRECTION('center_axis',(-0.847451702598674,0.530872500476911,0.));
#3249=DIRECTION('ref_axis',(-0.530872500476911,-0.847451702598674,0.));
#3250=DIRECTION('center_axis',(0.,0.,-1.));
#3251=DIRECTION('ref_axis',(-0.807211530300523,-0.590262268275626,0.));
#3252=DIRECTION('center_axis',(0.,0.,1.));
#3253=DIRECTION('ref_axis',(-0.807211530300523,-0.590262268275626,0.));
#3254=DIRECTION('',(0.,0.,-1.));
#3255=DIRECTION('center_axis',(0.,0.,-1.));
#3256=DIRECTION('ref_axis',(-0.807211530300523,-0.590262268275626,0.));
#3257=DIRECTION('',(0.,0.,1.));
#3258=DIRECTION('center_axis',(0.,0.,1.));
#3259=DIRECTION('ref_axis',(1.,0.,0.));
#3260=DIRECTION('center_axis',(0.,0.,-1.));
#3261=DIRECTION('ref_axis',(1.,0.,0.));
#3262=DIRECTION('',(0.,0.,1.));
#3263=DIRECTION('center_axis',(0.,0.,-1.));
#3264=DIRECTION('ref_axis',(1.,0.,0.));
#3265=DIRECTION('center_axis',(0.,0.,1.));
#3266=DIRECTION('ref_axis',(-0.846419818002138,0.53251618913722,0.));
#3267=DIRECTION('center_axis',(0.,0.,-1.));
#3268=DIRECTION('ref_axis',(-0.846419818002138,0.53251618913722,0.));
#3269=DIRECTION('',(0.,0.,1.));
#3270=DIRECTION('center_axis',(0.,0.,1.));
#3271=DIRECTION('ref_axis',(-0.846419818002138,0.53251618913722,0.));
#3272=DIRECTION('',(0.,0.,-1.));
#3273=DIRECTION('center_axis',(0.,0.,1.));
#3274=DIRECTION('ref_axis',(1.,0.,0.));
#3275=DIRECTION('center_axis',(0.,0.,-1.));
#3276=DIRECTION('ref_axis',(1.,0.,0.));
#3277=DIRECTION('',(0.,0.,-1.));
#3278=DIRECTION('center_axis',(0.,0.,-1.));
#3279=DIRECTION('ref_axis',(1.,0.,0.));
#3280=DIRECTION('center_axis',(0.,0.,-1.));
#3281=DIRECTION('ref_axis',(-0.632225045869945,-0.774784803267815,0.));
#3282=DIRECTION('center_axis',(0.,0.,1.));
#3283=DIRECTION('ref_axis',(-0.632225045869945,-0.774784803267815,0.));
#3284=DIRECTION('',(0.,0.,-1.));
#3285=DIRECTION('center_axis',(0.,0.,-1.));
#3286=DIRECTION('ref_axis',(-0.632225045869945,-0.774784803267815,0.));
#3287=DIRECTION('',(0.,0.,1.));
#3288=DIRECTION('center_axis',(0.,0.,1.));
#3289=DIRECTION('ref_axis',(1.,0.,0.));
#3290=DIRECTION('center_axis',(0.,0.,1.));
#3291=DIRECTION('ref_axis',(1.,0.,0.));
#3292=DIRECTION('',(0.,0.,1.));
#3293=DIRECTION('center_axis',(0.,0.,1.));
#3294=DIRECTION('ref_axis',(1.,0.,0.));
#3295=DIRECTION('center_axis',(0.,0.,1.));
#3296=DIRECTION('ref_axis',(0.632225045869944,-0.774784803267815,0.));
#3297=DIRECTION('center_axis',(0.,0.,-1.));
#3298=DIRECTION('ref_axis',(0.632225045869944,-0.774784803267815,0.));
#3299=DIRECTION('center_axis',(0.,0.,1.));
#3300=DIRECTION('ref_axis',(0.632225045869944,-0.774784803267815,0.));
#3301=DIRECTION('center_axis',(0.,0.,1.));
#3302=DIRECTION('ref_axis',(0.807211530300524,-0.590262268275626,0.));
#3303=DIRECTION('center_axis',(0.,0.,-1.));
#3304=DIRECTION('ref_axis',(0.807211530300524,-0.590262268275626,0.));
#3305=DIRECTION('center_axis',(0.,0.,1.));
#3306=DIRECTION('ref_axis',(0.807211530300524,-0.590262268275626,0.));
#3307=DIRECTION('center_axis',(0.,0.,-1.));
#3308=DIRECTION('ref_axis',(0.846419818002137,0.532516189137222,0.));
#3309=DIRECTION('center_axis',(0.,0.,1.));
#3310=DIRECTION('ref_axis',(0.846419818002137,0.532516189137222,0.));
#3311=DIRECTION('center_axis',(0.,0.,-1.));
#3312=DIRECTION('ref_axis',(0.846419818002137,0.532516189137222,0.));
#3313=DIRECTION('center_axis',(0.,0.,-1.));
#3314=DIRECTION('ref_axis',(0.533781184218445,0.845622638872893,0.));
#3315=DIRECTION('center_axis',(0.,0.,1.));
#3316=DIRECTION('ref_axis',(0.533781184218445,0.845622638872893,0.));
#3317=DIRECTION('',(0.,0.,-1.));
#3318=DIRECTION('center_axis',(0.,0.,-1.));
#3319=DIRECTION('ref_axis',(0.533781184218445,0.845622638872893,0.));
#3320=DIRECTION('center_axis',(0.,0.,1.));
#3321=DIRECTION('ref_axis',(1.,0.,0.));
#3322=DIRECTION('center_axis',(0.,0.,1.));
#3323=DIRECTION('ref_axis',(1.,0.,0.));
#3324=DIRECTION('',(0.,0.,1.));
#3325=DIRECTION('center_axis',(0.,0.,1.));
#3326=DIRECTION('ref_axis',(1.,0.,0.));
#3327=DIRECTION('center_axis',(0.,0.,1.));
#3328=DIRECTION('ref_axis',(-0.757742054329377,0.652554196293837,0.));
#3329=DIRECTION('center_axis',(0.,0.,-1.));
#3330=DIRECTION('ref_axis',(-0.757742054329377,0.652554196293837,0.));
#3331=DIRECTION('center_axis',(0.,0.,1.));
#3332=DIRECTION('ref_axis',(-0.757742054329377,0.652554196293837,0.));
#3333=DIRECTION('',(0.,0.,-1.));
#3334=DIRECTION('center_axis',(0.,0.,-1.));
#3335=DIRECTION('ref_axis',(-0.596368286857872,-0.802710948243642,0.));
#3336=DIRECTION('center_axis',(0.,0.,1.));
#3337=DIRECTION('ref_axis',(-0.596368286857872,-0.802710948243642,0.));
#3338=DIRECTION('',(0.,0.,-1.));
#3339=DIRECTION('center_axis',(0.,0.,-1.));
#3340=DIRECTION('ref_axis',(-0.596368286857872,-0.802710948243642,0.));
#3341=DIRECTION('',(0.,0.,1.));
#3342=DIRECTION('center_axis',(0.,0.,1.));
#3343=DIRECTION('ref_axis',(1.,0.,0.));
#3344=DIRECTION('center_axis',(0.,0.,-1.));
#3345=DIRECTION('ref_axis',(1.,0.,0.));
#3346=DIRECTION('',(0.,0.,1.));
#3347=DIRECTION('center_axis',(0.,0.,-1.));
#3348=DIRECTION('ref_axis',(1.,0.,0.));
#3349=DIRECTION('center_axis',(0.,0.,1.));
#3350=DIRECTION('ref_axis',(-0.650909848869728,0.759155035973804,0.));
#3351=DIRECTION('center_axis',(0.,0.,-1.));
#3352=DIRECTION('ref_axis',(-0.650909848869728,0.759155035973804,0.));
#3353=DIRECTION('center_axis',(0.,0.,1.));
#3354=DIRECTION('ref_axis',(-0.650909848869728,0.759155035973804,0.));
#3355=DIRECTION('',(0.,0.,-1.));
#3356=DIRECTION('center_axis',(0.,0.,-1.));
#3357=DIRECTION('ref_axis',(-0.710376353108624,-0.703822020786571,0.));
#3358=DIRECTION('center_axis',(0.,0.,1.));
#3359=DIRECTION('ref_axis',(-0.710376353108624,-0.703822020786571,0.));
#3360=DIRECTION('',(0.,0.,-1.));
#3361=DIRECTION('center_axis',(0.,0.,-1.));
#3362=DIRECTION('ref_axis',(-0.710376353108624,-0.703822020786571,0.));
#3363=DIRECTION('',(0.,0.,1.));
#3364=DIRECTION('center_axis',(0.,0.,1.));
#3365=DIRECTION('ref_axis',(1.,0.,0.));
#3366=DIRECTION('center_axis',(0.,0.,1.));
#3367=DIRECTION('ref_axis',(1.,0.,0.));
#3368=DIRECTION('',(0.,0.,1.));
#3369=DIRECTION('center_axis',(0.,0.,1.));
#3370=DIRECTION('ref_axis',(1.,0.,0.));
#3371=DIRECTION('center_axis',(0.,0.,1.));
#3372=DIRECTION('ref_axis',(0.473493266675463,-0.880797437787485,0.));
#3373=DIRECTION('center_axis',(0.,0.,-1.));
#3374=DIRECTION('ref_axis',(0.473493266675463,-0.880797437787485,0.));
#3375=DIRECTION('center_axis',(0.,0.,1.));
#3376=DIRECTION('ref_axis',(0.473493266675463,-0.880797437787485,0.));
#3377=DIRECTION('center_axis',(0.,0.,1.));
#3378=DIRECTION('ref_axis',(0.813238937093145,-0.58192991948826,0.));
#3379=DIRECTION('center_axis',(0.,0.,-1.));
#3380=DIRECTION('ref_axis',(0.813238937093145,-0.58192991948826,0.));
#3381=DIRECTION('',(0.,0.,1.));
#3382=DIRECTION('center_axis',(0.,0.,1.));
#3383=DIRECTION('ref_axis',(0.813238937093145,-0.58192991948826,0.));
#3384=DIRECTION('center_axis',(0.,0.,1.));
#3385=DIRECTION('ref_axis',(-0.999390827019096,0.0348994967025005,0.));
#3386=DIRECTION('center_axis',(0.,0.,-1.));
#3387=DIRECTION('ref_axis',(1.,0.,0.));
#3388=DIRECTION('',(0.,0.,-1.));
#3389=DIRECTION('center_axis',(0.,0.,-1.));
#3390=DIRECTION('ref_axis',(1.,0.,0.));
#3391=DIRECTION('center_axis',(0.,0.,1.));
#3392=DIRECTION('ref_axis',(-0.999390827019096,0.0348994967025007,0.));
#3393=DIRECTION('center_axis',(0.,0.,1.));
#3394=DIRECTION('ref_axis',(-0.999390827019096,0.0348994967025007,0.));
#3395=DIRECTION('center_axis',(0.,0.,-1.));
#3396=DIRECTION('ref_axis',(-0.999390827019096,0.0348994967025007,0.));
#3397=DIRECTION('center_axis',(0.,0.,1.));
#3398=DIRECTION('ref_axis',(0.913002103036725,-0.407954850259826,0.));
#3399=DIRECTION('center_axis',(0.,0.,-1.));
#3400=DIRECTION('ref_axis',(0.913002103036725,-0.407954850259826,0.));
#3401=DIRECTION('',(0.,0.,1.));
#3402=DIRECTION('center_axis',(0.,0.,1.));
#3403=DIRECTION('ref_axis',(0.913002103036725,-0.407954850259826,0.));
#3404=DIRECTION('center_axis',(0.,0.,1.));
#3405=DIRECTION('ref_axis',(1.,0.,0.));
#3406=DIRECTION('center_axis',(0.,0.,1.));
#3407=DIRECTION('ref_axis',(1.,0.,0.));
#3408=DIRECTION('',(0.,0.,-1.));
#3409=DIRECTION('center_axis',(0.,0.,1.));
#3410=DIRECTION('ref_axis',(1.,0.,0.));
#3411=DIRECTION('center_axis',(0.,0.,-1.));
#3412=DIRECTION('ref_axis',(-0.506835970363824,-0.862042515857171,0.));
#3413=DIRECTION('center_axis',(0.,0.,1.));
#3414=DIRECTION('ref_axis',(-0.506835970363824,-0.862042515857171,0.));
#3415=DIRECTION('center_axis',(0.,0.,-1.));
#3416=DIRECTION('ref_axis',(-0.506835970363824,-0.862042515857171,0.));
#3417=DIRECTION('',(0.,0.,1.));
#3418=DIRECTION('center_axis',(0.,0.,1.));
#3419=DIRECTION('ref_axis',(-0.565734389537212,0.824587533555388,0.));
#3420=DIRECTION('center_axis',(0.,0.,-1.));
#3421=DIRECTION('ref_axis',(-0.565734389537212,0.824587533555388,0.));
#3422=DIRECTION('',(0.,0.,1.));
#3423=DIRECTION('center_axis',(0.,0.,1.));
#3424=DIRECTION('ref_axis',(-0.565734389537212,0.824587533555388,0.));
#3425=DIRECTION('',(0.,0.,-1.));
#3426=DIRECTION('center_axis',(0.,0.,1.));
#3427=DIRECTION('ref_axis',(1.,0.,0.));
#3428=DIRECTION('center_axis',(0.,0.,1.));
#3429=DIRECTION('ref_axis',(1.,0.,0.));
#3430=DIRECTION('',(0.,0.,-1.));
#3431=DIRECTION('center_axis',(0.,0.,1.));
#3432=DIRECTION('ref_axis',(1.,0.,0.));
#3433=DIRECTION('center_axis',(0.,0.,-1.));
#3434=DIRECTION('ref_axis',(0.6822266618531,0.731140740115592,0.));
#3435=DIRECTION('center_axis',(0.,0.,1.));
#3436=DIRECTION('ref_axis',(0.6822266618531,0.731140740115592,0.));
#3437=DIRECTION('center_axis',(0.,0.,-1.));
#3438=DIRECTION('ref_axis',(0.6822266618531,0.731140740115592,0.));
#3439=DIRECTION('center_axis',(0.,0.,1.));
#3440=DIRECTION('ref_axis',(1.,0.,0.));
#3441=DIRECTION('',(0.0348994967025009,-0.999390827019096,0.));
#3442=DIRECTION('center_axis',(0.999390827019096,0.0348994967025009,0.));
#3443=DIRECTION('ref_axis',(-0.0348994967025009,0.999390827019096,0.));
#3444=DIRECTION('',(0.,0.,1.));
#3445=DIRECTION('',(-0.0348994967025009,0.999390827019096,0.));
#3446=DIRECTION('',(0.0348994967025009,-0.999390827019096,0.));
#3447=DIRECTION('',(0.,0.,1.));
#3448=DIRECTION('',(-0.0348994967025009,0.999390827019096,0.));
#3449=DIRECTION('',(0.0348994967025009,-0.999390827019096,0.));
#3450=DIRECTION('',(-0.0348994967025009,0.999390827019096,0.));
#3451=DIRECTION('',(0.0348994967025009,-0.999390827019096,0.));
#3452=DIRECTION('',(-0.0348994967025009,0.999390827019096,0.));
#3453=DIRECTION('',(0.0348994967025009,-0.999390827019096,0.));
#3454=DIRECTION('',(-0.0348994967025009,0.999390827019096,0.));
#3455=DIRECTION('center_axis',(0.,0.,1.));
#3456=DIRECTION('ref_axis',(1.,0.,0.));
#3457=DIRECTION('center_axis',(0.,0.,1.));
#3458=DIRECTION('ref_axis',(0.863649479140094,-0.504092825956732,0.));
#3459=DIRECTION('',(0.853025690654115,0.521868921362511,0.));
#3460=DIRECTION('center_axis',(0.,0.,1.));
#3461=DIRECTION('ref_axis',(-8.13444891511575E-17,-1.,0.));
#3462=DIRECTION('',(0.853025690654115,-0.521868921362511,0.));
#3463=DIRECTION('center_axis',(0.,0.,1.));
#3464=DIRECTION('ref_axis',(-0.863649479140094,-0.504092825956733,0.));
#3465=DIRECTION('center_axis',(0.521868921362511,0.853025690654115,0.));
#3466=DIRECTION('ref_axis',(-0.853025690654115,0.521868921362511,0.));
#3467=DIRECTION('',(0.,0.,1.));
#3468=DIRECTION('',(0.,0.,-1.));
#3469=DIRECTION('center_axis',(0.,0.,1.));
#3470=DIRECTION('ref_axis',(-8.13444891511575E-17,-1.,0.));
#3471=DIRECTION('',(0.,0.,-1.));
#3472=DIRECTION('center_axis',(-0.521868921362511,0.853025690654115,0.));
#3473=DIRECTION('ref_axis',(-0.853025690654115,-0.521868921362511,0.));
#3474=DIRECTION('',(0.,0.,1.));
#3475=DIRECTION('center_axis',(0.,0.,1.));
#3476=DIRECTION('ref_axis',(0.863649479140094,-0.504092825956732,0.));
#3477=DIRECTION('center_axis',(0.,0.,1.));
#3478=DIRECTION('ref_axis',(1.,0.,0.));
#3479=DIRECTION('center_axis',(0.,0.,1.));
#3480=DIRECTION('ref_axis',(1.,0.,0.));
#3481=DIRECTION('center_axis',(0.,0.,1.));
#3482=DIRECTION('ref_axis',(1.,0.,0.));
#3483=DIRECTION('center_axis',(0.,0.,1.));
#3484=DIRECTION('ref_axis',(1.,0.,0.));
#3485=DIRECTION('center_axis',(0.,0.,-1.));
#3486=DIRECTION('ref_axis',(-0.863649479140094,-0.504092825956733,0.));
#3487=DIRECTION('',(-0.853025690654115,0.521868921362511,0.));
#3488=DIRECTION('center_axis',(0.,0.,-1.));
#3489=DIRECTION('ref_axis',(-8.13444891511575E-17,-1.,0.));
#3490=DIRECTION('',(-0.853025690654115,-0.521868921362511,0.));
#3491=DIRECTION('center_axis',(0.,0.,1.));
#3492=DIRECTION('ref_axis',(-0.863649479140094,-0.504092825956733,0.));
#3493=DIRECTION('',(0.,0.,-1.));
#3494=DIRECTION('center_axis',(0.,0.,1.));
#3495=DIRECTION('ref_axis',(-0.863649479140094,-0.504092825956733,0.));
#3496=DIRECTION('center_axis',(0.521868921362511,0.853025690654115,0.));
#3497=DIRECTION('ref_axis',(-0.853025690654115,0.521868921362511,0.));
#3498=DIRECTION('',(0.,0.,1.));
#3499=DIRECTION('center_axis',(0.,0.,1.));
#3500=DIRECTION('ref_axis',(-8.13444891511575E-17,-1.,0.));
#3501=DIRECTION('',(0.,0.,-1.));
#3502=DIRECTION('center_axis',(-0.521868921362511,0.853025690654115,0.));
#3503=DIRECTION('ref_axis',(-0.853025690654115,-0.521868921362511,0.));
#3504=DIRECTION('center_axis',(0.,0.,1.));
#3505=DIRECTION('ref_axis',(1.,0.,0.));
#3506=DIRECTION('center_axis',(0.,0.,1.));
#3507=DIRECTION('ref_axis',(1.,0.,0.));
#3508=DIRECTION('center_axis',(0.,0.,1.));
#3509=DIRECTION('ref_axis',(1.,0.,0.));
#3510=DIRECTION('',(0.,0.,-1.));
#3511=CARTESIAN_POINT('',(0.,0.,0.));
#3512=CARTESIAN_POINT('Origin',(5.715,0.,2.75));
#3513=CARTESIAN_POINT('',(9.13365,-4.1866387799051E-16,3.));
#3514=CARTESIAN_POINT('Origin',(5.715,0.,3.));
#3515=CARTESIAN_POINT('',(8.88365,-3.88047708011826E-16,2.75));
#3516=CARTESIAN_POINT('Origin',(9.13365,-4.1866387799051E-16,2.75));
#3517=CARTESIAN_POINT('',(2.54635,3.88047708011826E-16,2.75));
#3518=CARTESIAN_POINT('Origin',(5.715,0.,2.75));
#3519=CARTESIAN_POINT('Origin',(5.715,0.,2.75));
#3520=CARTESIAN_POINT('Origin',(5.715,0.,0.));
#3521=CARTESIAN_POINT('',(2.54635,-3.88047708011826E-16,0.25));
#3522=CARTESIAN_POINT('',(2.54635,-3.88047708011826E-16,0.));
#3523=CARTESIAN_POINT('',(8.88365,-3.88047708011826E-16,0.25));
#3524=CARTESIAN_POINT('Origin',(5.715,0.,0.25));
#3525=CARTESIAN_POINT('Origin',(5.715,0.,0.25));
#3526=CARTESIAN_POINT('Origin',(-0.0527517972953895,56.6291785727017,3.));
#3527=CARTESIAN_POINT('',(-9.42789777201044,2.32588514271446,3.));
#3528=CARTESIAN_POINT('',(-6.46936164868014,7.04870742615077,3.));
#3529=CARTESIAN_POINT('',(5.61822364700812,26.3445736274238,3.));
#3530=CARTESIAN_POINT('',(-7.79681052703552,-3.85505077684122,3.));
#3531=CARTESIAN_POINT('Origin',(-5.715,-1.11022302462516E-15,3.));
#3532=CARTESIAN_POINT('',(-2.48551537816384,-6.72326465862472,3.));
#3533=CARTESIAN_POINT('',(-17.4430941484499,1.35415033419838,3.));
#3534=CARTESIAN_POINT('',(-1.47752186479717,-7.70044908372638,3.));
#3535=CARTESIAN_POINT('Origin',(-3.7149939674593,-8.99998596885898,3.));
#3536=CARTESIAN_POINT('',(-1.13154946803831,-8.10699070287854,3.));
#3537=CARTESIAN_POINT('Origin',(-0.18042896203259,-6.94708993856397,3.));
#3538=CARTESIAN_POINT('',(-0.634087674192119,-8.51491017981763,3.));
#3539=CARTESIAN_POINT('',(-16.6795294353621,4.64237806111883,3.));
#3540=CARTESIAN_POINT('',(0.634073081816571,-8.51491011312281,3.));
#3541=CARTESIAN_POINT('Origin',(-7.33685526325714E-6,-7.74164300360829,
3.));
#3542=CARTESIAN_POINT('',(1.13156303085284,-8.10696746136829,3.));
#3543=CARTESIAN_POINT('',(16.3992464771256,4.41256038695845,3.));
#3544=CARTESIAN_POINT('',(1.47753037318557,-7.7004344345737,3.));
#3545=CARTESIAN_POINT('Origin',(0.180442402845253,-6.94706679709665,3.));
#3546=CARTESIAN_POINT('',(2.48551537816385,-6.7232646586247,3.));
#3547=CARTESIAN_POINT('Origin',(3.7149939674593,-8.99998596885909,3.));
#3548=CARTESIAN_POINT('',(7.79681052703543,-3.85505077684126,3.));
#3549=CARTESIAN_POINT('',(14.7466051011316,-0.102011882514161,3.));
#3550=CARTESIAN_POINT('',(9.42789777201044,2.32588514271447,3.));
#3551=CARTESIAN_POINT('Origin',(5.715,0.,3.));
#3552=CARTESIAN_POINT('',(6.46936164868035,7.04870742615052,3.));
#3553=CARTESIAN_POINT('',(-4.12326903825956,23.9581214616899,3.));
#3554=CARTESIAN_POINT('',(6.57398713198014,10.7316137831291,3.));
#3555=CARTESIAN_POINT('Origin',(8.33793636421678,8.83856350485017,3.));
#3556=CARTESIAN_POINT('',(7.02999905312719,13.4061918575561,3.));
#3557=CARTESIAN_POINT('Origin',(5.04947301730687,12.3677051077027,3.));
#3558=CARTESIAN_POINT('',(6.4612203740541,15.9025984974916,3.));
#3559=CARTESIAN_POINT('Origin',(11.4581745091496,15.7281010139791,3.));
#3560=CARTESIAN_POINT('',(9.15947054120391,93.1703737046623,3.));
#3561=CARTESIAN_POINT('',(7.14493105803061,35.4815108160783,3.));
#3562=CARTESIAN_POINT('',(4.96746267442012,104.322289891922,3.));
#3563=CARTESIAN_POINT('Origin',(-6.33108727759208,93.711315903551,3.));
#3564=CARTESIAN_POINT('',(-6.46717636365851,116.497877212798,3.));
#3565=CARTESIAN_POINT('',(18.0420076521095,90.4005330680762,3.));
#3566=CARTESIAN_POINT('',(-9.92383543085957,115.05892028541,3.));
#3567=CARTESIAN_POINT('Origin',(-7.92505377682138,115.128719278815,3.));
#3568=CARTESIAN_POINT('',(-6.2950393839158,11.1437975730855,3.));
#3569=CARTESIAN_POINT('',(-9.03812454739787,89.6954790911661,3.));
#3570=CARTESIAN_POINT('',(-6.00348137875557,9.95457254193513,3.));
#3571=CARTESIAN_POINT('Origin',(-3.29686690285851,11.2484960631931,3.));
#3572=CARTESIAN_POINT('Origin',(-8.33793636421678,8.83856350485017,3.));
#3573=CARTESIAN_POINT('',(2.82033081520184,105.147800968901,3.));
#3574=CARTESIAN_POINT('',(-8.4138111532016,100.471190954889,3.));
#3575=CARTESIAN_POINT('Origin',(-1.91777077757747,100.698037683455,3.));
#3576=CARTESIAN_POINT('',(3.38358314687878,104.548050690367,3.));
#3577=CARTESIAN_POINT('',(9.24466216884925,98.3071821164738,3.));
#3578=CARTESIAN_POINT('',(8.1164952545379,91.9571775757191,3.));
#3579=CARTESIAN_POINT('Origin',(-9.37284421829628,92.5679187680128,3.));
#3580=CARTESIAN_POINT('',(5.33200011552572,12.2196695099173,3.));
#3581=CARTESIAN_POINT('',(7.61528839103675,77.6044908853643,3.));
#3582=CARTESIAN_POINT('',(2.94439058724279,8.12903854015922,3.));
#3583=CARTESIAN_POINT('Origin',(0.335045980430241,12.3941669934298,3.));
#3584=CARTESIAN_POINT('',(2.60934460681255,7.92406219966953,3.));
#3585=CARTESIAN_POINT('',(13.5668026654716,14.6276783751242,3.));
#3586=CARTESIAN_POINT('',(-2.60934460681255,7.92406219966953,3.));
#3587=CARTESIAN_POINT('Origin',(8.32667268468867E-16,12.1891906529401,3.));
#3588=CARTESIAN_POINT('',(-2.9443905872428,8.12903854015922,3.));
#3589=CARTESIAN_POINT('',(-11.4764205795209,13.3488125022874,3.));
#3590=CARTESIAN_POINT('',(-5.33200011552572,12.2196695099173,3.));
#3591=CARTESIAN_POINT('Origin',(-0.335045980430243,12.3941669934298,3.));
#3592=CARTESIAN_POINT('',(-6.06571024409503,33.2303785878686,3.));
#3593=CARTESIAN_POINT('',(-8.88365,-3.88047708011826E-16,3.));
#3594=CARTESIAN_POINT('Origin',(-5.715,0.,3.));
#3595=CARTESIAN_POINT('Origin',(5.715,0.,0.25));
#3596=CARTESIAN_POINT('',(9.13365,-4.1866387799051E-16,0.));
#3597=CARTESIAN_POINT('Origin',(9.13365,-4.1866387799051E-16,0.25));
#3598=CARTESIAN_POINT('Origin',(5.715,0.,0.));
#3599=CARTESIAN_POINT('Origin',(-0.0527517972953895,56.6291785727017,0.));
#3600=CARTESIAN_POINT('',(-6.00348137875557,9.95457254193513,0.));
#3601=CARTESIAN_POINT('',(-6.46936164868033,7.04870742615054,0.));
#3602=CARTESIAN_POINT('Origin',(-8.33793636421678,8.83856350485017,0.));
#3603=CARTESIAN_POINT('',(-6.2950393839158,11.1437975730856,0.));
#3604=CARTESIAN_POINT('Origin',(-3.29686690285851,11.2484960631931,0.));
#3605=CARTESIAN_POINT('',(-9.92383543085957,115.05892028541,0.));
#3606=CARTESIAN_POINT('',(-9.03812454739787,89.6954790911661,0.));
#3607=CARTESIAN_POINT('',(-6.46717636365851,116.497877212798,0.));
#3608=CARTESIAN_POINT('Origin',(-7.92505377682138,115.128719278815,0.));
#3609=CARTESIAN_POINT('',(4.96746267442012,104.322289891922,0.));
#3610=CARTESIAN_POINT('',(18.0420076521095,90.4005330680762,0.));
#3611=CARTESIAN_POINT('',(9.15947054120391,93.1703737046623,0.));
#3612=CARTESIAN_POINT('Origin',(-6.33108727759208,93.711315903551,0.));
#3613=CARTESIAN_POINT('',(6.4612203740541,15.9025984974916,0.));
#3614=CARTESIAN_POINT('',(7.14493105803061,35.4815108160783,0.));
#3615=CARTESIAN_POINT('',(7.02999905312719,13.4061918575561,0.));
#3616=CARTESIAN_POINT('Origin',(11.4581745091496,15.7281010139791,0.));
#3617=CARTESIAN_POINT('',(6.57398714655571,10.7316137967106,0.));
#3618=CARTESIAN_POINT('Origin',(5.04947301730687,12.3677051077027,0.));
#3619=CARTESIAN_POINT('',(6.46936164868031,7.04870742615059,0.));
#3620=CARTESIAN_POINT('Origin',(8.33793636421678,8.83856350485017,0.));
#3621=CARTESIAN_POINT('',(9.42789777201044,2.32588514271447,0.));
#3622=CARTESIAN_POINT('',(-4.12326903825956,23.9581214616899,0.));
#3623=CARTESIAN_POINT('',(7.79681052703543,-3.85505077684127,0.));
#3624=CARTESIAN_POINT('Origin',(5.715,0.,0.));
#3625=CARTESIAN_POINT('',(2.48551537816385,-6.7232646586247,0.));
#3626=CARTESIAN_POINT('',(14.7466051011316,-0.102011882514166,0.));
#3627=CARTESIAN_POINT('',(1.47753037318557,-7.7004344345737,0.));
#3628=CARTESIAN_POINT('Origin',(3.7149939674593,-8.99998596885909,0.));
#3629=CARTESIAN_POINT('',(1.13156303085284,-8.10696746136829,0.));
#3630=CARTESIAN_POINT('Origin',(0.180442402845253,-6.94706679709665,0.));
#3631=CARTESIAN_POINT('',(0.634073081816571,-8.51491011312281,0.));
#3632=CARTESIAN_POINT('',(16.3992464771256,4.41256038695845,0.));
#3633=CARTESIAN_POINT('',(-0.634087674192121,-8.51491017981764,0.));
#3634=CARTESIAN_POINT('Origin',(-7.33685526325714E-6,-7.74164300360829,
0.));
#3635=CARTESIAN_POINT('',(-1.13154946803831,-8.10699070287854,0.));
#3636=CARTESIAN_POINT('',(-16.6795294353621,4.64237806111883,0.));
#3637=CARTESIAN_POINT('',(-1.47752186479717,-7.70044908372638,0.));
#3638=CARTESIAN_POINT('Origin',(-0.18042896203259,-6.94708993856397,0.));
#3639=CARTESIAN_POINT('',(-2.48551537816384,-6.72326465862472,0.));
#3640=CARTESIAN_POINT('Origin',(-3.7149939674593,-8.99998596885898,0.));
#3641=CARTESIAN_POINT('',(-7.79681052703552,-3.85505077684122,0.));
#3642=CARTESIAN_POINT('',(-17.4430941484499,1.35415033419838,0.));
#3643=CARTESIAN_POINT('',(-9.42789777201044,2.32588514271446,0.));
#3644=CARTESIAN_POINT('Origin',(-5.715,-1.11022302462516E-15,0.));
#3645=CARTESIAN_POINT('',(5.61822364700812,26.3445736274238,0.));
#3646=CARTESIAN_POINT('',(-7.4144203261825,100.506090451591,0.));
#3647=CARTESIAN_POINT('',(2.0913921086204,104.463222001909,0.));
#3648=CARTESIAN_POINT('Origin',(-1.91777077757747,100.698037683455,0.));
#3649=CARTESIAN_POINT('',(-4.33260928850663,12.2545690066198,0.));
#3650=CARTESIAN_POINT('',(-4.257534160966,10.1046986391191,0.));
#3651=CARTESIAN_POINT('',(-2.42252166588028,8.98206423081334,0.));
#3652=CARTESIAN_POINT('Origin',(-0.335045980430243,12.3941669934298,0.));
#3653=CARTESIAN_POINT('',(-2.08747568545004,8.77708789032364,0.));
#3654=CARTESIAN_POINT('',(-4.257534160966,10.1046986391191,0.));
#3655=CARTESIAN_POINT('',(2.08747568545004,8.77708789032364,0.));
#3656=CARTESIAN_POINT('Origin',(8.32667268468867E-16,12.1891906529401,0.));
#3657=CARTESIAN_POINT('',(2.42252166588028,8.98206423081334,0.));
#3658=CARTESIAN_POINT('',(4.257534160966,10.1046986391191,0.));
#3659=CARTESIAN_POINT('',(4.33260928850662,12.2545690066198,0.));
#3660=CARTESIAN_POINT('Origin',(0.335045980430241,12.3941669934298,0.));
#3661=CARTESIAN_POINT('',(7.1171044275188,91.9920770724216,0.));
#3662=CARTESIAN_POINT('',(4.257534160966,10.1046986391191,0.));
#3663=CARTESIAN_POINT('',(2.65464444029735,103.863471723375,0.));
#3664=CARTESIAN_POINT('Origin',(-9.37284421829628,92.5679187680128,0.));
#3665=CARTESIAN_POINT('',(7.35681895557639,98.8566030134734,0.));
#3666=CARTESIAN_POINT('',(-8.88365,-3.88047708011826E-16,0.));
#3667=CARTESIAN_POINT('Origin',(-5.715,0.,0.));
#3668=CARTESIAN_POINT('Origin',(-1.91777077757747,100.698037683455,2.));
#3669=CARTESIAN_POINT('',(2.0913921086204,104.463222001909,2.));
#3670=CARTESIAN_POINT('Origin',(2.82033081520184,105.147800968901,2.));
#3671=CARTESIAN_POINT('',(-7.4144203261825,100.506090451591,2.));
#3672=CARTESIAN_POINT('Origin',(-8.4138111532016,100.471190954889,2.));
#3673=CARTESIAN_POINT('Origin',(-1.91777077757747,100.698037683455,2.));
#3674=CARTESIAN_POINT('Origin',(-6.06571024409503,33.2303785878686,2.));
#3675=CARTESIAN_POINT('',(-4.33260928850663,12.2545690066198,2.));
#3676=CARTESIAN_POINT('Origin',(-5.33200011552572,12.2196695099173,2.));
#3677=CARTESIAN_POINT('',(-5.06631941707593,33.2652780845711,2.));
#3678=CARTESIAN_POINT('Origin',(-0.335045980430243,12.3941669934298,2.));
#3679=CARTESIAN_POINT('',(-2.42252166588028,8.98206423081334,2.));
#3680=CARTESIAN_POINT('Origin',(-2.9443905872428,8.12903854015922,2.));
#3681=CARTESIAN_POINT('Origin',(-0.335045980430243,12.3941669934298,2.));
#3682=CARTESIAN_POINT('Origin',(-11.4764205795209,13.3488125022874,2.));
#3683=CARTESIAN_POINT('',(-2.08747568545004,8.77708789032364,2.));
#3684=CARTESIAN_POINT('Origin',(-2.60934460681255,7.92406219966953,2.));
#3685=CARTESIAN_POINT('',(-10.9545516581584,14.2018381929416,2.));
#3686=CARTESIAN_POINT('Origin',(8.32667268468867E-16,12.1891906529401,2.));
#3687=CARTESIAN_POINT('',(2.08747568545004,8.77708789032364,2.));
#3688=CARTESIAN_POINT('Origin',(2.60934460681255,7.92406219966953,2.));
#3689=CARTESIAN_POINT('Origin',(8.32667268468867E-16,12.1891906529401,2.));
#3690=CARTESIAN_POINT('Origin',(13.5668026654716,14.6276783751242,2.));
#3691=CARTESIAN_POINT('',(2.42252166588028,8.98206423081334,2.));
#3692=CARTESIAN_POINT('Origin',(2.94439058724279,8.12903854015922,2.));
#3693=CARTESIAN_POINT('',(13.044933744109,15.4807040657783,2.));
#3694=CARTESIAN_POINT('Origin',(0.335045980430241,12.3941669934298,2.));
#3695=CARTESIAN_POINT('',(4.33260928850663,12.2545690066198,2.));
#3696=CARTESIAN_POINT('Origin',(5.33200011552572,12.2196695099173,2.));
#3697=CARTESIAN_POINT('Origin',(0.335045980430241,12.3941669934298,2.));
#3698=CARTESIAN_POINT('Origin',(7.61528839103675,77.6044908853643,2.));
#3699=CARTESIAN_POINT('',(7.1171044275188,91.9920770724216,2.));
#3700=CARTESIAN_POINT('Origin',(8.1164952545379,91.9571775757191,2.));
#3701=CARTESIAN_POINT('',(6.61589756401766,77.6393903820668,2.));
#3702=CARTESIAN_POINT('Origin',(-9.37284421829628,92.5679187680128,2.));
#3703=CARTESIAN_POINT('',(2.65464444029735,103.863471723375,2.));
#3704=CARTESIAN_POINT('Origin',(3.38358314687878,104.548050690367,2.));
#3705=CARTESIAN_POINT('Origin',(-9.37284421829628,92.5679187680128,2.));
#3706=CARTESIAN_POINT('Origin',(9.24466216884925,98.3071821164738,2.));
#3707=CARTESIAN_POINT('',(8.51572346226783,97.6226031494821,2.));
#3708=CARTESIAN_POINT('Origin',(0.335045980430241,12.3941669934298,0.));
#3709=CARTESIAN_POINT('',(4.33260928850662,12.2545690066198,1.8));
#3710=CARTESIAN_POINT('',(4.33260928850663,12.2545690066198,0.));
#3711=CARTESIAN_POINT('',(2.42252166588028,8.98206423081333,1.8));
#3712=CARTESIAN_POINT('Origin',(0.335045980430241,12.3941669934298,1.8));
#3713=CARTESIAN_POINT('',(2.42252166588028,8.98206423081334,0.));
#3714=CARTESIAN_POINT('Origin',(7.35681895557639,98.8566030134734,0.));
#3715=CARTESIAN_POINT('',(7.1171044275188,91.9920770724216,1.8));
#3716=CARTESIAN_POINT('',(7.1171044275188,91.9920770724216,0.));
#3717=CARTESIAN_POINT('',(7.09758779661852,91.4331938867319,1.8));
#3718=CARTESIAN_POINT('',(7.14555825268639,92.8068880167884,1.8));
#3719=CARTESIAN_POINT('',(7.09758779661852,91.4331938867319,1.2));
#3720=CARTESIAN_POINT('',(7.09758779661852,91.4331938867319,1.5));
#3721=CARTESIAN_POINT('',(7.1171044275188,91.9920770724216,1.2));
#3722=CARTESIAN_POINT('',(7.14555825268639,92.8068880167884,1.2));
#3723=CARTESIAN_POINT('',(7.1171044275188,91.9920770724216,0.));
#3724=CARTESIAN_POINT('',(4.33260928850662,12.2545690066198,1.2));
#3725=CARTESIAN_POINT('',(4.33260928850663,12.2545690066198,0.));
#3726=CARTESIAN_POINT('',(4.67943799301288,22.1864436346465,1.2));
#3727=CARTESIAN_POINT('',(5.87824901698256,56.5158997553945,1.2));
#3728=CARTESIAN_POINT('',(4.67943799301288,22.1864436346465,1.8));
#3729=CARTESIAN_POINT('',(4.67943799301288,22.1864436346465,1.5));
#3730=CARTESIAN_POINT('',(5.87824901698256,56.5158997553945,1.8));
#3731=CARTESIAN_POINT('',(6.77592644649236,82.2220179931945,1.8));
#3732=CARTESIAN_POINT('',(6.45287675532195,72.9710852138705,1.8));
#3733=CARTESIAN_POINT('',(7.14555825268639,92.8068880167884,1.8));
#3734=CARTESIAN_POINT('',(6.45287675532195,72.9710852138705,1.2));
#3735=CARTESIAN_POINT('',(6.45287675532195,72.9710852138705,1.5));
#3736=CARTESIAN_POINT('',(6.77592644649236,82.2220179931945,1.2));
#3737=CARTESIAN_POINT('',(7.14555825268639,92.8068880167884,1.2));
#3738=CARTESIAN_POINT('',(6.77592644649236,82.2220179931945,1.5));
#3739=CARTESIAN_POINT('',(5.45775768884827,44.4746035796712,1.2));
#3740=CARTESIAN_POINT('',(6.30844661209648,68.8351470507782,1.2));
#3741=CARTESIAN_POINT('',(6.6223295787738,77.823579185743,1.2));
#3742=CARTESIAN_POINT('',(6.30844661209648,68.8351470507782,1.8));
#3743=CARTESIAN_POINT('',(6.30844661209648,68.8351470507782,1.5));
#3744=CARTESIAN_POINT('',(5.45775768884827,44.4746035796712,1.8));
#3745=CARTESIAN_POINT('',(6.6223295787738,77.823579185743,1.8));
#3746=CARTESIAN_POINT('',(5.45775768884827,44.4746035796712,1.5));
#3747=CARTESIAN_POINT('',(5.32596044301684,40.7004242660517,1.8));
#3748=CARTESIAN_POINT('',(5.00381586353049,31.4754104941618,1.8));
#3749=CARTESIAN_POINT('',(6.24914155875056,67.1368725222075,1.8));
#3750=CARTESIAN_POINT('',(5.00381586353049,31.4754104941618,1.2));
#3751=CARTESIAN_POINT('',(5.00381586353049,31.4754104941618,1.5));
#3752=CARTESIAN_POINT('',(5.32596044301684,40.7004242660517,1.2));
#3753=CARTESIAN_POINT('',(6.24914155875056,67.1368725222075,1.2));
#3754=CARTESIAN_POINT('',(5.32596044301684,40.7004242660517,1.5));
#3755=CARTESIAN_POINT('Origin',(-9.37284421829628,92.5679187680128,0.));
#3756=CARTESIAN_POINT('',(2.65464444029735,103.863471723375,0.));
#3757=CARTESIAN_POINT('',(3.53570876520786,102.845041900099,1.2));
#3758=CARTESIAN_POINT('Origin',(-9.37284421829628,92.5679187680128,1.2));
#3759=CARTESIAN_POINT('',(3.53570876520786,102.845041900099,1.8));
#3760=CARTESIAN_POINT('',(3.53570876520786,102.845041900099,0.));
#3761=CARTESIAN_POINT('Origin',(-9.37284421829628,92.5679187680128,1.8));
#3762=CARTESIAN_POINT('Origin',(-7.92505377682137,115.128719278815,0.));
#3763=CARTESIAN_POINT('',(2.0913921086204,104.463222001909,0.));
#3764=CARTESIAN_POINT('Origin',(-1.91777077757747,100.698037683455,0.));
#3765=CARTESIAN_POINT('',(-7.4144203261825,100.506090451591,0.));
#3766=CARTESIAN_POINT('Origin',(-8.33793636421678,8.83856350485017,1.));
#3767=CARTESIAN_POINT('',(-7.25570664202328,7.67712686068872,1.));
#3768=CARTESIAN_POINT('',(-6.90568620405458,9.52326470151582,1.));
#3769=CARTESIAN_POINT('Origin',(-8.33793636421678,8.83856350485017,1.));
#3770=CARTESIAN_POINT('Origin',(-6.00348137875557,9.95457254193513,1.));
#3771=CARTESIAN_POINT('Ctrl Pts',(-6.46936164868035,7.04870742615055,0.));
#3772=CARTESIAN_POINT('Ctrl Pts',(-6.47118310390211,7.05012620179331,-1.40637477187535E-19));
#3773=CARTESIAN_POINT('Ctrl Pts',(-6.47300445710644,7.05154509764595,7.91282717036096E-6));
#3774=CARTESIAN_POINT('Ctrl Pts',(-6.58110359276474,7.13576988566631,0.000947222988453255));
#3775=CARTESIAN_POINT('Ctrl Pts',(-6.68585715614233,7.21809895700934,0.0288054914247051));
#3776=CARTESIAN_POINT('Ctrl Pts',(-6.87710680229546,7.36981895511905,0.133574120426031));
#3777=CARTESIAN_POINT('Ctrl Pts',(-6.96227989943171,7.43811654232901,0.208117410356622));
#3778=CARTESIAN_POINT('Ctrl Pts',(-7.10444345768305,7.5530272335443,0.394023705884015));
#3779=CARTESIAN_POINT('Ctrl Pts',(-7.16035637634734,7.59873634120269,0.50334922327222));
#3780=CARTESIAN_POINT('Ctrl Pts',(-7.2362644252567,7.66103167536235,0.742976210555893));
#3781=CARTESIAN_POINT('Ctrl Pts',(-7.25570664202327,7.67712686068874,0.870833994212766));
#3782=CARTESIAN_POINT('Ctrl Pts',(-7.25570664202326,7.67712686068874,1.));
#3783=CARTESIAN_POINT('Origin',(-3.29686690285851,11.2484960631931,1.));
#3784=CARTESIAN_POINT('',(-7.2944302109349,11.1088980763831,1.));
#3785=CARTESIAN_POINT('Origin',(-6.2950393839158,11.1437975730856,1.));
#3786=CARTESIAN_POINT('Origin',(-3.29686690285851,11.2484960631931,1.));
#3787=CARTESIAN_POINT('Origin',(-9.03812454739787,89.6954790911661,1.));
#3788=CARTESIAN_POINT('',(-10.9232262578787,115.024020788708,1.));
#3789=CARTESIAN_POINT('Origin',(-9.92383543085957,115.05892028541,1.));
#3790=CARTESIAN_POINT('',(-10.037515374417,89.6605795944636,1.));
#3791=CARTESIAN_POINT('Origin',(-7.92505377682138,115.128719278815,1.));
#3792=CARTESIAN_POINT('',(-5.73823765707708,117.18245617979,1.));
#3793=CARTESIAN_POINT('Origin',(-6.46717636365851,116.497877212798,1.));
#3794=CARTESIAN_POINT('Origin',(-7.92505377682138,115.128719278815,1.));
#3795=CARTESIAN_POINT('Origin',(18.0420076521095,90.4005330680762,1.));
#3796=CARTESIAN_POINT('',(5.69640138100154,105.006868858914,1.));
#3797=CARTESIAN_POINT('Origin',(4.96746267442012,104.322289891922,1.));
#3798=CARTESIAN_POINT('',(18.7709463586909,91.0851120350679,1.));
#3799=CARTESIAN_POINT('Origin',(-6.33108727759208,93.711315903551,1.));
#3800=CARTESIAN_POINT('',(10.158861368223,93.1354742079598,1.));
#3801=CARTESIAN_POINT('Origin',(9.15947054120391,93.1703737046623,1.));
#3802=CARTESIAN_POINT('Origin',(-6.33108727759208,93.711315903551,1.));
#3803=CARTESIAN_POINT('Origin',(7.14493105803061,35.4815108160783,1.));
#3804=CARTESIAN_POINT('',(7.4606112010732,15.8676990007891,1.));
#3805=CARTESIAN_POINT('Origin',(6.4612203740541,15.9025984974916,1.));
#3806=CARTESIAN_POINT('',(8.14432188504971,35.4466113193758,1.));
#3807=CARTESIAN_POINT('Origin',(11.4581745091496,15.7281010139791,1.));
#3808=CARTESIAN_POINT('',(7.91563414433167,13.8705736888407,1.));
#3809=CARTESIAN_POINT('Origin',(7.02999905312719,13.4061918575561,1.));
#3810=CARTESIAN_POINT('Origin',(11.4581745091496,15.7281010139791,1.));
#3811=CARTESIAN_POINT('Origin',(5.04947301730687,12.3677051077027,1.));
#3812=CARTESIAN_POINT('',(7.25570664202328,10.0000001490116,1.));
#3813=CARTESIAN_POINT('Origin',(6.57398714655571,10.7316137967106,1.));
#3814=CARTESIAN_POINT('Origin',(5.04947301730687,12.3677051077027,1.));
#3815=CARTESIAN_POINT('Origin',(8.33793636421678,8.83856350485017,1.));
#3816=CARTESIAN_POINT('',(7.25570664202328,7.67712686068872,1.));
#3817=CARTESIAN_POINT('Origin',(8.33793636421678,8.83856350485017,1.));
#3818=CARTESIAN_POINT('Ctrl Pts',(7.2557066420233,7.6771268606887,1.));
#3819=CARTESIAN_POINT('Ctrl Pts',(7.25570664202329,7.67712686068872,0.870833994212791));
#3820=CARTESIAN_POINT('Ctrl Pts',(7.23626442525675,7.66103167536233,0.742976210555939));
#3821=CARTESIAN_POINT('Ctrl Pts',(7.16035637634735,7.59873634120268,0.503349223272212));
#3822=CARTESIAN_POINT('Ctrl Pts',(7.10444345768306,7.55302723354428,0.394023705884007));
#3823=CARTESIAN_POINT('Ctrl Pts',(6.9622798994317,7.43811654232897,0.208117410356596));
#3824=CARTESIAN_POINT('Ctrl Pts',(6.87710680229541,7.36981895511903,0.133574120426006));
#3825=CARTESIAN_POINT('Ctrl Pts',(6.68585715614544,7.21809895701172,0.0288054914263871));
#3826=CARTESIAN_POINT('Ctrl Pts',(6.58110359277845,7.13576988568554,0.000947222988604197));
#3827=CARTESIAN_POINT('Ctrl Pts',(6.47300445710593,7.05154509764525,7.9128271645344E-6));
#3828=CARTESIAN_POINT('Ctrl Pts',(6.47118310390269,7.05012620179382,-1.16061460344106E-18));
#3829=CARTESIAN_POINT('Ctrl Pts',(6.46936164868031,7.04870742615059,0.));
#3830=CARTESIAN_POINT('Origin',(5.61822364700812,26.3445736274238,1.));
#3831=CARTESIAN_POINT('',(-10.2753494746091,2.85675764319138,1.));
#3832=CARTESIAN_POINT('Origin',(-9.42789777201044,2.32588514271446,1.));
#3833=CARTESIAN_POINT('',(4.77077194440945,26.8754461279008,1.));
#3834=CARTESIAN_POINT('Origin',(-5.715,-1.11022302462516E-15,1.));
#3835=CARTESIAN_POINT('',(-8.27197412807073,-4.73494824373793,1.));
#3836=CARTESIAN_POINT('Origin',(-7.79681052703552,-3.85505077684122,1.));
#3837=CARTESIAN_POINT('Origin',(-5.715,-1.11022302462516E-15,1.));
#3838=CARTESIAN_POINT('Origin',(-17.4430941484499,1.35415033419838,1.));
#3839=CARTESIAN_POINT('',(-2.96067897919908,-7.60316212552128,1.));
#3840=CARTESIAN_POINT('Origin',(-2.48551537816384,-6.72326465862472,1.));
#3841=CARTESIAN_POINT('',(-17.9182577494852,0.474252867301715,1.));
#3842=CARTESIAN_POINT('Origin',(-3.7149939674593,-8.99998596885898,1.));
#3843=CARTESIAN_POINT('',(-2.34225046663982,-8.20268851383443,1.));
#3844=CARTESIAN_POINT('Origin',(-1.47752186479717,-7.70044908372638,1.));
#3845=CARTESIAN_POINT('Origin',(-3.7149939674593,-8.99998596885898,1.));
#3846=CARTESIAN_POINT('Origin',(-0.18042896203259,-6.94708993856397,1.));
#3847=CARTESIAN_POINT('',(-1.76562980537517,-8.88025787908789,1.));
#3848=CARTESIAN_POINT('Origin',(-1.13154946803831,-8.10699070287854,1.));
#3849=CARTESIAN_POINT('Origin',(-0.18042896203259,-6.94708993856397,1.));
#3850=CARTESIAN_POINT('Origin',(-16.6795294353621,4.64237806111883,1.));
#3851=CARTESIAN_POINT('',(-1.26816801152897,-9.28817735602699,1.));
#3852=CARTESIAN_POINT('Origin',(-0.634087674192121,-8.51491017981764,1.));
#3853=CARTESIAN_POINT('',(-17.3136097726989,3.86911088490948,1.));
#3854=CARTESIAN_POINT('Ctrl Pts',(-0.63408767419212,-8.51491017981763,0.));
#3855=CARTESIAN_POINT('Ctrl Pts',(-7.26884284102828E-6,-9.03485713953924,
0.));
#3856=CARTESIAN_POINT('Ctrl Pts',(0.634073081816571,-8.51491011312281,0.));
#3857=CARTESIAN_POINT('Ctrl Pts',(-1.26816801152898,-9.28817735602698,-4.26947113247812E-16));
#3858=CARTESIAN_POINT('Ctrl Pts',(-7.20083041879942E-6,-10.3280712754702,
-4.16333633096016E-16));
#3859=CARTESIAN_POINT('Ctrl Pts',(1.26815350048841,-9.28817722263734,-4.0572015385964E-16));
#3860=CARTESIAN_POINT('Ctrl Pts',(-1.26816801152898,-9.28817735602698,1.));
#3861=CARTESIAN_POINT('Ctrl Pts',(-7.20083041879942E-6,-10.3280712754702,
1.));
#3862=CARTESIAN_POINT('Ctrl Pts',(1.26815350048841,-9.28817722263734,1.));
#3863=CARTESIAN_POINT('',(1.2681535004884,-9.28817722263734,1.));
#3864=CARTESIAN_POINT('Origin',(0.634073081816571,-8.51491011312281,1.));
#3865=CARTESIAN_POINT('Origin',(-7.33685526325714E-6,-7.74164300360829,
1.));
#3866=CARTESIAN_POINT('Origin',(16.3992464771256,4.41256038695845,1.));
#3867=CARTESIAN_POINT('',(1.7656434495247,-8.88023457088279,1.));
#3868=CARTESIAN_POINT('Origin',(1.13156303085284,-8.10696746136829,1.));
#3869=CARTESIAN_POINT('',(17.0333268957975,3.63929327744395,1.));
#3870=CARTESIAN_POINT('Origin',(0.180442402845253,-6.94706679709665,1.));
#3871=CARTESIAN_POINT('',(2.34225568674592,-8.20267952622513,1.));
#3872=CARTESIAN_POINT('Origin',(1.47753037318557,-7.7004344345737,1.));
#3873=CARTESIAN_POINT('Origin',(0.180442402845253,-6.94706679709665,1.));
#3874=CARTESIAN_POINT('Origin',(3.7149939674593,-8.99998596885909,1.));
#3875=CARTESIAN_POINT('',(2.96067897919914,-7.60316212552137,1.));
#3876=CARTESIAN_POINT('Origin',(2.48551537816385,-6.7232646586247,1.));
#3877=CARTESIAN_POINT('Origin',(3.7149939674593,-8.99998596885909,1.));
#3878=CARTESIAN_POINT('Origin',(14.7466051011316,-0.102011882514166,1.));
#3879=CARTESIAN_POINT('',(8.27197412807073,-4.73494824373794,1.));
#3880=CARTESIAN_POINT('Origin',(7.79681052703543,-3.85505077684127,1.));
#3881=CARTESIAN_POINT('',(15.2217687021669,-0.981909349410833,1.));
#3882=CARTESIAN_POINT('Origin',(5.715,0.,1.));
#3883=CARTESIAN_POINT('',(10.2753494746091,2.85675764319138,1.));
#3884=CARTESIAN_POINT('Origin',(9.42789777201044,2.32588514271447,1.));
#3885=CARTESIAN_POINT('Origin',(5.715,0.,1.));
#3886=CARTESIAN_POINT('Origin',(-4.12326903825956,23.9581214616899,1.));
#3887=CARTESIAN_POINT('',(-3.27581733566088,24.4889939621668,1.));
#3888=CARTESIAN_POINT('Origin',(5.715,0.,0.));
#3889=CARTESIAN_POINT('',(10.2753494746091,2.85675764319138,2.));
#3890=CARTESIAN_POINT('',(10.2753494746091,2.85675764319138,0.));
#3891=CARTESIAN_POINT('',(8.27197412807073,-4.73494824373794,2.));
#3892=CARTESIAN_POINT('Origin',(5.715,0.,2.));
#3893=CARTESIAN_POINT('',(8.27197412807073,-4.73494824373794,0.));
#3894=CARTESIAN_POINT('Origin',(10.2753494746091,2.85675764319138,0.));
#3895=CARTESIAN_POINT('',(7.25570664202328,7.67712686068872,2.));
#3896=CARTESIAN_POINT('',(7.25570664202328,7.67712686068872,0.));
#3897=CARTESIAN_POINT('',(-3.27581733566088,24.4889939621668,2.));
#3898=CARTESIAN_POINT('Origin',(8.33793636421678,8.83856350485017,0.));
#3899=CARTESIAN_POINT('',(7.25570664202328,10.0000001490116,2.));
#3900=CARTESIAN_POINT('',(7.25570664202328,10.0000001490116,0.));
#3901=CARTESIAN_POINT('Origin',(8.33793636421678,8.83856350485017,2.));
#3902=CARTESIAN_POINT('Origin',(5.04947301730687,12.3677051077027,0.));
#3903=CARTESIAN_POINT('',(7.91563414433167,13.8705736888407,2.));
#3904=CARTESIAN_POINT('',(7.91563414433167,13.8705736888407,0.));
#3905=CARTESIAN_POINT('Origin',(5.04947301730687,12.3677051077027,2.));
#3906=CARTESIAN_POINT('Origin',(11.4581745091496,15.7281010139791,0.));
#3907=CARTESIAN_POINT('',(7.4606112010732,15.8676990007891,2.));
#3908=CARTESIAN_POINT('',(7.4606112010732,15.8676990007891,0.));
#3909=CARTESIAN_POINT('Origin',(11.4581745091496,15.7281010139791,2.));
#3910=CARTESIAN_POINT('Origin',(7.41549511658316,14.575743378199,0.));
#3911=CARTESIAN_POINT('',(10.158861368223,93.1354742079598,2.));
#3912=CARTESIAN_POINT('',(10.158861368223,93.1354742079598,0.));
#3913=CARTESIAN_POINT('',(8.14432188504971,35.4466113193758,2.));
#3914=CARTESIAN_POINT('Origin',(-6.33108727759208,93.711315903551,0.));
#3915=CARTESIAN_POINT('',(5.69640138100154,105.006868858914,2.));
#3916=CARTESIAN_POINT('',(5.69640138100154,105.006868858914,0.));
#3917=CARTESIAN_POINT('Origin',(-6.33108727759208,93.711315903551,2.));
#3918=CARTESIAN_POINT('Origin',(10.3985758962806,100.000000149012,0.));
#3919=CARTESIAN_POINT('',(-5.73823765707708,117.18245617979,2.));
#3920=CARTESIAN_POINT('',(-5.73823765707708,117.18245617979,0.));
#3921=CARTESIAN_POINT('',(18.7709463586909,91.0851120350679,2.));
#3922=CARTESIAN_POINT('Origin',(-7.92505377682138,115.128719278815,0.));
#3923=CARTESIAN_POINT('',(-10.9232262578787,115.024020788708,2.));
#3924=CARTESIAN_POINT('',(-10.9232262578787,115.024020788708,0.));
#3925=CARTESIAN_POINT('Origin',(-7.92505377682138,115.128719278815,2.));
#3926=CARTESIAN_POINT('Origin',(-11.2017535945908,123.000000149012,0.));
#3927=CARTESIAN_POINT('',(-7.2944302109349,11.1088980763831,2.));
#3928=CARTESIAN_POINT('',(-7.2944302109349,11.1088980763831,0.));
#3929=CARTESIAN_POINT('',(-10.037515374417,89.6605795944636,2.));
#3930=CARTESIAN_POINT('Origin',(-3.29686690285851,11.2484960631931,0.));
#3931=CARTESIAN_POINT('',(-6.90568620405458,9.52326470151582,2.));
#3932=CARTESIAN_POINT('',(-6.90568620405458,9.52326470151582,0.));
#3933=CARTESIAN_POINT('Origin',(-3.29686690285851,11.2484960631931,2.));
#3934=CARTESIAN_POINT('Origin',(-8.33793636421678,8.83856350485017,0.));
#3935=CARTESIAN_POINT('',(-7.25570664202328,7.67712686068872,2.));
#3936=CARTESIAN_POINT('',(-7.25570664202328,7.67712686068872,0.));
#3937=CARTESIAN_POINT('Origin',(-8.33793636421678,8.83856350485017,2.));
#3938=CARTESIAN_POINT('Origin',(8.33793636421678,8.83856350485017,2.));
#3939=CARTESIAN_POINT('Origin',(6.57398713198014,10.7316137831291,2.));
#3940=CARTESIAN_POINT('Ctrl Pts',(6.46936164868036,7.04870742615054,3.));
#3941=CARTESIAN_POINT('Ctrl Pts',(6.47118310390266,7.0501262017937,3.));
#3942=CARTESIAN_POINT('Ctrl Pts',(6.47300445710605,7.05154509764535,2.99999208717283));
#3943=CARTESIAN_POINT('Ctrl Pts',(6.581103592779,7.13576988568579,2.99905277701139));
#3944=CARTESIAN_POINT('Ctrl Pts',(6.68585715614554,7.21809895701178,2.97119450857356));
#3945=CARTESIAN_POINT('Ctrl Pts',(6.87710680229542,7.36981895511902,2.866425879574));
#3946=CARTESIAN_POINT('Ctrl Pts',(6.9622798994317,7.43811654232897,2.79188258964341));
#3947=CARTESIAN_POINT('Ctrl Pts',(7.10444345768307,7.55302723354429,2.60597629411599));
#3948=CARTESIAN_POINT('Ctrl Pts',(7.16035637634734,7.59873634120268,2.49665077672779));
#3949=CARTESIAN_POINT('Ctrl Pts',(7.23626442525674,7.66103167536233,2.25702378944406));
#3950=CARTESIAN_POINT('Ctrl Pts',(7.25570664202329,7.67712686068871,2.12916600578721));
#3951=CARTESIAN_POINT('Ctrl Pts',(7.2557066420233,7.6771268606887,2.));
#3952=CARTESIAN_POINT('Origin',(5.61822364700812,26.3445736274238,2.));
#3953=CARTESIAN_POINT('',(-10.2753494746091,2.85675764319138,2.));
#3954=CARTESIAN_POINT('',(4.77077194440945,26.8754461279008,2.));
#3955=CARTESIAN_POINT('Origin',(-9.42789777201044,2.32588514271446,2.));
#3956=CARTESIAN_POINT('Ctrl Pts',(-6.46936164868013,7.04870742615077,3.));
#3957=CARTESIAN_POINT('Ctrl Pts',(-6.47118310390384,7.05012620179503,3.));
#3958=CARTESIAN_POINT('Ctrl Pts',(-6.47300445710499,7.05154509764384,2.99999208717285));
#3959=CARTESIAN_POINT('Ctrl Pts',(-6.58110359280297,7.13576988571459,2.99905277701113));
#3960=CARTESIAN_POINT('Ctrl Pts',(-6.68585715615063,7.2180989570158,2.97119450857078));
#3961=CARTESIAN_POINT('Ctrl Pts',(-6.87710680229542,7.36981895511902,2.866425879574));
#3962=CARTESIAN_POINT('Ctrl Pts',(-6.9622798994317,7.43811654232897,2.79188258964341));
#3963=CARTESIAN_POINT('Ctrl Pts',(-7.10444345768306,7.55302723354428,2.60597629411599));
#3964=CARTESIAN_POINT('Ctrl Pts',(-7.16035637634734,7.59873634120268,2.49665077672779));
#3965=CARTESIAN_POINT('Ctrl Pts',(-7.23626442525675,7.66103167536233,2.25702378944406));
#3966=CARTESIAN_POINT('Ctrl Pts',(-7.25570664202329,7.67712686068871,2.12916600578721));
#3967=CARTESIAN_POINT('Ctrl Pts',(-7.25570664202331,7.6771268606887,2.));
#3968=CARTESIAN_POINT('Origin',(-5.715,-1.11022302462516E-15,2.));
#3969=CARTESIAN_POINT('',(-8.27197412807073,-4.73494824373793,2.));
#3970=CARTESIAN_POINT('Origin',(-7.79681052703552,-3.85505077684122,2.));
#3971=CARTESIAN_POINT('Origin',(-5.715,-1.11022302462516E-15,2.));
#3972=CARTESIAN_POINT('Origin',(-17.4430941484499,1.35415033419838,2.));
#3973=CARTESIAN_POINT('',(-2.96067897919908,-7.60316212552128,2.));
#3974=CARTESIAN_POINT('Origin',(-2.48551537816384,-6.72326465862472,2.));
#3975=CARTESIAN_POINT('',(-17.9182577494852,0.474252867301715,2.));
#3976=CARTESIAN_POINT('Origin',(-3.7149939674593,-8.99998596885898,2.));
#3977=CARTESIAN_POINT('',(-2.34225046663982,-8.20268851383443,2.));
#3978=CARTESIAN_POINT('Origin',(-1.47752186479717,-7.70044908372638,2.));
#3979=CARTESIAN_POINT('Origin',(-3.7149939674593,-8.99998596885898,2.));
#3980=CARTESIAN_POINT('Origin',(-0.18042896203259,-6.94708993856397,2.));
#3981=CARTESIAN_POINT('',(-1.76562980537517,-8.88025787908789,2.));
#3982=CARTESIAN_POINT('Origin',(-1.13154946803831,-8.10699070287854,2.));
#3983=CARTESIAN_POINT('Origin',(-0.18042896203259,-6.94708993856397,2.));
#3984=CARTESIAN_POINT('Origin',(-16.6795294353621,4.64237806111883,2.));
#3985=CARTESIAN_POINT('',(-1.26816801152897,-9.28817735602699,2.));
#3986=CARTESIAN_POINT('Origin',(-0.634087674192119,-8.51491017981763,2.));
#3987=CARTESIAN_POINT('',(-17.3136097726989,3.86911088490948,2.));
#3988=CARTESIAN_POINT('Ctrl Pts',(-1.26816801152898,-9.28817735602698,2.));
#3989=CARTESIAN_POINT('Ctrl Pts',(-7.2008304182424E-6,-10.3280712754702,
2.));
#3990=CARTESIAN_POINT('Ctrl Pts',(1.26815350048841,-9.28817722263734,2.));
#3991=CARTESIAN_POINT('Ctrl Pts',(-1.26816801152898,-9.28817735602698,3.));
#3992=CARTESIAN_POINT('Ctrl Pts',(-7.2008304182424E-6,-10.3280712754702,
3.));
#3993=CARTESIAN_POINT('Ctrl Pts',(1.26815350048841,-9.28817722263734,3.));
#3994=CARTESIAN_POINT('Ctrl Pts',(-0.634087674192119,-8.51491017981763,
3.));
#3995=CARTESIAN_POINT('Ctrl Pts',(-7.26884284074977E-6,-9.03485713953924,
3.));
#3996=CARTESIAN_POINT('Ctrl Pts',(0.63407308181657,-8.51491011312281,3.));
#3997=CARTESIAN_POINT('',(1.2681535004884,-9.28817722263734,2.));
#3998=CARTESIAN_POINT('Origin',(0.634073081816571,-8.51491011312281,2.));
#3999=CARTESIAN_POINT('Origin',(-7.33685526325714E-6,-7.74164300360829,
2.));
#4000=CARTESIAN_POINT('Origin',(16.3992464771256,4.41256038695845,2.));
#4001=CARTESIAN_POINT('',(1.7656434495247,-8.88023457088279,2.));
#4002=CARTESIAN_POINT('Origin',(1.13156303085284,-8.10696746136829,2.));
#4003=CARTESIAN_POINT('',(17.0333268957975,3.63929327744395,2.));
#4004=CARTESIAN_POINT('Origin',(0.180442402845253,-6.94706679709665,2.));
#4005=CARTESIAN_POINT('',(2.34225568674592,-8.20267952622513,2.));
#4006=CARTESIAN_POINT('Origin',(1.47753037318557,-7.7004344345737,2.));
#4007=CARTESIAN_POINT('Origin',(0.180442402845253,-6.94706679709665,2.));
#4008=CARTESIAN_POINT('Origin',(3.7149939674593,-8.99998596885909,2.));
#4009=CARTESIAN_POINT('',(2.96067897919914,-7.60316212552137,2.));
#4010=CARTESIAN_POINT('Origin',(2.48551537816385,-6.7232646586247,2.));
#4011=CARTESIAN_POINT('Origin',(3.7149939674593,-8.99998596885909,2.));
#4012=CARTESIAN_POINT('Origin',(14.7466051011316,-0.102011882514161,2.));
#4013=CARTESIAN_POINT('Origin',(7.79681052703543,-3.85505077684126,2.));
#4014=CARTESIAN_POINT('',(15.2217687021669,-0.981909349410832,2.));
#4015=CARTESIAN_POINT('Origin',(5.715,0.,2.));
#4016=CARTESIAN_POINT('Origin',(9.42789777201044,2.32588514271447,2.));
#4017=CARTESIAN_POINT('Origin',(-4.12326903825956,23.9581214616899,2.));
#4018=CARTESIAN_POINT('Origin',(5.04947301730687,12.3677051077027,2.));
#4019=CARTESIAN_POINT('Origin',(7.02999905312719,13.4061918575561,2.));
#4020=CARTESIAN_POINT('Origin',(11.4581745091496,15.7281010139791,2.));
#4021=CARTESIAN_POINT('Origin',(6.4612203740541,15.9025984974916,2.));
#4022=CARTESIAN_POINT('Origin',(7.14493105803061,35.4815108160783,2.));
#4023=CARTESIAN_POINT('Origin',(9.15947054120391,93.1703737046623,2.));
#4024=CARTESIAN_POINT('Origin',(-6.33108727759208,93.711315903551,2.));
#4025=CARTESIAN_POINT('Origin',(4.96746267442012,104.322289891922,2.));
#4026=CARTESIAN_POINT('Origin',(18.0420076521095,90.4005330680762,2.));
#4027=CARTESIAN_POINT('Origin',(-6.46717636365851,116.497877212798,2.));
#4028=CARTESIAN_POINT('Origin',(-7.92505377682138,115.128719278815,2.));
#4029=CARTESIAN_POINT('Origin',(-9.92383543085957,115.05892028541,2.));
#4030=CARTESIAN_POINT('Origin',(-9.03812454739787,89.6954790911661,2.));
#4031=CARTESIAN_POINT('Origin',(-6.2950393839158,11.1437975730855,2.));
#4032=CARTESIAN_POINT('Origin',(-3.29686690285851,11.2484960631931,2.));
#4033=CARTESIAN_POINT('Origin',(-6.00348137875557,9.95457254193513,2.));
#4034=CARTESIAN_POINT('Origin',(-8.33793636421678,8.83856350485017,2.));
#4035=CARTESIAN_POINT('Origin',(2.96067897919914,-7.60316212552137,0.));
#4036=CARTESIAN_POINT('',(2.96067897919914,-7.60316212552137,0.));
#4037=CARTESIAN_POINT('Origin',(3.7149939674593,-8.99998596885909,0.));
#4038=CARTESIAN_POINT('',(2.34225568674592,-8.20267952622513,0.));
#4039=CARTESIAN_POINT('Origin',(0.180442402845253,-6.94706679709665,0.));
#4040=CARTESIAN_POINT('',(1.7656434495247,-8.88023457088279,0.));
#4041=CARTESIAN_POINT('Origin',(1.26815350048843,-9.28817722263738,0.));
#4042=CARTESIAN_POINT('',(1.2681535004884,-9.28817722263734,0.));
#4043=CARTESIAN_POINT('Origin',(-7.33685526325714E-6,-7.74164300360829,
0.));
#4044=CARTESIAN_POINT('',(-1.26816801152897,-9.28817735602699,0.));
#4045=CARTESIAN_POINT('Origin',(-1.76562980537472,-8.88025787908735,0.));
#4046=CARTESIAN_POINT('',(-1.76562980537517,-8.88025787908789,0.));
#4047=CARTESIAN_POINT('Origin',(-0.18042896203259,-6.94708993856397,0.));
#4048=CARTESIAN_POINT('',(-2.34225046663982,-8.20268851383443,0.));
#4049=CARTESIAN_POINT('Origin',(-3.7149939674593,-8.99998596885898,0.));
#4050=CARTESIAN_POINT('',(-2.96067897919908,-7.60316212552128,0.));
#4051=CARTESIAN_POINT('Origin',(-8.27197412807073,-4.73494824373793,0.));
#4052=CARTESIAN_POINT('',(-8.27197412807073,-4.73494824373793,0.));
#4053=CARTESIAN_POINT('Origin',(-5.715,-1.11022302462516E-15,0.));
#4054=CARTESIAN_POINT('',(-10.2753494746091,2.85675764319138,0.));
#4055=CARTESIAN_POINT('Origin',(-7.25570664202328,7.67712686068872,0.));
#4056=CARTESIAN_POINT('Origin',(-1.6812655119556,22.291142124754,1.5));
#4057=CARTESIAN_POINT('',(-4.67943799301288,22.1864436346465,1.8));
#4058=CARTESIAN_POINT('',(-2.69002481912896,19.4658271582076,1.8));
#4059=CARTESIAN_POINT('Origin',(-1.6812655119556,22.291142124754,1.8));
#4060=CARTESIAN_POINT('',(-2.69002481912896,19.4658271582076,1.2));
#4061=CARTESIAN_POINT('',(-2.69002481912896,19.4658271582076,1.5));
#4062=CARTESIAN_POINT('',(-4.67943799301288,22.1864436346465,1.2));
#4063=CARTESIAN_POINT('Origin',(-1.6812655119556,22.291142124754,1.2));
#4064=CARTESIAN_POINT('',(-4.67943799301288,22.1864436346465,1.5));
#4065=CARTESIAN_POINT('Origin',(0.,27.0000004023314,1.5));
#4066=CARTESIAN_POINT('',(2.69002481912894,19.4658271582076,1.8));
#4067=CARTESIAN_POINT('Origin',(0.,27.0000004023314,1.8));
#4068=CARTESIAN_POINT('',(2.69002481912894,19.4658271582076,1.2));
#4069=CARTESIAN_POINT('',(2.69002481912894,19.4658271582076,1.5));
#4070=CARTESIAN_POINT('Origin',(0.,27.0000004023314,1.2));
#4071=CARTESIAN_POINT('Origin',(-2.00564338247321,31.5801089842693,1.5));
#4072=CARTESIAN_POINT('',(-5.0038158635305,31.4754104941618,1.2));
#4073=CARTESIAN_POINT('',(-3.20902941195714,34.328174133432,1.2));
#4074=CARTESIAN_POINT('Origin',(-2.00564338247321,31.5801089842693,1.2));
#4075=CARTESIAN_POINT('',(-3.20902941195714,34.328174133432,1.8));
#4076=CARTESIAN_POINT('',(-3.20902941195714,34.328174133432,1.5));
#4077=CARTESIAN_POINT('',(-5.0038158635305,31.4754104941618,1.8));
#4078=CARTESIAN_POINT('Origin',(-2.00564338247321,31.5801089842693,1.8));
#4079=CARTESIAN_POINT('',(-5.0038158635305,31.4754104941618,1.5));
#4080=CARTESIAN_POINT('Origin',(0.,27.0000004023314,1.5));
#4081=CARTESIAN_POINT('',(3.20902941195711,34.328174133432,1.2));
#4082=CARTESIAN_POINT('Origin',(0.,27.0000004023314,1.2));
#4083=CARTESIAN_POINT('',(3.20902941195711,34.328174133432,1.8));
#4084=CARTESIAN_POINT('',(3.20902941195712,34.328174133432,1.5));
#4085=CARTESIAN_POINT('Origin',(0.,27.0000004023314,1.8));
#4086=CARTESIAN_POINT('Origin',(-2.32778796195958,40.8051227561592,1.5));
#4087=CARTESIAN_POINT('',(-5.32596044301687,40.7004242660517,1.8));
#4088=CARTESIAN_POINT('',(-1.82897625582538,37.8468822517675,1.8));
#4089=CARTESIAN_POINT('Origin',(-2.32778796195958,40.8051227561592,1.8));
#4090=CARTESIAN_POINT('',(-1.82897625582538,37.8468822517675,1.2));
#4091=CARTESIAN_POINT('',(-1.82897625582538,37.8468822517675,1.5));
#4092=CARTESIAN_POINT('',(-5.32596044301687,40.7004242660517,1.2));
#4093=CARTESIAN_POINT('Origin',(-2.32778796195958,40.8051227561592,1.2));
#4094=CARTESIAN_POINT('',(-5.32596044301687,40.7004242660517,1.5));
#4095=CARTESIAN_POINT('Origin',(0.,27.0000004023314,1.5));
#4096=CARTESIAN_POINT('',(1.82897625582537,37.8468822517675,1.8));
#4097=CARTESIAN_POINT('Origin',(0.,27.0000004023314,1.8));
#4098=CARTESIAN_POINT('',(1.82897625582537,37.8468822517675,1.2));
#4099=CARTESIAN_POINT('',(1.82897625582537,37.8468822517675,1.5));
#4100=CARTESIAN_POINT('Origin',(0.,27.0000004023314,1.2));
#4101=CARTESIAN_POINT('Origin',(2.32778796195956,40.8051227561592,1.5));
#4102=CARTESIAN_POINT('Origin',(2.32778796195956,40.8051227561592,1.2));
#4103=CARTESIAN_POINT('Origin',(2.32778796195956,40.8051227561592,1.8));
#4104=CARTESIAN_POINT('Origin',(1.68126551195559,22.291142124754,1.5));
#4105=CARTESIAN_POINT('Origin',(1.68126551195559,22.291142124754,1.2));
#4106=CARTESIAN_POINT('Origin',(1.68126551195559,22.291142124754,1.8));
#4107=CARTESIAN_POINT('Origin',(2.0056433824732,31.5801089842693,1.5));
#4108=CARTESIAN_POINT('Origin',(2.0056433824732,31.5801089842693,1.8));
#4109=CARTESIAN_POINT('Origin',(2.0056433824732,31.5801089842693,1.2));
#4110=CARTESIAN_POINT('Origin',(2.45958520779098,44.5793020697787,1.5));
#4111=CARTESIAN_POINT('',(1.07538836477764,47.2408803796903,1.8));
#4112=CARTESIAN_POINT('Origin',(2.45958520779098,44.5793020697787,1.8));
#4113=CARTESIAN_POINT('',(1.07538836477764,47.2408803796903,1.2));
#4114=CARTESIAN_POINT('',(1.07538836477764,47.2408803796903,1.5));
#4115=CARTESIAN_POINT('Origin',(2.45958520779098,44.5793020697787,1.2));
#4116=CARTESIAN_POINT('Origin',(-4.00000005960464,57.0000008493662,1.5));
#4117=CARTESIAN_POINT('',(-2.74883452123378,46.0713877262113,1.8));
#4118=CARTESIAN_POINT('Origin',(-4.00000005960464,57.0000008493662,1.8));
#4119=CARTESIAN_POINT('',(-2.74883452123378,46.0713877262113,1.2));
#4120=CARTESIAN_POINT('',(-2.74883452123378,46.0713877262113,1.5));
#4121=CARTESIAN_POINT('Origin',(-4.00000005960464,57.0000008493662,1.2));
#4122=CARTESIAN_POINT('Origin',(-2.40760755622355,43.0908568744418,1.5));
#4123=CARTESIAN_POINT('',(-5.40578003728084,42.9861583843343,1.2));
#4124=CARTESIAN_POINT('Origin',(-2.40760755622355,43.0908568744418,1.2));
#4125=CARTESIAN_POINT('',(-5.40578003728084,42.9861583843343,1.8));
#4126=CARTESIAN_POINT('Origin',(-2.40760755622355,43.0908568744418,1.8));
#4127=CARTESIAN_POINT('',(-5.40578003728084,42.9861583843343,1.5));
#4128=CARTESIAN_POINT('Origin',(-2.724498558099,52.1654278672242,1.5));
#4129=CARTESIAN_POINT('',(-5.72267103915629,52.0607293771167,1.8));
#4130=CARTESIAN_POINT('',(-1.95919765719562,49.2646840779391,1.8));
#4131=CARTESIAN_POINT('Origin',(-2.724498558099,52.1654278672242,1.8));
#4132=CARTESIAN_POINT('',(-1.95919765719562,49.2646840779391,1.2));
#4133=CARTESIAN_POINT('',(-1.95919765719562,49.2646840779391,1.5));
#4134=CARTESIAN_POINT('',(-5.72267103915629,52.0607293771167,1.2));
#4135=CARTESIAN_POINT('Origin',(-2.724498558099,52.1654278672242,1.2));
#4136=CARTESIAN_POINT('',(-5.72267103915629,52.0607293771167,1.5));
#4137=CARTESIAN_POINT('Origin',(-4.00000005960464,57.0000008493662,1.5));
#4138=CARTESIAN_POINT('',(-2.50375737054607,64.8588339571144,1.8));
#4139=CARTESIAN_POINT('Origin',(-4.00000005960464,57.0000008493662,1.8));
#4140=CARTESIAN_POINT('',(-2.50375737054607,64.8588339571144,1.2));
#4141=CARTESIAN_POINT('',(-2.50375737054606,64.8588339571144,1.5));
#4142=CARTESIAN_POINT('Origin',(-4.00000005960464,57.0000008493662,1.2));
#4143=CARTESIAN_POINT('Origin',(-3.06484837894303,61.9117715417088,1.5));
#4144=CARTESIAN_POINT('',(-6.06302086000032,61.8070730516013,1.2));
#4145=CARTESIAN_POINT('Origin',(-3.06484837894303,61.9117715417088,1.2));
#4146=CARTESIAN_POINT('',(-6.06302086000032,61.8070730516013,1.8));
#4147=CARTESIAN_POINT('Origin',(-3.06484837894303,61.9117715417088,1.8));
#4148=CARTESIAN_POINT('',(-6.06302086000032,61.8070730516013,1.5));
#4149=CARTESIAN_POINT('Origin',(-3.38173938081849,70.9863425344913,1.5));
#4150=CARTESIAN_POINT('',(-6.37991186187578,70.8816440443837,1.8));
#4151=CARTESIAN_POINT('',(-3.51422381198695,67.9892693162502,1.8));
#4152=CARTESIAN_POINT('Origin',(-3.38173938081849,70.9863425344913,1.8));
#4153=CARTESIAN_POINT('',(-3.51422381198695,67.9892693162502,1.2));
#4154=CARTESIAN_POINT('',(-3.51422381198695,67.9892693162502,1.5));
#4155=CARTESIAN_POINT('',(-6.37991186187578,70.8816440443837,1.2));
#4156=CARTESIAN_POINT('Origin',(-3.38173938081849,70.9863425344913,1.2));
#4157=CARTESIAN_POINT('',(-6.37991186187578,70.8816440443837,1.5));
#4158=CARTESIAN_POINT('Origin',(-4.00000005960464,57.0000008493662,1.5));
#4159=CARTESIAN_POINT('',(1.74378680447265,66.381307392703,1.8));
#4160=CARTESIAN_POINT('Origin',(-4.00000005960464,57.0000008493662,1.8));
#4161=CARTESIAN_POINT('',(1.74378680447265,66.381307392703,1.2));
#4162=CARTESIAN_POINT('',(1.74378680447266,66.381307392703,1.5));
#4163=CARTESIAN_POINT('Origin',(-4.00000005960464,57.0000008493662,1.2));
#4164=CARTESIAN_POINT('Origin',(3.31027413103919,68.9398455408857,1.5));
#4165=CARTESIAN_POINT('Origin',(3.31027413103919,68.9398455408857,1.2));
#4166=CARTESIAN_POINT('Origin',(3.31027413103919,68.9398455408857,1.8));
#4167=CARTESIAN_POINT('Origin',(3.77775396543508,82.326716483302,1.5));
#4168=CARTESIAN_POINT('',(4.84440632681473,79.5227455954425,1.2));
#4169=CARTESIAN_POINT('Origin',(3.77775396543508,82.326716483302,1.2));
#4170=CARTESIAN_POINT('',(4.84440632681473,79.5227455954425,1.8));
#4171=CARTESIAN_POINT('',(4.84440632681473,79.5227455954425,1.5));
#4172=CARTESIAN_POINT('Origin',(3.77775396543508,82.326716483302,1.8));
#4173=CARTESIAN_POINT('Origin',(2.00000002980232,87.000001296401,1.5));
#4174=CARTESIAN_POINT('',(5.35906448701658,94.2606270251024,1.2));
#4175=CARTESIAN_POINT('Origin',(2.00000002980232,87.000001296401,1.2));
#4176=CARTESIAN_POINT('',(5.35906448701658,94.2606270251024,1.8));
#4177=CARTESIAN_POINT('',(5.35906448701658,94.2606270251024,1.5));
#4178=CARTESIAN_POINT('Origin',(2.00000002980232,87.000001296401,1.8));
#4179=CARTESIAN_POINT('Origin',(4.09941531556123,91.5378923768394,1.5));
#4180=CARTESIAN_POINT('Origin',(4.09941531556123,91.5378923768394,1.8));
#4181=CARTESIAN_POINT('Origin',(4.09941531556123,91.5378923768394,1.2));
#4182=CARTESIAN_POINT('Origin',(1.18869913184348,100.976474057902,0.));
#4183=CARTESIAN_POINT('',(1.36254932426323,97.9815156090087,1.2));
#4184=CARTESIAN_POINT('Origin',(1.18869913184348,100.976474057902,1.2));
#4185=CARTESIAN_POINT('',(1.36254932426323,97.9815156090087,1.8));
#4186=CARTESIAN_POINT('',(1.36254932426323,97.9815156090087,0.));
#4187=CARTESIAN_POINT('Origin',(1.18869913184348,100.976474057902,1.8));
#4188=CARTESIAN_POINT('Origin',(2.00000002980232,87.000001296401,1.5));
#4189=CARTESIAN_POINT('',(-3.00986449014725,96.7929200386224,1.2));
#4190=CARTESIAN_POINT('Origin',(2.00000002980232,87.000001296401,1.2));
#4191=CARTESIAN_POINT('',(-3.00986449014725,96.7929200386224,1.8));
#4192=CARTESIAN_POINT('',(-3.00986449014725,96.7929200386224,1.5));
#4193=CARTESIAN_POINT('Origin',(2.00000002980232,87.000001296401,1.8));
#4194=CARTESIAN_POINT('Origin',(-4.37619117740623,99.4637160592282,1.5));
#4195=CARTESIAN_POINT('',(-7.37436365846351,99.3590175691207,1.8));
#4196=CARTESIAN_POINT('Origin',(-4.37619117740623,99.4637160592282,1.8));
#4197=CARTESIAN_POINT('',(-7.37436365846351,99.3590175691207,1.2));
#4198=CARTESIAN_POINT('Origin',(-4.37619117740623,99.4637160592282,1.2));
#4199=CARTESIAN_POINT('',(-7.37436365846351,99.3590175691207,1.5));
#4200=CARTESIAN_POINT('Origin',(-3.49123430448429,74.1218669017788,1.5));
#4201=CARTESIAN_POINT('',(-6.48940678554158,74.0171684116713,1.2));
#4202=CARTESIAN_POINT('',(-2.31454123285145,76.8814671291979,1.2));
#4203=CARTESIAN_POINT('Origin',(-3.49123430448429,74.1218669017788,1.2));
#4204=CARTESIAN_POINT('',(-2.31454123285145,76.8814671291979,1.8));
#4205=CARTESIAN_POINT('',(-2.31454123285145,76.8814671291979,1.5));
#4206=CARTESIAN_POINT('',(-6.48940678554158,74.0171684116713,1.8));
#4207=CARTESIAN_POINT('Origin',(-3.49123430448429,74.1218669017788,1.8));
#4208=CARTESIAN_POINT('',(-6.48940678554158,74.0171684116713,1.5));
#4209=CARTESIAN_POINT('Origin',(2.00000002980232,87.000001296401,1.5));
#4210=CARTESIAN_POINT('',(3.14298193616558,76.0595446166401,1.2));
#4211=CARTESIAN_POINT('Origin',(2.00000002980232,87.000001296401,1.2));
#4212=CARTESIAN_POINT('',(3.14298193616558,76.0595446166401,1.8));
#4213=CARTESIAN_POINT('',(3.14298193616558,76.0595446166401,1.5));
#4214=CARTESIAN_POINT('Origin',(2.00000002980232,87.000001296401,1.8));
#4215=CARTESIAN_POINT('Origin',(3.45470427426466,73.075783703978,1.5));
#4216=CARTESIAN_POINT('Origin',(3.45470427426466,73.075783703978,1.8));
#4217=CARTESIAN_POINT('Origin',(3.45470427426466,73.075783703978,1.2));
#4218=CARTESIAN_POINT('Origin',(-0.0193944745145735,87.000001296401,1.2));
#4219=CARTESIAN_POINT('',(-5.5959394773638,48.4316122746874,1.2));
#4220=CARTESIAN_POINT('Origin',(-4.257534160966,10.1046986391191,0.));
#4221=CARTESIAN_POINT('',(-4.33260928850663,12.2545690066198,1.8));
#4222=CARTESIAN_POINT('',(-4.33260928850663,12.2545690066198,0.));
#4223=CARTESIAN_POINT('',(-4.32860661967736,12.1399475682173,1.8));
#4224=CARTESIAN_POINT('',(-4.33260928850663,12.2545690066198,1.2));
#4225=CARTESIAN_POINT('',(-4.32860661967736,12.1399475682173,1.2));
#4226=CARTESIAN_POINT('',(-4.33260928850663,12.2545690066198,0.));
#4227=CARTESIAN_POINT('',(-4.69949916144537,22.7609203350304,1.8));
#4228=CARTESIAN_POINT('',(-4.69949916144537,22.7609203350304,1.2));
#4229=CARTESIAN_POINT('',(-5.07282102952274,33.4514599053451,1.8));
#4230=CARTESIAN_POINT('',(-5.07282102952274,33.4514599053451,1.2));
#4231=CARTESIAN_POINT('',(-5.07282102952274,33.4514599053451,1.8));
#4232=CARTESIAN_POINT('',(-5.07282102952274,33.4514599053451,1.2));
#4233=CARTESIAN_POINT('',(-5.5959394773638,48.4316122746874,1.8));
#4234=CARTESIAN_POINT('Origin',(-4.44089209850063E-15,14.3288366762496,
1.2));
#4235=CARTESIAN_POINT('',(2.42252166588028,8.98206423081333,1.2));
#4236=CARTESIAN_POINT('Origin',(0.335045980430241,12.3941669934298,1.2));
#4237=CARTESIAN_POINT('',(2.08747568545004,8.77708789032364,1.2));
#4238=CARTESIAN_POINT('',(3.64875546260315,9.73225653550619,1.2));
#4239=CARTESIAN_POINT('',(-2.08747568545004,8.77708789032364,1.2));
#4240=CARTESIAN_POINT('Origin',(8.32667268468867E-16,12.1891906529401,1.2));
#4241=CARTESIAN_POINT('',(-2.42252166588028,8.98206423081334,1.2));
#4242=CARTESIAN_POINT('',(-1.51998838212016,8.42990727182599,1.2));
#4243=CARTESIAN_POINT('Origin',(-0.335045980430243,12.3941669934298,1.2));
#4244=CARTESIAN_POINT('Origin',(0.,7.50000011175871,0.));
#4245=CARTESIAN_POINT('',(-2.08747568545004,8.77708789032364,0.));
#4246=CARTESIAN_POINT('',(-2.42252166588028,8.98206423081334,0.));
#4247=CARTESIAN_POINT('Origin',(8.32667268468867E-16,12.1891906529401,0.));
#4248=CARTESIAN_POINT('',(2.08747568545004,8.77708789032364,0.));
#4249=CARTESIAN_POINT('Origin',(4.257534160966,10.1046986391191,0.));
#4250=CARTESIAN_POINT('',(2.42252166588028,8.98206423081334,0.));
#4251=CARTESIAN_POINT('Origin',(0.335045980430241,12.3941669934298,0.));
#4252=CARTESIAN_POINT('Origin',(-0.10989393739526,57.0000008493662,1.2));
#4253=CARTESIAN_POINT('Origin',(-8.88178419700125E-15,35.5966859157903,
1.2));
#4254=CARTESIAN_POINT('Origin',(-0.0193944745145735,87.000001296401,1.8));
#4255=CARTESIAN_POINT('Origin',(-4.44089209850063E-15,14.3288366762496,
1.8));
#4256=CARTESIAN_POINT('',(-2.42252166588028,8.98206423081334,1.8));
#4257=CARTESIAN_POINT('Origin',(-0.335045980430243,12.3941669934298,1.8));
#4258=CARTESIAN_POINT('',(-2.08747568545004,8.77708789032364,1.8));
#4259=CARTESIAN_POINT('',(-1.51998838212016,8.42990727182599,1.8));
#4260=CARTESIAN_POINT('',(2.08747568545004,8.77708789032364,1.8));
#4261=CARTESIAN_POINT('Origin',(8.32667268468867E-16,12.1891906529401,1.8));
#4262=CARTESIAN_POINT('',(3.64875546260315,9.73225653550619,1.8));
#4263=CARTESIAN_POINT('Origin',(-0.335045980430243,12.3941669934298,0.));
#4264=CARTESIAN_POINT('',(-2.42252166588028,8.98206423081334,0.));
#4265=CARTESIAN_POINT('Origin',(-0.335045980430243,12.3941669934298,0.));
#4266=CARTESIAN_POINT('Origin',(0.,7.50000011175871,0.));
#4267=CARTESIAN_POINT('',(-2.08747568545004,8.77708789032364,0.));
#4268=CARTESIAN_POINT('Origin',(8.32667268468867E-16,12.1891906529401,0.));
#4269=CARTESIAN_POINT('',(2.08747568545004,8.77708789032364,0.));
#4270=CARTESIAN_POINT('Origin',(4.257534160966,10.1046986391191,0.));
#4271=CARTESIAN_POINT('Origin',(-0.10989393739526,57.0000008493662,1.8));
#4272=CARTESIAN_POINT('Origin',(-8.88178419700125E-15,35.5966859157903,
1.8));
#4273=CARTESIAN_POINT('Origin',(-5.715,0.,0.));
#4274=CARTESIAN_POINT('',(-8.88365,-3.88047708011826E-16,0.));
#4275=UNCERTAINTY_MEASURE_WITH_UNIT(LENGTH_MEASURE(0.01),#4279,
'DISTANCE_ACCURACY_VALUE',
'Maximum model space distance between geometric entities at asserted c
onnectivities');
#4276=UNCERTAINTY_MEASURE_WITH_UNIT(LENGTH_MEASURE(0.01),#4279,
'DISTANCE_ACCURACY_VALUE',
'Maximum model space distance between geometric entities at asserted c
onnectivities');
#4277=(
GEOMETRIC_REPRESENTATION_CONTEXT(3)
GLOBAL_UNCERTAINTY_ASSIGNED_CONTEXT((#4275))
GLOBAL_UNIT_ASSIGNED_CONTEXT((#4279,#4281,#4282))
REPRESENTATION_CONTEXT('','3D')
);
#4278=(
GEOMETRIC_REPRESENTATION_CONTEXT(3)
GLOBAL_UNCERTAINTY_ASSIGNED_CONTEXT((#4276))
GLOBAL_UNIT_ASSIGNED_CONTEXT((#4279,#4281,#4282))
REPRESENTATION_CONTEXT('','3D')
);
#4279=(
LENGTH_UNIT()
NAMED_UNIT(*)
SI_UNIT(.MILLI.,.METRE.)
);
#4280=(
LENGTH_UNIT()
NAMED_UNIT(*)
SI_UNIT($,.METRE.)
);
#4281=(
NAMED_UNIT(*)
PLANE_ANGLE_UNIT()
SI_UNIT($,.RADIAN.)
);
#4282=(
NAMED_UNIT(*)
SI_UNIT($,.STERADIAN.)
SOLID_ANGLE_UNIT()
);
#4283=SHAPE_DEFINITION_REPRESENTATION(#4284,#4285);
#4284=PRODUCT_DEFINITION_SHAPE('',$,#4287);
#4285=SHAPE_REPRESENTATION('',(#2371),#4277);
#4286=PRODUCT_DEFINITION_CONTEXT('part definition',#4291,'design');
#4287=PRODUCT_DEFINITION('Blade','Blade',#4288,#4286);
#4288=PRODUCT_DEFINITION_FORMATION('',$,#4293);
#4289=PRODUCT_RELATED_PRODUCT_CATEGORY('Blade','Blade',(#4293));
#4290=APPLICATION_PROTOCOL_DEFINITION('international standard',
'automotive_design',2009,#4291);
#4291=APPLICATION_CONTEXT(
'Core Data for Automotive Mechanical Design Process');
#4292=PRODUCT_CONTEXT('part definition',#4291,'mechanical');
#4293=PRODUCT('Blade','Blade',$,(#4292));
#4294=PRESENTATION_STYLE_ASSIGNMENT((#4296));
#4295=PRESENTATION_STYLE_ASSIGNMENT((#4297));
#4296=SURFACE_STYLE_USAGE(.BOTH.,#4298);
#4297=SURFACE_STYLE_USAGE(.BOTH.,#4299);
#4298=SURFACE_SIDE_STYLE('',(#4300));
#4299=SURFACE_SIDE_STYLE('',(#4301));
#4300=SURFACE_STYLE_FILL_AREA(#4302);
#4301=SURFACE_STYLE_FILL_AREA(#4303);
#4302=FILL_AREA_STYLE('Steel - Satin',(#4304));
#4303=FILL_AREA_STYLE('Stainless Steel - Satin',(#4305));
#4304=FILL_AREA_STYLE_COLOUR('Steel - Satin',#4306);
#4305=FILL_AREA_STYLE_COLOUR('Stainless Steel - Satin',#4307);
#4306=COLOUR_RGB('Steel - Satin',0.627450980392157,0.627450980392157,0.627450980392157);
#4307=COLOUR_RGB('Stainless Steel - Satin',0.796078431372549,0.796078431372549,
0.796078431372549);
ENDSEC;
END-ISO-10303-21;
