ISO-10303-21;
HEADER;
/* Generated by software containing ST-Developer
 * from STEP Tools, Inc. (www.steptools.com) 
 */

FILE_DESCRIPTION(
/* description */ (''),
/* implementation_level */ '2;1');

FILE_NAME(
/* name */ 'Slab1.step',
/* time_stamp */ '2025-07-14T16:35:24-04:00',
/* author */ (''),
/* organization */ (''),
/* preprocessor_version */ 'ST-DEVELOPER v20.1',
/* originating_system */ 'Autodesk Translation Framework v14.10.0.0',
/* authorisation */ '');

FILE_SCHEMA (('AUTOMOTIVE_DESIGN { 1 0 10303 214 3 1 1 }'));
ENDSEC;

DATA;
#10=MECHANICAL_DESIGN_GEOMETRIC_PRESENTATION_REPRESENTATION('',(#13),#3830);
#11=SHAPE_REPRESENTATION_RELATIONSHIP('SRR','None',#3837,#12);
#12=ADVANCED_BREP_SHAPE_REPRESENTATION('',(#14),#3829);
#13=STYLED_ITEM('',(#3847),#14);
#14=MANIFOLD_SOLID_BREP('Slab',#1946);
#15=(
BOUNDED_SURFACE()
B_SPLINE_SURFACE(2,2,((#3756,#3757,#3758,#3759,#3760),(#3761,#3762,#3763,
#3764,#3765),(#3766,#3767,#3768,#3769,#3770)),.UNSPECIFIED.,.F.,.F.,.F.)
B_SPLINE_SURFACE_WITH_KNOTS((3,3),(3,2,3),(0.,1.5707963267949),(-0.79176696815338,
0.,0.791766968153378),.UNSPECIFIED.)
GEOMETRIC_REPRESENTATION_ITEM()
RATIONAL_B_SPLINE_SURFACE(((1.,0.922656232280208,1.,0.922656232280208,1.),
(0.70710678118654,0.652416478549359,0.70710678118654,0.652416478549359,
0.70710678118654),(1.,0.922656232280208,1.,0.922656232280208,1.)))
REPRESENTATION_ITEM('')
SURFACE()
);
#16=(
BOUNDED_SURFACE()
B_SPLINE_SURFACE(2,2,((#3778,#3779,#3780,#3781,#3782),(#3783,#3784,#3785,
#3786,#3787),(#3788,#3789,#3790,#3791,#3792)),.UNSPECIFIED.,.F.,.F.,.F.)
B_SPLINE_SURFACE_WITH_KNOTS((3,3),(3,2,3),(0.,1.5707963267949),(-1.60570291183478,
-0.813935943681397,-0.0221689755280162),.UNSPECIFIED.)
GEOMETRIC_REPRESENTATION_ITEM()
RATIONAL_B_SPLINE_SURFACE(((1.,0.922656232280208,1.,0.922656232280208,1.),
(0.707106781186546,0.652416478549364,0.707106781186546,0.652416478549364,
0.707106781186546),(1.,0.922656232280208,1.,0.922656232280208,1.)))
REPRESENTATION_ITEM('')
SURFACE()
);
#17=FACE_BOUND('',#497,.T.);
#18=FACE_BOUND('',#498,.T.);
#19=FACE_BOUND('',#499,.T.);
#20=FACE_BOUND('',#500,.T.);
#21=FACE_BOUND('',#501,.T.);
#22=FACE_BOUND('',#502,.T.);
#23=FACE_BOUND('',#536,.T.);
#24=FACE_BOUND('',#539,.T.);
#25=FACE_BOUND('',#568,.T.);
#26=FACE_BOUND('',#569,.T.);
#27=FACE_BOUND('',#570,.T.);
#28=B_SPLINE_CURVE_WITH_KNOTS('',3,(#3103,#3104,#3105,#3106,#3107,#3108,
#3109,#3110,#3111,#3112,#3113,#3114,#3115,#3116,#3117,#3118,#3119,#3120,
#3121,#3122,#3123,#3124,#3125,#3126,#3127,#3128,#3129,#3130,#3131,#3132,
#3133),.UNSPECIFIED.,.F.,.F.,(4,3,3,3,3,3,3,3,3,3,4),(0.,0.158187976661718,
0.316368661222201,0.474615797381726,0.632839927262032,0.791044156917712,
0.949231588244432,1.10747698164237,1.26567990870138,1.42392185374289,1.57081404996257),
 .UNSPECIFIED.);
#29=B_SPLINE_CURVE_WITH_KNOTS('',3,(#3137,#3138,#3139,#3140,#3141,#3142,
#3143,#3144,#3145,#3146,#3147,#3148,#3149,#3150,#3151,#3152,#3153,#3154,
#3155,#3156,#3157,#3158,#3159,#3160,#3161,#3162,#3163,#3164,#3165,#3166,
#3167),.UNSPECIFIED.,.F.,.F.,(4,3,3,3,3,3,3,3,3,3,4),(0.,0.15818604870206,
0.316364801776833,0.474609995640551,0.632832174624706,0.791034443843443,
0.949219904985496,1.10746331425179,1.26566425120105,1.42390420008086,1.5707970357086),
 .UNSPECIFIED.);
#30=B_SPLINE_CURVE_WITH_KNOTS('',3,(#3281,#3282,#3283,#3284,#3285,#3286,
#3287,#3288,#3289,#3290,#3291,#3292,#3293,#3294,#3295,#3296,#3297,#3298,
#3299,#3300,#3301,#3302,#3303,#3304,#3305,#3306,#3307,#3308,#3309,#3310,
#3311),.UNSPECIFIED.,.F.,.F.,(4,3,3,3,3,3,3,3,3,3,4),(0.,0.158187976661711,
0.3163686612222,0.474615797381724,0.632839927262038,0.791044156917715,0.949231588244438,
1.10747698164238,1.26567990870138,1.42392185374289,1.57081404996252),
 .UNSPECIFIED.);
#31=B_SPLINE_CURVE_WITH_KNOTS('',3,(#3320,#3321,#3322,#3323,#3324,#3325,
#3326,#3327,#3328,#3329,#3330,#3331,#3332,#3333,#3334,#3335,#3336,#3337,
#3338,#3339,#3340,#3341,#3342,#3343,#3344,#3345,#3346,#3347,#3348,#3349,
#3350),.UNSPECIFIED.,.F.,.F.,(4,3,3,3,3,3,3,3,3,3,4),(0.,0.15818589970556,
0.316364500028409,0.47460953066983,0.632831537210649,0.791033623822718,
0.949218892015815,1.10746209449837,1.26566281794347,1.42390254747865,1.57079777354117),
 .UNSPECIFIED.);
#32=B_SPLINE_CURVE_WITH_KNOTS('',3,(#3394,#3395,#3396,#3397,#3398,#3399,
#3400,#3401,#3402,#3403,#3404,#3405),.UNSPECIFIED.,.F.,.F.,(4,2,2,2,2,4),
(-0.0787811744520809,-0.0775995654712447,-0.0585962940735419,-0.0390637266886218,
-0.0195317141301498,0.),.UNSPECIFIED.);
#33=B_SPLINE_CURVE_WITH_KNOTS('',3,(#3426,#3427,#3428,#3429,#3430,#3431,
#3432,#3433,#3434,#3435,#3436,#3437),.UNSPECIFIED.,.F.,.F.,(4,2,2,2,2,4),
(-0.0775996407212295,-0.0580679076509545,-0.0385358761520255,-0.0190032898261047,
0.,0.00118161012664517),.UNSPECIFIED.);
#34=B_SPLINE_CURVE_WITH_KNOTS('',3,(#3539,#3540,#3541,#3542,#3543,#3544,
#3545,#3546,#3547,#3548,#3549,#3550),.UNSPECIFIED.,.F.,.F.,(4,2,2,2,2,4),
(-0.078782458325472,-0.0777412327578296,-0.0585962927098111,-0.0390637248121952,
-0.0195317144009033,0.),.UNSPECIFIED.);
#35=B_SPLINE_CURVE_WITH_KNOTS('',3,(#3551,#3552,#3553,#3554,#3555,#3556,
#3557,#3558,#3559,#3560,#3561,#3562),.UNSPECIFIED.,.F.,.F.,(4,2,2,2,2,4),
(-0.0777413114589641,-0.0582095772851143,-0.0386775471005603,-0.0191449594291177,
0.,0.0010412266217146),.UNSPECIFIED.);
#36=B_SPLINE_CURVE_WITH_KNOTS('',3,(#3670,#3671,#3672,#3673,#3674,#3675,
#3676,#3677,#3678,#3679,#3680,#3681,#3682,#3683,#3684,#3685,#3686,#3687,
#3688,#3689,#3690,#3691,#3692,#3693,#3694,#3695,#3696,#3697,#3698,#3699,
#3700,#3701,#3702,#3703,#3704,#3705,#3706,#3707,#3708,#3709),
 .UNSPECIFIED.,.F.,.F.,(4,3,3,3,3,3,3,3,3,3,3,3,3,4),(0.,0.120196501443535,
0.240388739143634,0.360577052755625,0.480761781817849,0.600943265761578,
0.722176512194597,0.842377866023607,0.962570317061941,1.08275522403803,
1.20476872733495,1.32496142869025,1.44788533295799,1.57080923722573),
 .UNSPECIFIED.);
#37=B_SPLINE_CURVE_WITH_KNOTS('',3,(#3712,#3713,#3714,#3715,#3716,#3717,
#3718,#3719,#3720,#3721,#3722,#3723,#3724,#3725,#3726,#3727,#3728,#3729,
#3730,#3731,#3732,#3733,#3734,#3735,#3736,#3737,#3738,#3739,#3740,#3741,
#3742,#3743,#3744,#3745,#3746,#3747,#3748,#3749,#3750,#3751),
 .UNSPECIFIED.,.F.,.F.,(4,3,3,3,3,3,3,3,3,3,3,3,3,4),(0.,0.120195217679984,
0.240386166535423,0.360573182819445,0.480756603096707,0.600936764403444,
0.722169450735189,0.842369442300811,0.962560515791204,1.0827440308924,1.20475758693365,
1.32494886952199,1.4478735622897,1.5707982550574),.UNSPECIFIED.);
#38=PLANE('',#1978);
#39=PLANE('',#1997);
#40=PLANE('',#2012);
#41=PLANE('',#2015);
#42=PLANE('',#2024);
#43=PLANE('',#2045);
#44=PLANE('',#2048);
#45=PLANE('',#2083);
#46=PLANE('',#2084);
#47=PLANE('',#2103);
#48=PLANE('',#2106);
#49=PLANE('',#2107);
#50=PLANE('',#2127);
#51=PLANE('',#2185);
#52=PLANE('',#2220);
#53=PLANE('',#2224);
#54=PLANE('',#2232);
#55=PLANE('',#2233);
#56=PLANE('',#2235);
#57=PLANE('',#2237);
#58=PLANE('',#2258);
#59=PLANE('',#2263);
#60=PLANE('',#2266);
#61=PLANE('',#2267);
#62=LINE('',#3002,#155);
#63=LINE('',#3003,#156);
#64=LINE('',#3006,#157);
#65=LINE('',#3009,#158);
#66=LINE('',#3012,#159);
#67=LINE('',#3037,#160);
#68=LINE('',#3038,#161);
#69=LINE('',#3041,#162);
#70=LINE('',#3044,#163);
#71=LINE('',#3047,#164);
#72=LINE('',#3063,#165);
#73=LINE('',#3064,#166);
#74=LINE('',#3076,#167);
#75=LINE('',#3078,#168);
#76=LINE('',#3079,#169);
#77=LINE('',#3082,#170);
#78=LINE('',#3097,#171);
#79=LINE('',#3171,#172);
#80=LINE('',#3174,#173);
#81=LINE('',#3194,#174);
#82=LINE('',#3195,#175);
#83=LINE('',#3198,#176);
#84=LINE('',#3201,#177);
#85=LINE('',#3204,#178);
#86=LINE('',#3205,#179);
#87=LINE('',#3208,#180);
#88=LINE('',#3216,#181);
#89=LINE('',#3219,#182);
#90=LINE('',#3242,#183);
#91=LINE('',#3243,#184);
#92=LINE('',#3261,#185);
#93=LINE('',#3264,#186);
#94=LINE('',#3267,#187);
#95=LINE('',#3271,#188);
#96=LINE('',#3275,#189);
#97=LINE('',#3276,#190);
#98=LINE('',#3313,#191);
#99=LINE('',#3316,#192);
#100=LINE('',#3372,#193);
#101=LINE('',#3373,#194);
#102=LINE('',#3376,#195);
#103=LINE('',#3378,#196);
#104=LINE('',#3379,#197);
#105=LINE('',#3382,#198);
#106=LINE('',#3386,#199);
#107=LINE('',#3387,#200);
#108=LINE('',#3393,#201);
#109=LINE('',#3425,#202);
#110=LINE('',#3441,#203);
#111=LINE('',#3442,#204);
#112=LINE('',#3453,#205);
#113=LINE('',#3461,#206);
#114=LINE('',#3465,#207);
#115=LINE('',#3469,#208);
#116=LINE('',#3477,#209);
#117=LINE('',#3480,#210);
#118=LINE('',#3489,#211);
#119=LINE('',#3496,#212);
#120=LINE('',#3507,#213);
#121=LINE('',#3514,#214);
#122=LINE('',#3521,#215);
#123=LINE('',#3565,#216);
#124=LINE('',#3578,#217);
#125=LINE('',#3579,#218);
#126=LINE('',#3593,#219);
#127=LINE('',#3596,#220);
#128=LINE('',#3605,#221);
#129=LINE('',#3607,#222);
#130=LINE('',#3617,#223);
#131=LINE('',#3619,#224);
#132=LINE('',#3624,#225);
#133=LINE('',#3631,#226);
#134=LINE('',#3641,#227);
#135=LINE('',#3644,#228);
#136=LINE('',#3650,#229);
#137=LINE('',#3653,#230);
#138=LINE('',#3656,#231);
#139=LINE('',#3658,#232);
#140=LINE('',#3660,#233);
#141=LINE('',#3666,#234);
#142=LINE('',#3754,#235);
#143=LINE('',#3777,#236);
#144=LINE('',#3797,#237);
#145=LINE('',#3800,#238);
#146=LINE('',#3803,#239);
#147=LINE('',#3806,#240);
#148=LINE('',#3807,#241);
#149=LINE('',#3810,#242);
#150=LINE('',#3814,#243);
#151=LINE('',#3818,#244);
#152=LINE('',#3819,#245);
#153=LINE('',#3822,#246);
#154=LINE('',#3825,#247);
#155=VECTOR('',#2298,10.);
#156=VECTOR('',#2299,10.);
#157=VECTOR('',#2302,10.);
#158=VECTOR('',#2305,10.);
#159=VECTOR('',#2308,10.);
#160=VECTOR('',#2341,10.);
#161=VECTOR('',#2342,10.);
#162=VECTOR('',#2345,10.);
#163=VECTOR('',#2348,10.);
#164=VECTOR('',#2351,10.);
#165=VECTOR('',#2370,10.);
#166=VECTOR('',#2371,10.);
#167=VECTOR('',#2388,10.);
#168=VECTOR('',#2389,10.);
#169=VECTOR('',#2390,10.);
#170=VECTOR('',#2393,10.);
#171=VECTOR('',#2412,1.80277566459544);
#172=VECTOR('',#2425,10.);
#173=VECTOR('',#2428,10.);
#174=VECTOR('',#2455,10.);
#175=VECTOR('',#2456,10.);
#176=VECTOR('',#2459,10.);
#177=VECTOR('',#2462,10.);
#178=VECTOR('',#2465,10.);
#179=VECTOR('',#2466,10.);
#180=VECTOR('',#2469,10.);
#181=VECTOR('',#2478,10.);
#182=VECTOR('',#2481,10.);
#183=VECTOR('',#2510,10.);
#184=VECTOR('',#2511,10.);
#185=VECTOR('',#2536,10.);
#186=VECTOR('',#2539,10.);
#187=VECTOR('',#2542,10.);
#188=VECTOR('',#2547,10.);
#189=VECTOR('',#2552,10.);
#190=VECTOR('',#2553,10.);
#191=VECTOR('',#2558,10.);
#192=VECTOR('',#2561,10.);
#193=VECTOR('',#2594,10.);
#194=VECTOR('',#2595,10.);
#195=VECTOR('',#2598,10.);
#196=VECTOR('',#2599,10.);
#197=VECTOR('',#2600,10.);
#198=VECTOR('',#2603,10.);
#199=VECTOR('',#2608,10.);
#200=VECTOR('',#2609,10.);
#201=VECTOR('',#2616,10.);
#202=VECTOR('',#2643,10.);
#203=VECTOR('',#2650,10.);
#204=VECTOR('',#2651,10.);
#205=VECTOR('',#2662,10.);
#206=VECTOR('',#2669,10.);
#207=VECTOR('',#2672,10.);
#208=VECTOR('',#2675,10.);
#209=VECTOR('',#2682,10.);
#210=VECTOR('',#2685,10.);
#211=VECTOR('',#2692,10.);
#212=VECTOR('',#2699,10.);
#213=VECTOR('',#2708,10.);
#214=VECTOR('',#2715,10.);
#215=VECTOR('',#2726,10.);
#216=VECTOR('',#2759,10.);
#217=VECTOR('',#2782,10.);
#218=VECTOR('',#2783,10.);
#219=VECTOR('',#2808,10.);
#220=VECTOR('',#2813,10.);
#221=VECTOR('',#2828,10.);
#222=VECTOR('',#2831,10.);
#223=VECTOR('',#2848,10.);
#224=VECTOR('',#2851,10.);
#225=VECTOR('',#2858,3.175);
#226=VECTOR('',#2867,3.175);
#227=VECTOR('',#2878,10.);
#228=VECTOR('',#2881,10.);
#229=VECTOR('',#2892,10.);
#230=VECTOR('',#2897,10.);
#231=VECTOR('',#2902,10.);
#232=VECTOR('',#2905,10.);
#233=VECTOR('',#2908,10.);
#234=VECTOR('',#2917,2.38125);
#235=VECTOR('',#2926,10.);
#236=VECTOR('',#2937,10.);
#237=VECTOR('',#2944,10.);
#238=VECTOR('',#2947,10.);
#239=VECTOR('',#2950,10.);
#240=VECTOR('',#2953,10.);
#241=VECTOR('',#2954,10.);
#242=VECTOR('',#2957,10.);
#243=VECTOR('',#2962,2.38125);
#244=VECTOR('',#2967,10.);
#245=VECTOR('',#2968,10.);
#246=VECTOR('',#2971,10.);
#247=VECTOR('',#2976,10.);
#248=CYLINDRICAL_SURFACE('',#1973,0.5);
#249=CYLINDRICAL_SURFACE('',#1974,5.93248853531735);
#250=CYLINDRICAL_SURFACE('',#1976,2.);
#251=CYLINDRICAL_SURFACE('',#1992,0.5);
#252=CYLINDRICAL_SURFACE('',#1993,5.38516488737972);
#253=CYLINDRICAL_SURFACE('',#1995,2.);
#254=CYLINDRICAL_SURFACE('',#2003,0.5);
#255=CYLINDRICAL_SURFACE('',#2013,2.);
#256=CYLINDRICAL_SURFACE('',#2021,1.80277566459544);
#257=CYLINDRICAL_SURFACE('',#2028,0.5);
#258=CYLINDRICAL_SURFACE('',#2042,0.5);
#259=CYLINDRICAL_SURFACE('',#2043,2.5);
#260=CYLINDRICAL_SURFACE('',#2046,3.);
#261=CYLINDRICAL_SURFACE('',#2049,0.5);
#262=CYLINDRICAL_SURFACE('',#2064,0.5);
#263=CYLINDRICAL_SURFACE('',#2077,2.5);
#264=CYLINDRICAL_SURFACE('',#2079,3.5);
#265=CYLINDRICAL_SURFACE('',#2081,2.5);
#266=CYLINDRICAL_SURFACE('',#2085,0.5);
#267=CYLINDRICAL_SURFACE('',#2102,0.5);
#268=CYLINDRICAL_SURFACE('',#2104,2.25);
#269=CYLINDRICAL_SURFACE('',#2108,0.5);
#270=CYLINDRICAL_SURFACE('',#2122,0.5);
#271=CYLINDRICAL_SURFACE('',#2125,5.5);
#272=CYLINDRICAL_SURFACE('',#2126,2.5);
#273=CYLINDRICAL_SURFACE('',#2156,0.5);
#274=CYLINDRICAL_SURFACE('',#2167,0.5);
#275=CYLINDRICAL_SURFACE('',#2173,0.5);
#276=CYLINDRICAL_SURFACE('',#2183,0.5);
#277=CYLINDRICAL_SURFACE('',#2184,2.5);
#278=CYLINDRICAL_SURFACE('',#2195,0.5);
#279=CYLINDRICAL_SURFACE('',#2198,2.);
#280=CYLINDRICAL_SURFACE('',#2199,3.6400549988813);
#281=CYLINDRICAL_SURFACE('',#2205,0.5);
#282=CYLINDRICAL_SURFACE('',#2214,0.5);
#283=CYLINDRICAL_SURFACE('',#2218,3.175);
#284=CYLINDRICAL_SURFACE('',#2222,3.175);
#285=CYLINDRICAL_SURFACE('',#2226,1.5875);
#286=CYLINDRICAL_SURFACE('',#2229,1.58748478759032);
#287=CYLINDRICAL_SURFACE('',#2234,2.);
#288=CYLINDRICAL_SURFACE('',#2236,2.);
#289=CYLINDRICAL_SURFACE('',#2238,2.5);
#290=CYLINDRICAL_SURFACE('',#2239,3.5);
#291=CYLINDRICAL_SURFACE('',#2240,2.5);
#292=CYLINDRICAL_SURFACE('',#2241,2.5);
#293=CYLINDRICAL_SURFACE('',#2242,5.5);
#294=CYLINDRICAL_SURFACE('',#2243,2.38125);
#295=CYLINDRICAL_SURFACE('',#2247,1.5);
#296=CYLINDRICAL_SURFACE('',#2251,1.5);
#297=CYLINDRICAL_SURFACE('',#2255,1.5);
#298=CYLINDRICAL_SURFACE('',#2256,3.00000000000002);
#299=CYLINDRICAL_SURFACE('',#2259,5.38125);
#300=CYLINDRICAL_SURFACE('',#2261,2.38125);
#301=CYLINDRICAL_SURFACE('',#2264,3.00000000000002);
#302=FACE_OUTER_BOUND('',#431,.T.);
#303=FACE_OUTER_BOUND('',#432,.T.);
#304=FACE_OUTER_BOUND('',#433,.T.);
#305=FACE_OUTER_BOUND('',#434,.T.);
#306=FACE_OUTER_BOUND('',#435,.T.);
#307=FACE_OUTER_BOUND('',#436,.T.);
#308=FACE_OUTER_BOUND('',#437,.T.);
#309=FACE_OUTER_BOUND('',#438,.T.);
#310=FACE_OUTER_BOUND('',#439,.T.);
#311=FACE_OUTER_BOUND('',#440,.T.);
#312=FACE_OUTER_BOUND('',#441,.T.);
#313=FACE_OUTER_BOUND('',#442,.T.);
#314=FACE_OUTER_BOUND('',#443,.T.);
#315=FACE_OUTER_BOUND('',#444,.T.);
#316=FACE_OUTER_BOUND('',#445,.T.);
#317=FACE_OUTER_BOUND('',#446,.T.);
#318=FACE_OUTER_BOUND('',#447,.T.);
#319=FACE_OUTER_BOUND('',#448,.T.);
#320=FACE_OUTER_BOUND('',#449,.T.);
#321=FACE_OUTER_BOUND('',#450,.T.);
#322=FACE_OUTER_BOUND('',#451,.T.);
#323=FACE_OUTER_BOUND('',#452,.T.);
#324=FACE_OUTER_BOUND('',#453,.T.);
#325=FACE_OUTER_BOUND('',#454,.T.);
#326=FACE_OUTER_BOUND('',#455,.T.);
#327=FACE_OUTER_BOUND('',#456,.T.);
#328=FACE_OUTER_BOUND('',#457,.T.);
#329=FACE_OUTER_BOUND('',#458,.T.);
#330=FACE_OUTER_BOUND('',#459,.T.);
#331=FACE_OUTER_BOUND('',#460,.T.);
#332=FACE_OUTER_BOUND('',#461,.T.);
#333=FACE_OUTER_BOUND('',#462,.T.);
#334=FACE_OUTER_BOUND('',#463,.T.);
#335=FACE_OUTER_BOUND('',#464,.T.);
#336=FACE_OUTER_BOUND('',#465,.T.);
#337=FACE_OUTER_BOUND('',#466,.T.);
#338=FACE_OUTER_BOUND('',#467,.T.);
#339=FACE_OUTER_BOUND('',#468,.T.);
#340=FACE_OUTER_BOUND('',#469,.T.);
#341=FACE_OUTER_BOUND('',#470,.T.);
#342=FACE_OUTER_BOUND('',#471,.T.);
#343=FACE_OUTER_BOUND('',#472,.T.);
#344=FACE_OUTER_BOUND('',#473,.T.);
#345=FACE_OUTER_BOUND('',#474,.T.);
#346=FACE_OUTER_BOUND('',#475,.T.);
#347=FACE_OUTER_BOUND('',#476,.T.);
#348=FACE_OUTER_BOUND('',#477,.T.);
#349=FACE_OUTER_BOUND('',#478,.T.);
#350=FACE_OUTER_BOUND('',#479,.T.);
#351=FACE_OUTER_BOUND('',#480,.T.);
#352=FACE_OUTER_BOUND('',#481,.T.);
#353=FACE_OUTER_BOUND('',#482,.T.);
#354=FACE_OUTER_BOUND('',#483,.T.);
#355=FACE_OUTER_BOUND('',#484,.T.);
#356=FACE_OUTER_BOUND('',#485,.T.);
#357=FACE_OUTER_BOUND('',#486,.T.);
#358=FACE_OUTER_BOUND('',#487,.T.);
#359=FACE_OUTER_BOUND('',#488,.T.);
#360=FACE_OUTER_BOUND('',#489,.T.);
#361=FACE_OUTER_BOUND('',#490,.T.);
#362=FACE_OUTER_BOUND('',#491,.T.);
#363=FACE_OUTER_BOUND('',#492,.T.);
#364=FACE_OUTER_BOUND('',#493,.T.);
#365=FACE_OUTER_BOUND('',#494,.T.);
#366=FACE_OUTER_BOUND('',#495,.T.);
#367=FACE_OUTER_BOUND('',#496,.T.);
#368=FACE_OUTER_BOUND('',#503,.T.);
#369=FACE_OUTER_BOUND('',#504,.T.);
#370=FACE_OUTER_BOUND('',#505,.T.);
#371=FACE_OUTER_BOUND('',#506,.T.);
#372=FACE_OUTER_BOUND('',#507,.T.);
#373=FACE_OUTER_BOUND('',#508,.T.);
#374=FACE_OUTER_BOUND('',#509,.T.);
#375=FACE_OUTER_BOUND('',#510,.T.);
#376=FACE_OUTER_BOUND('',#511,.T.);
#377=FACE_OUTER_BOUND('',#512,.T.);
#378=FACE_OUTER_BOUND('',#513,.T.);
#379=FACE_OUTER_BOUND('',#514,.T.);
#380=FACE_OUTER_BOUND('',#515,.T.);
#381=FACE_OUTER_BOUND('',#516,.T.);
#382=FACE_OUTER_BOUND('',#517,.T.);
#383=FACE_OUTER_BOUND('',#518,.T.);
#384=FACE_OUTER_BOUND('',#519,.T.);
#385=FACE_OUTER_BOUND('',#520,.T.);
#386=FACE_OUTER_BOUND('',#521,.T.);
#387=FACE_OUTER_BOUND('',#522,.T.);
#388=FACE_OUTER_BOUND('',#523,.T.);
#389=FACE_OUTER_BOUND('',#524,.T.);
#390=FACE_OUTER_BOUND('',#525,.T.);
#391=FACE_OUTER_BOUND('',#526,.T.);
#392=FACE_OUTER_BOUND('',#527,.T.);
#393=FACE_OUTER_BOUND('',#528,.T.);
#394=FACE_OUTER_BOUND('',#529,.T.);
#395=FACE_OUTER_BOUND('',#530,.T.);
#396=FACE_OUTER_BOUND('',#531,.T.);
#397=FACE_OUTER_BOUND('',#532,.T.);
#398=FACE_OUTER_BOUND('',#533,.T.);
#399=FACE_OUTER_BOUND('',#534,.T.);
#400=FACE_OUTER_BOUND('',#535,.T.);
#401=FACE_OUTER_BOUND('',#537,.T.);
#402=FACE_OUTER_BOUND('',#538,.T.);
#403=FACE_OUTER_BOUND('',#540,.T.);
#404=FACE_OUTER_BOUND('',#541,.T.);
#405=FACE_OUTER_BOUND('',#542,.T.);
#406=FACE_OUTER_BOUND('',#543,.T.);
#407=FACE_OUTER_BOUND('',#544,.T.);
#408=FACE_OUTER_BOUND('',#545,.T.);
#409=FACE_OUTER_BOUND('',#546,.T.);
#410=FACE_OUTER_BOUND('',#547,.T.);
#411=FACE_OUTER_BOUND('',#548,.T.);
#412=FACE_OUTER_BOUND('',#549,.T.);
#413=FACE_OUTER_BOUND('',#550,.T.);
#414=FACE_OUTER_BOUND('',#551,.T.);
#415=FACE_OUTER_BOUND('',#552,.T.);
#416=FACE_OUTER_BOUND('',#553,.T.);
#417=FACE_OUTER_BOUND('',#554,.T.);
#418=FACE_OUTER_BOUND('',#555,.T.);
#419=FACE_OUTER_BOUND('',#556,.T.);
#420=FACE_OUTER_BOUND('',#557,.T.);
#421=FACE_OUTER_BOUND('',#558,.T.);
#422=FACE_OUTER_BOUND('',#559,.T.);
#423=FACE_OUTER_BOUND('',#560,.T.);
#424=FACE_OUTER_BOUND('',#561,.T.);
#425=FACE_OUTER_BOUND('',#562,.T.);
#426=FACE_OUTER_BOUND('',#563,.T.);
#427=FACE_OUTER_BOUND('',#564,.T.);
#428=FACE_OUTER_BOUND('',#565,.T.);
#429=FACE_OUTER_BOUND('',#566,.T.);
#430=FACE_OUTER_BOUND('',#567,.T.);
#431=EDGE_LOOP('',(#1200,#1201,#1202,#1203));
#432=EDGE_LOOP('',(#1204,#1205,#1206,#1207));
#433=EDGE_LOOP('',(#1208,#1209,#1210,#1211));
#434=EDGE_LOOP('',(#1212,#1213,#1214,#1215));
#435=EDGE_LOOP('',(#1216,#1217,#1218,#1219));
#436=EDGE_LOOP('',(#1220,#1221,#1222,#1223));
#437=EDGE_LOOP('',(#1224,#1225,#1226,#1227));
#438=EDGE_LOOP('',(#1228,#1229,#1230,#1231));
#439=EDGE_LOOP('',(#1232,#1233,#1234,#1235));
#440=EDGE_LOOP('',(#1236,#1237,#1238,#1239));
#441=EDGE_LOOP('',(#1240,#1241,#1242,#1243));
#442=EDGE_LOOP('',(#1244,#1245,#1246,#1247));
#443=EDGE_LOOP('',(#1248,#1249,#1250,#1251));
#444=EDGE_LOOP('',(#1252,#1253,#1254,#1255));
#445=EDGE_LOOP('',(#1256,#1257,#1258,#1259));
#446=EDGE_LOOP('',(#1260,#1261,#1262,#1263));
#447=EDGE_LOOP('',(#1264,#1265,#1266,#1267));
#448=EDGE_LOOP('',(#1268,#1269,#1270,#1271));
#449=EDGE_LOOP('',(#1272,#1273,#1274,#1275));
#450=EDGE_LOOP('',(#1276,#1277,#1278,#1279));
#451=EDGE_LOOP('',(#1280,#1281,#1282,#1283));
#452=EDGE_LOOP('',(#1284,#1285,#1286,#1287,#1288));
#453=EDGE_LOOP('',(#1289,#1290,#1291,#1292,#1293,#1294));
#454=EDGE_LOOP('',(#1295));
#455=EDGE_LOOP('',(#1296,#1297,#1298,#1299));
#456=EDGE_LOOP('',(#1300,#1301,#1302,#1303));
#457=EDGE_LOOP('',(#1304,#1305,#1306,#1307));
#458=EDGE_LOOP('',(#1308,#1309,#1310,#1311));
#459=EDGE_LOOP('',(#1312,#1313,#1314,#1315));
#460=EDGE_LOOP('',(#1316,#1317,#1318,#1319));
#461=EDGE_LOOP('',(#1320,#1321,#1322,#1323));
#462=EDGE_LOOP('',(#1324,#1325,#1326,#1327));
#463=EDGE_LOOP('',(#1328,#1329,#1330,#1331));
#464=EDGE_LOOP('',(#1332,#1333,#1334,#1335,#1336,#1337));
#465=EDGE_LOOP('',(#1338,#1339,#1340,#1341));
#466=EDGE_LOOP('',(#1342,#1343,#1344,#1345));
#467=EDGE_LOOP('',(#1346,#1347,#1348,#1349));
#468=EDGE_LOOP('',(#1350,#1351,#1352,#1353));
#469=EDGE_LOOP('',(#1354,#1355,#1356,#1357));
#470=EDGE_LOOP('',(#1358,#1359,#1360,#1361));
#471=EDGE_LOOP('',(#1362,#1363,#1364,#1365));
#472=EDGE_LOOP('',(#1366,#1367,#1368,#1369));
#473=EDGE_LOOP('',(#1370,#1371,#1372,#1373));
#474=EDGE_LOOP('',(#1374,#1375,#1376,#1377));
#475=EDGE_LOOP('',(#1378,#1379,#1380,#1381));
#476=EDGE_LOOP('',(#1382,#1383,#1384,#1385));
#477=EDGE_LOOP('',(#1386,#1387,#1388,#1389,#1390,#1391,#1392,#1393));
#478=EDGE_LOOP('',(#1394,#1395,#1396,#1397));
#479=EDGE_LOOP('',(#1398,#1399,#1400,#1401));
#480=EDGE_LOOP('',(#1402,#1403,#1404,#1405));
#481=EDGE_LOOP('',(#1406,#1407,#1408,#1409));
#482=EDGE_LOOP('',(#1410,#1411,#1412,#1413));
#483=EDGE_LOOP('',(#1414,#1415,#1416,#1417));
#484=EDGE_LOOP('',(#1418,#1419,#1420,#1421));
#485=EDGE_LOOP('',(#1422,#1423,#1424,#1425));
#486=EDGE_LOOP('',(#1426,#1427,#1428,#1429));
#487=EDGE_LOOP('',(#1430,#1431,#1432,#1433,#1434,#1435));
#488=EDGE_LOOP('',(#1436,#1437,#1438,#1439));
#489=EDGE_LOOP('',(#1440,#1441,#1442,#1443));
#490=EDGE_LOOP('',(#1444,#1445,#1446,#1447));
#491=EDGE_LOOP('',(#1448,#1449,#1450,#1451));
#492=EDGE_LOOP('',(#1452,#1453,#1454,#1455));
#493=EDGE_LOOP('',(#1456,#1457,#1458,#1459));
#494=EDGE_LOOP('',(#1460,#1461,#1462,#1463));
#495=EDGE_LOOP('',(#1464,#1465,#1466,#1467));
#496=EDGE_LOOP('',(#1468,#1469,#1470,#1471,#1472,#1473,#1474,#1475,#1476,
#1477,#1478,#1479,#1480,#1481,#1482,#1483,#1484,#1485));
#497=EDGE_LOOP('',(#1486,#1487,#1488,#1489,#1490,#1491,#1492,#1493));
#498=EDGE_LOOP('',(#1494));
#499=EDGE_LOOP('',(#1495));
#500=EDGE_LOOP('',(#1496));
#501=EDGE_LOOP('',(#1497,#1498,#1499,#1500,#1501,#1502));
#502=EDGE_LOOP('',(#1503,#1504,#1505,#1506,#1507,#1508));
#503=EDGE_LOOP('',(#1509,#1510,#1511,#1512));
#504=EDGE_LOOP('',(#1513,#1514,#1515,#1516));
#505=EDGE_LOOP('',(#1517,#1518,#1519,#1520));
#506=EDGE_LOOP('',(#1521,#1522,#1523,#1524));
#507=EDGE_LOOP('',(#1525,#1526,#1527,#1528));
#508=EDGE_LOOP('',(#1529,#1530,#1531,#1532));
#509=EDGE_LOOP('',(#1533,#1534,#1535,#1536));
#510=EDGE_LOOP('',(#1537,#1538,#1539,#1540));
#511=EDGE_LOOP('',(#1541,#1542,#1543,#1544));
#512=EDGE_LOOP('',(#1545,#1546,#1547,#1548));
#513=EDGE_LOOP('',(#1549,#1550,#1551,#1552));
#514=EDGE_LOOP('',(#1553,#1554,#1555,#1556));
#515=EDGE_LOOP('',(#1557,#1558,#1559,#1560));
#516=EDGE_LOOP('',(#1561,#1562,#1563,#1564));
#517=EDGE_LOOP('',(#1565,#1566,#1567,#1568));
#518=EDGE_LOOP('',(#1569,#1570,#1571,#1572));
#519=EDGE_LOOP('',(#1573,#1574,#1575,#1576,#1577));
#520=EDGE_LOOP('',(#1578,#1579,#1580,#1581));
#521=EDGE_LOOP('',(#1582,#1583,#1584,#1585));
#522=EDGE_LOOP('',(#1586,#1587,#1588,#1589));
#523=EDGE_LOOP('',(#1590,#1591,#1592,#1593));
#524=EDGE_LOOP('',(#1594,#1595,#1596,#1597));
#525=EDGE_LOOP('',(#1598,#1599,#1600,#1601));
#526=EDGE_LOOP('',(#1602,#1603,#1604,#1605));
#527=EDGE_LOOP('',(#1606,#1607,#1608,#1609));
#528=EDGE_LOOP('',(#1610,#1611,#1612,#1613));
#529=EDGE_LOOP('',(#1614,#1615,#1616,#1617));
#530=EDGE_LOOP('',(#1618,#1619,#1620,#1621));
#531=EDGE_LOOP('',(#1622,#1623,#1624,#1625));
#532=EDGE_LOOP('',(#1626,#1627,#1628,#1629));
#533=EDGE_LOOP('',(#1630,#1631,#1632,#1633));
#534=EDGE_LOOP('',(#1634,#1635,#1636,#1637));
#535=EDGE_LOOP('',(#1638));
#536=EDGE_LOOP('',(#1639));
#537=EDGE_LOOP('',(#1640,#1641,#1642,#1643));
#538=EDGE_LOOP('',(#1644));
#539=EDGE_LOOP('',(#1645));
#540=EDGE_LOOP('',(#1646,#1647,#1648,#1649));
#541=EDGE_LOOP('',(#1650,#1651,#1652,#1653));
#542=EDGE_LOOP('',(#1654,#1655));
#543=EDGE_LOOP('',(#1656,#1657,#1658,#1659));
#544=EDGE_LOOP('',(#1660,#1661,#1662,#1663));
#545=EDGE_LOOP('',(#1664,#1665,#1666,#1667));
#546=EDGE_LOOP('',(#1668,#1669,#1670,#1671));
#547=EDGE_LOOP('',(#1672,#1673,#1674,#1675));
#548=EDGE_LOOP('',(#1676,#1677,#1678,#1679));
#549=EDGE_LOOP('',(#1680,#1681,#1682,#1683));
#550=EDGE_LOOP('',(#1684,#1685,#1686,#1687));
#551=EDGE_LOOP('',(#1688,#1689,#1690,#1691));
#552=EDGE_LOOP('',(#1692,#1693,#1694,#1695));
#553=EDGE_LOOP('',(#1696,#1697,#1698,#1699));
#554=EDGE_LOOP('',(#1700,#1701,#1702,#1703));
#555=EDGE_LOOP('',(#1704,#1705,#1706,#1707,#1708,#1709,#1710,#1711));
#556=EDGE_LOOP('',(#1712,#1713,#1714,#1715));
#557=EDGE_LOOP('',(#1716,#1717,#1718,#1719));
#558=EDGE_LOOP('',(#1720,#1721,#1722,#1723));
#559=EDGE_LOOP('',(#1724,#1725,#1726,#1727,#1728,#1729));
#560=EDGE_LOOP('',(#1730,#1731,#1732,#1733));
#561=EDGE_LOOP('',(#1734,#1735,#1736,#1737));
#562=EDGE_LOOP('',(#1738,#1739,#1740,#1741));
#563=EDGE_LOOP('',(#1742,#1743,#1744,#1745));
#564=EDGE_LOOP('',(#1746,#1747,#1748,#1749));
#565=EDGE_LOOP('',(#1750,#1751,#1752,#1753));
#566=EDGE_LOOP('',(#1754,#1755,#1756,#1757));
#567=EDGE_LOOP('',(#1758,#1759,#1760,#1761,#1762,#1763));
#568=EDGE_LOOP('',(#1764,#1765));
#569=EDGE_LOOP('',(#1766));
#570=EDGE_LOOP('',(#1767));
#571=CIRCLE('',#1961,0.5);
#572=CIRCLE('',#1962,2.);
#573=CIRCLE('',#1963,0.499999999999989);
#574=CIRCLE('',#1964,1.5);
#575=CIRCLE('',#1966,0.500000000000012);
#576=CIRCLE('',#1967,5.43248853531735);
#577=CIRCLE('',#1968,5.93248853531735);
#578=CIRCLE('',#1970,0.499999999999999);
#579=CIRCLE('',#1971,1.5);
#580=CIRCLE('',#1972,2.);
#581=CIRCLE('',#1975,5.93248853531735);
#582=CIRCLE('',#1977,2.);
#583=CIRCLE('',#1980,0.5);
#584=CIRCLE('',#1981,2.);
#585=CIRCLE('',#1982,0.499999999999992);
#586=CIRCLE('',#1983,1.5);
#587=CIRCLE('',#1985,0.499999999999998);
#588=CIRCLE('',#1986,4.88516488737972);
#589=CIRCLE('',#1987,5.38516488737972);
#590=CIRCLE('',#1989,0.500000000000001);
#591=CIRCLE('',#1990,1.5);
#592=CIRCLE('',#1991,2.);
#593=CIRCLE('',#1994,5.38516488737972);
#594=CIRCLE('',#1996,2.);
#595=CIRCLE('',#1999,0.5);
#596=CIRCLE('',#2000,2.);
#597=CIRCLE('',#2001,0.500000000000001);
#598=CIRCLE('',#2002,1.5);
#599=CIRCLE('',#2004,0.499999999999999);
#600=CIRCLE('',#2006,0.499999999999995);
#601=CIRCLE('',#2007,1.5);
#602=CIRCLE('',#2008,2.);
#603=CIRCLE('',#2010,3.6400549988813);
#604=CIRCLE('',#2011,3.1400549988813);
#605=CIRCLE('',#2014,2.);
#606=CIRCLE('',#2017,1.30277566459544);
#607=CIRCLE('',#2018,0.5);
#608=CIRCLE('',#2019,1.80277566459544);
#609=CIRCLE('',#2020,1.80277566459544);
#610=CIRCLE('',#2022,1.80277566459544);
#611=CIRCLE('',#2023,1.80277566459544);
#612=CIRCLE('',#2026,3.);
#613=CIRCLE('',#2027,2.5);
#614=CIRCLE('',#2029,0.500000000000001);
#615=CIRCLE('',#2031,0.499999999999999);
#616=CIRCLE('',#2032,2.);
#617=CIRCLE('',#2033,2.5);
#618=CIRCLE('',#2035,0.500000000000006);
#619=CIRCLE('',#2036,6.);
#620=CIRCLE('',#2037,5.5);
#621=CIRCLE('',#2039,0.499999999999999);
#622=CIRCLE('',#2040,2.);
#623=CIRCLE('',#2041,2.5);
#624=CIRCLE('',#2044,2.5);
#625=CIRCLE('',#2047,3.);
#626=CIRCLE('',#2050,0.500000000000001);
#627=CIRCLE('',#2051,0.5);
#628=CIRCLE('',#2053,0.5);
#629=CIRCLE('',#2054,2.5);
#630=CIRCLE('',#2055,2.);
#631=CIRCLE('',#2057,0.5);
#632=CIRCLE('',#2058,3.5);
#633=CIRCLE('',#2059,3.);
#634=CIRCLE('',#2061,0.5);
#635=CIRCLE('',#2062,2.5);
#636=CIRCLE('',#2063,2.);
#637=CIRCLE('',#2065,0.5);
#638=CIRCLE('',#2067,0.5);
#639=CIRCLE('',#2068,2.5);
#640=CIRCLE('',#2069,2.);
#641=CIRCLE('',#2071,0.5);
#642=CIRCLE('',#2072,3.5);
#643=CIRCLE('',#2073,3.);
#644=CIRCLE('',#2075,2.);
#645=CIRCLE('',#2076,2.5);
#646=CIRCLE('',#2078,2.5);
#647=CIRCLE('',#2080,3.5);
#648=CIRCLE('',#2082,2.5);
#649=CIRCLE('',#2086,0.5);
#650=CIRCLE('',#2088,1.75);
#651=CIRCLE('',#2089,2.25);
#652=CIRCLE('',#2091,0.5);
#653=CIRCLE('',#2092,2.5);
#654=CIRCLE('',#2093,2.);
#655=CIRCLE('',#2095,0.5);
#656=CIRCLE('',#2096,5.5);
#657=CIRCLE('',#2097,6.);
#658=CIRCLE('',#2099,0.5);
#659=CIRCLE('',#2100,2.5);
#660=CIRCLE('',#2101,2.);
#661=CIRCLE('',#2105,2.25);
#662=CIRCLE('',#2109,0.5);
#663=CIRCLE('',#2111,0.500000000000002);
#664=CIRCLE('',#2112,3.);
#665=CIRCLE('',#2113,2.5);
#666=CIRCLE('',#2115,0.500000000000004);
#667=CIRCLE('',#2116,5.);
#668=CIRCLE('',#2117,5.5);
#669=CIRCLE('',#2119,0.5);
#670=CIRCLE('',#2120,3.);
#671=CIRCLE('',#2121,2.5);
#672=CIRCLE('',#2124,2.75);
#673=CIRCLE('',#2128,2.5);
#674=CIRCLE('',#2129,4.1400549988813);
#675=CIRCLE('',#2130,2.5);
#676=CIRCLE('',#2131,2.5);
#677=CIRCLE('',#2132,6.43248853531735);
#678=CIRCLE('',#2133,2.5);
#679=CIRCLE('',#2134,1.50000000000002);
#680=CIRCLE('',#2135,1.50000000000002);
#681=CIRCLE('',#2136,2.5);
#682=CIRCLE('',#2137,5.88516488737972);
#683=CIRCLE('',#2138,2.5);
#684=CIRCLE('',#2139,3.88125);
#685=CIRCLE('',#2140,3.);
#686=CIRCLE('',#2141,4.);
#687=CIRCLE('',#2142,3.);
#688=CIRCLE('',#2143,3.);
#689=CIRCLE('',#2144,4.);
#690=CIRCLE('',#2145,3.);
#691=CIRCLE('',#2146,2.30277566459544);
#692=CIRCLE('',#2147,3.175);
#693=CIRCLE('',#2148,3.175);
#694=CIRCLE('',#2149,3.5);
#695=CIRCLE('',#2150,3.);
#696=CIRCLE('',#2151,5.);
#697=CIRCLE('',#2152,3.);
#698=CIRCLE('',#2154,0.499999999999998);
#699=CIRCLE('',#2155,0.5);
#700=CIRCLE('',#2157,0.5);
#701=CIRCLE('',#2159,0.5);
#702=CIRCLE('',#2160,2.5);
#703=CIRCLE('',#2162,0.5);
#704=CIRCLE('',#2163,3.5);
#705=CIRCLE('',#2165,0.5);
#706=CIRCLE('',#2166,2.5);
#707=CIRCLE('',#2168,0.5);
#708=CIRCLE('',#2170,0.5);
#709=CIRCLE('',#2174,0.499999999999999);
#710=CIRCLE('',#2176,0.499999999999997);
#711=CIRCLE('',#2177,2.5);
#712=CIRCLE('',#2179,0.499999999999999);
#713=CIRCLE('',#2180,5.5);
#714=CIRCLE('',#2182,0.5);
#715=CIRCLE('',#2187,0.5);
#716=CIRCLE('',#2189,0.5);
#717=CIRCLE('',#2190,3.6400549988813);
#718=CIRCLE('',#2191,0.5);
#719=CIRCLE('',#2193,0.499999999999999);
#720=CIRCLE('',#2194,2.);
#721=CIRCLE('',#2196,0.499999999999999);
#722=CIRCLE('',#2201,0.5);
#723=CIRCLE('',#2202,0.500000000000009);
#724=CIRCLE('',#2204,0.500000000000001);
#725=CIRCLE('',#2206,0.5);
#726=CIRCLE('',#2208,2.);
#727=CIRCLE('',#2210,0.5);
#728=CIRCLE('',#2211,0.499999999999989);
#729=CIRCLE('',#2213,0.499999999999999);
#730=CIRCLE('',#2215,0.499999999999997);
#731=CIRCLE('',#2217,2.);
#732=CIRCLE('',#2219,3.175);
#733=CIRCLE('',#2221,2.38125);
#734=CIRCLE('',#2223,3.175);
#735=CIRCLE('',#2225,2.38125);
#736=CIRCLE('',#2227,1.5875);
#737=CIRCLE('',#2228,1.5875);
#738=CIRCLE('',#2230,1.58748478759032);
#739=CIRCLE('',#2231,1.58748478759032);
#740=CIRCLE('',#2244,2.38125);
#741=CIRCLE('',#2246,5.38125);
#742=CIRCLE('',#2248,1.5);
#743=CIRCLE('',#2249,1.5);
#744=CIRCLE('',#2250,3.00000000000002);
#745=CIRCLE('',#2252,1.50000000000002);
#746=CIRCLE('',#2253,1.5);
#747=CIRCLE('',#2254,3.00000000000002);
#748=CIRCLE('',#2257,3.00000000000002);
#749=CIRCLE('',#2260,5.38125);
#750=CIRCLE('',#2262,2.38125);
#751=CIRCLE('',#2265,3.00000000000002);
#752=VERTEX_POINT('',#2981);
#753=VERTEX_POINT('',#2982);
#754=VERTEX_POINT('',#2984);
#755=VERTEX_POINT('',#2986);
#756=VERTEX_POINT('',#2990);
#757=VERTEX_POINT('',#2991);
#758=VERTEX_POINT('',#2996);
#759=VERTEX_POINT('',#2997);
#760=VERTEX_POINT('',#3005);
#761=VERTEX_POINT('',#3007);
#762=VERTEX_POINT('',#3011);
#763=VERTEX_POINT('',#3016);
#764=VERTEX_POINT('',#3017);
#765=VERTEX_POINT('',#3019);
#766=VERTEX_POINT('',#3021);
#767=VERTEX_POINT('',#3025);
#768=VERTEX_POINT('',#3026);
#769=VERTEX_POINT('',#3031);
#770=VERTEX_POINT('',#3032);
#771=VERTEX_POINT('',#3040);
#772=VERTEX_POINT('',#3042);
#773=VERTEX_POINT('',#3046);
#774=VERTEX_POINT('',#3051);
#775=VERTEX_POINT('',#3052);
#776=VERTEX_POINT('',#3054);
#777=VERTEX_POINT('',#3056);
#778=VERTEX_POINT('',#3060);
#779=VERTEX_POINT('',#3061);
#780=VERTEX_POINT('',#3066);
#781=VERTEX_POINT('',#3067);
#782=VERTEX_POINT('',#3075);
#783=VERTEX_POINT('',#3077);
#784=VERTEX_POINT('',#3081);
#785=VERTEX_POINT('',#3086);
#786=VERTEX_POINT('',#3088);
#787=VERTEX_POINT('',#3090);
#788=VERTEX_POINT('',#3094);
#789=VERTEX_POINT('',#3095);
#790=VERTEX_POINT('',#3101);
#791=VERTEX_POINT('',#3102);
#792=VERTEX_POINT('',#3134);
#793=VERTEX_POINT('',#3136);
#794=VERTEX_POINT('',#3170);
#795=VERTEX_POINT('',#3172);
#796=VERTEX_POINT('',#3176);
#797=VERTEX_POINT('',#3177);
#798=VERTEX_POINT('',#3182);
#799=VERTEX_POINT('',#3183);
#800=VERTEX_POINT('',#3188);
#801=VERTEX_POINT('',#3189);
#802=VERTEX_POINT('',#3197);
#803=VERTEX_POINT('',#3199);
#804=VERTEX_POINT('',#3203);
#805=VERTEX_POINT('',#3207);
#806=VERTEX_POINT('',#3212);
#807=VERTEX_POINT('',#3213);
#808=VERTEX_POINT('',#3215);
#809=VERTEX_POINT('',#3217);
#810=VERTEX_POINT('',#3221);
#811=VERTEX_POINT('',#3222);
#812=VERTEX_POINT('',#3227);
#813=VERTEX_POINT('',#3228);
#814=VERTEX_POINT('',#3233);
#815=VERTEX_POINT('',#3234);
#816=VERTEX_POINT('',#3239);
#817=VERTEX_POINT('',#3240);
#818=VERTEX_POINT('',#3245);
#819=VERTEX_POINT('',#3246);
#820=VERTEX_POINT('',#3251);
#821=VERTEX_POINT('',#3252);
#822=VERTEX_POINT('',#3260);
#823=VERTEX_POINT('',#3262);
#824=VERTEX_POINT('',#3266);
#825=VERTEX_POINT('',#3270);
#826=VERTEX_POINT('',#3274);
#827=VERTEX_POINT('',#3279);
#828=VERTEX_POINT('',#3280);
#829=VERTEX_POINT('',#3312);
#830=VERTEX_POINT('',#3314);
#831=VERTEX_POINT('',#3318);
#832=VERTEX_POINT('',#3319);
#833=VERTEX_POINT('',#3354);
#834=VERTEX_POINT('',#3355);
#835=VERTEX_POINT('',#3360);
#836=VERTEX_POINT('',#3361);
#837=VERTEX_POINT('',#3366);
#838=VERTEX_POINT('',#3367);
#839=VERTEX_POINT('',#3375);
#840=VERTEX_POINT('',#3377);
#841=VERTEX_POINT('',#3381);
#842=VERTEX_POINT('',#3385);
#843=VERTEX_POINT('',#3390);
#844=VERTEX_POINT('',#3392);
#845=VERTEX_POINT('',#3407);
#846=VERTEX_POINT('',#3408);
#847=VERTEX_POINT('',#3413);
#848=VERTEX_POINT('',#3414);
#849=VERTEX_POINT('',#3419);
#850=VERTEX_POINT('',#3424);
#851=VERTEX_POINT('',#3445);
#852=VERTEX_POINT('',#3446);
#853=VERTEX_POINT('',#3448);
#854=VERTEX_POINT('',#3450);
#855=VERTEX_POINT('',#3452);
#856=VERTEX_POINT('',#3454);
#857=VERTEX_POINT('',#3456);
#858=VERTEX_POINT('',#3458);
#859=VERTEX_POINT('',#3460);
#860=VERTEX_POINT('',#3462);
#861=VERTEX_POINT('',#3464);
#862=VERTEX_POINT('',#3466);
#863=VERTEX_POINT('',#3468);
#864=VERTEX_POINT('',#3470);
#865=VERTEX_POINT('',#3472);
#866=VERTEX_POINT('',#3474);
#867=VERTEX_POINT('',#3476);
#868=VERTEX_POINT('',#3478);
#869=VERTEX_POINT('',#3481);
#870=VERTEX_POINT('',#3482);
#871=VERTEX_POINT('',#3484);
#872=VERTEX_POINT('',#3486);
#873=VERTEX_POINT('',#3488);
#874=VERTEX_POINT('',#3490);
#875=VERTEX_POINT('',#3492);
#876=VERTEX_POINT('',#3494);
#877=VERTEX_POINT('',#3497);
#878=VERTEX_POINT('',#3499);
#879=VERTEX_POINT('',#3501);
#880=VERTEX_POINT('',#3503);
#881=VERTEX_POINT('',#3504);
#882=VERTEX_POINT('',#3506);
#883=VERTEX_POINT('',#3508);
#884=VERTEX_POINT('',#3510);
#885=VERTEX_POINT('',#3512);
#886=VERTEX_POINT('',#3519);
#887=VERTEX_POINT('',#3523);
#888=VERTEX_POINT('',#3527);
#889=VERTEX_POINT('',#3564);
#890=VERTEX_POINT('',#3568);
#891=VERTEX_POINT('',#3585);
#892=VERTEX_POINT('',#3604);
#893=VERTEX_POINT('',#3616);
#894=VERTEX_POINT('',#3623);
#895=VERTEX_POINT('',#3627);
#896=VERTEX_POINT('',#3630);
#897=VERTEX_POINT('',#3634);
#898=VERTEX_POINT('',#3637);
#899=VERTEX_POINT('',#3638);
#900=VERTEX_POINT('',#3640);
#901=VERTEX_POINT('',#3642);
#902=VERTEX_POINT('',#3665);
#903=VERTEX_POINT('',#3669);
#904=VERTEX_POINT('',#3710);
#905=VERTEX_POINT('',#3753);
#906=VERTEX_POINT('',#3771);
#907=VERTEX_POINT('',#3775);
#908=VERTEX_POINT('',#3793);
#909=VERTEX_POINT('',#3799);
#910=VERTEX_POINT('',#3801);
#911=VERTEX_POINT('',#3805);
#912=VERTEX_POINT('',#3809);
#913=VERTEX_POINT('',#3813);
#914=VERTEX_POINT('',#3817);
#915=VERTEX_POINT('',#3821);
#916=EDGE_CURVE('',#752,#753,#571,.T.);
#917=EDGE_CURVE('',#753,#754,#572,.T.);
#918=EDGE_CURVE('',#754,#755,#573,.T.);
#919=EDGE_CURVE('',#755,#752,#574,.T.);
#920=EDGE_CURVE('',#756,#757,#575,.T.);
#921=EDGE_CURVE('',#757,#755,#576,.T.);
#922=EDGE_CURVE('',#754,#756,#577,.T.);
#923=EDGE_CURVE('',#758,#759,#578,.T.);
#924=EDGE_CURVE('',#759,#757,#579,.T.);
#925=EDGE_CURVE('',#756,#758,#580,.T.);
#926=EDGE_CURVE('',#758,#753,#62,.T.);
#927=EDGE_CURVE('',#752,#759,#63,.T.);
#928=EDGE_CURVE('',#760,#754,#64,.T.);
#929=EDGE_CURVE('',#761,#760,#581,.T.);
#930=EDGE_CURVE('',#756,#761,#65,.T.);
#931=EDGE_CURVE('',#753,#762,#66,.T.);
#932=EDGE_CURVE('',#760,#762,#582,.T.);
#933=EDGE_CURVE('',#763,#764,#583,.T.);
#934=EDGE_CURVE('',#764,#765,#584,.T.);
#935=EDGE_CURVE('',#765,#766,#585,.T.);
#936=EDGE_CURVE('',#766,#763,#586,.T.);
#937=EDGE_CURVE('',#767,#768,#587,.T.);
#938=EDGE_CURVE('',#768,#766,#588,.T.);
#939=EDGE_CURVE('',#765,#767,#589,.T.);
#940=EDGE_CURVE('',#769,#770,#590,.T.);
#941=EDGE_CURVE('',#770,#768,#591,.T.);
#942=EDGE_CURVE('',#767,#769,#592,.T.);
#943=EDGE_CURVE('',#769,#764,#67,.T.);
#944=EDGE_CURVE('',#763,#770,#68,.T.);
#945=EDGE_CURVE('',#771,#765,#69,.T.);
#946=EDGE_CURVE('',#772,#771,#593,.T.);
#947=EDGE_CURVE('',#767,#772,#70,.T.);
#948=EDGE_CURVE('',#764,#773,#71,.T.);
#949=EDGE_CURVE('',#771,#773,#594,.T.);
#950=EDGE_CURVE('',#774,#775,#595,.T.);
#951=EDGE_CURVE('',#775,#776,#596,.T.);
#952=EDGE_CURVE('',#776,#777,#597,.T.);
#953=EDGE_CURVE('',#777,#774,#598,.T.);
#954=EDGE_CURVE('',#778,#779,#599,.T.);
#955=EDGE_CURVE('',#779,#777,#72,.T.);
#956=EDGE_CURVE('',#776,#778,#73,.T.);
#957=EDGE_CURVE('',#780,#781,#600,.T.);
#958=EDGE_CURVE('',#781,#779,#601,.T.);
#959=EDGE_CURVE('',#778,#780,#602,.T.);
#960=EDGE_CURVE('',#780,#775,#603,.T.);
#961=EDGE_CURVE('',#774,#781,#604,.T.);
#962=EDGE_CURVE('',#782,#776,#74,.T.);
#963=EDGE_CURVE('',#783,#782,#75,.T.);
#964=EDGE_CURVE('',#778,#783,#76,.T.);
#965=EDGE_CURVE('',#775,#784,#77,.T.);
#966=EDGE_CURVE('',#782,#784,#605,.T.);
#967=EDGE_CURVE('',#785,#785,#606,.T.);
#968=EDGE_CURVE('',#785,#786,#607,.T.);
#969=EDGE_CURVE('',#786,#787,#608,.T.);
#970=EDGE_CURVE('',#787,#786,#609,.T.);
#971=EDGE_CURVE('',#788,#789,#610,.T.);
#972=EDGE_CURVE('',#788,#787,#78,.T.);
#973=EDGE_CURVE('',#789,#788,#611,.T.);
#974=EDGE_CURVE('',#790,#791,#28,.T.);
#975=EDGE_CURVE('',#790,#792,#612,.T.);
#976=EDGE_CURVE('',#792,#793,#29,.T.);
#977=EDGE_CURVE('',#793,#791,#613,.T.);
#978=EDGE_CURVE('',#792,#794,#79,.T.);
#979=EDGE_CURVE('',#794,#795,#614,.T.);
#980=EDGE_CURVE('',#795,#793,#80,.T.);
#981=EDGE_CURVE('',#796,#797,#615,.T.);
#982=EDGE_CURVE('',#797,#795,#616,.T.);
#983=EDGE_CURVE('',#794,#796,#617,.T.);
#984=EDGE_CURVE('',#798,#799,#618,.T.);
#985=EDGE_CURVE('',#799,#797,#619,.T.);
#986=EDGE_CURVE('',#796,#798,#620,.T.);
#987=EDGE_CURVE('',#800,#801,#621,.T.);
#988=EDGE_CURVE('',#801,#799,#622,.T.);
#989=EDGE_CURVE('',#798,#800,#623,.T.);
#990=EDGE_CURVE('',#791,#801,#81,.T.);
#991=EDGE_CURVE('',#800,#790,#82,.T.);
#992=EDGE_CURVE('',#794,#802,#83,.T.);
#993=EDGE_CURVE('',#803,#802,#624,.T.);
#994=EDGE_CURVE('',#803,#796,#84,.T.);
#995=EDGE_CURVE('',#804,#792,#85,.T.);
#996=EDGE_CURVE('',#802,#804,#86,.T.);
#997=EDGE_CURVE('',#805,#790,#87,.T.);
#998=EDGE_CURVE('',#804,#805,#625,.T.);
#999=EDGE_CURVE('',#806,#807,#626,.T.);
#1000=EDGE_CURVE('',#807,#808,#88,.T.);
#1001=EDGE_CURVE('',#808,#809,#627,.T.);
#1002=EDGE_CURVE('',#809,#806,#89,.T.);
#1003=EDGE_CURVE('',#810,#811,#628,.T.);
#1004=EDGE_CURVE('',#811,#809,#629,.T.);
#1005=EDGE_CURVE('',#808,#810,#630,.T.);
#1006=EDGE_CURVE('',#812,#813,#631,.T.);
#1007=EDGE_CURVE('',#813,#811,#632,.T.);
#1008=EDGE_CURVE('',#810,#812,#633,.T.);
#1009=EDGE_CURVE('',#814,#815,#634,.T.);
#1010=EDGE_CURVE('',#815,#813,#635,.T.);
#1011=EDGE_CURVE('',#812,#814,#636,.T.);
#1012=EDGE_CURVE('',#816,#817,#637,.T.);
#1013=EDGE_CURVE('',#817,#815,#90,.T.);
#1014=EDGE_CURVE('',#814,#816,#91,.T.);
#1015=EDGE_CURVE('',#818,#819,#638,.T.);
#1016=EDGE_CURVE('',#819,#817,#639,.T.);
#1017=EDGE_CURVE('',#816,#818,#640,.T.);
#1018=EDGE_CURVE('',#820,#821,#641,.T.);
#1019=EDGE_CURVE('',#821,#819,#642,.T.);
#1020=EDGE_CURVE('',#818,#820,#643,.T.);
#1021=EDGE_CURVE('',#820,#807,#644,.T.);
#1022=EDGE_CURVE('',#806,#821,#645,.T.);
#1023=EDGE_CURVE('',#819,#822,#92,.T.);
#1024=EDGE_CURVE('',#823,#822,#646,.T.);
#1025=EDGE_CURVE('',#823,#817,#93,.T.);
#1026=EDGE_CURVE('',#824,#821,#94,.T.);
#1027=EDGE_CURVE('',#822,#824,#647,.T.);
#1028=EDGE_CURVE('',#806,#825,#95,.T.);
#1029=EDGE_CURVE('',#824,#825,#648,.T.);
#1030=EDGE_CURVE('',#826,#809,#96,.T.);
#1031=EDGE_CURVE('',#825,#826,#97,.T.);
#1032=EDGE_CURVE('',#827,#828,#30,.T.);
#1033=EDGE_CURVE('',#828,#829,#98,.T.);
#1034=EDGE_CURVE('',#829,#830,#649,.T.);
#1035=EDGE_CURVE('',#830,#827,#99,.T.);
#1036=EDGE_CURVE('',#831,#832,#31,.T.);
#1037=EDGE_CURVE('',#832,#828,#650,.T.);
#1038=EDGE_CURVE('',#827,#831,#651,.T.);
#1039=EDGE_CURVE('',#833,#834,#652,.T.);
#1040=EDGE_CURVE('',#834,#830,#653,.T.);
#1041=EDGE_CURVE('',#829,#833,#654,.T.);
#1042=EDGE_CURVE('',#835,#836,#655,.T.);
#1043=EDGE_CURVE('',#836,#834,#656,.T.);
#1044=EDGE_CURVE('',#833,#835,#657,.T.);
#1045=EDGE_CURVE('',#837,#838,#658,.T.);
#1046=EDGE_CURVE('',#838,#836,#659,.T.);
#1047=EDGE_CURVE('',#835,#837,#660,.T.);
#1048=EDGE_CURVE('',#831,#838,#100,.T.);
#1049=EDGE_CURVE('',#837,#832,#101,.T.);
#1050=EDGE_CURVE('',#839,#831,#102,.T.);
#1051=EDGE_CURVE('',#840,#839,#103,.T.);
#1052=EDGE_CURVE('',#838,#840,#104,.T.);
#1053=EDGE_CURVE('',#841,#827,#105,.T.);
#1054=EDGE_CURVE('',#839,#841,#661,.T.);
#1055=EDGE_CURVE('',#842,#830,#106,.T.);
#1056=EDGE_CURVE('',#841,#842,#107,.T.);
#1057=EDGE_CURVE('',#842,#843,#662,.T.);
#1058=EDGE_CURVE('',#843,#844,#108,.T.);
#1059=EDGE_CURVE('',#844,#841,#32,.T.);
#1060=EDGE_CURVE('',#845,#846,#663,.T.);
#1061=EDGE_CURVE('',#846,#843,#664,.T.);
#1062=EDGE_CURVE('',#842,#845,#665,.T.);
#1063=EDGE_CURVE('',#847,#848,#666,.T.);
#1064=EDGE_CURVE('',#848,#846,#667,.T.);
#1065=EDGE_CURVE('',#845,#847,#668,.T.);
#1066=EDGE_CURVE('',#840,#849,#669,.T.);
#1067=EDGE_CURVE('',#849,#848,#670,.T.);
#1068=EDGE_CURVE('',#847,#840,#671,.T.);
#1069=EDGE_CURVE('',#850,#849,#109,.T.);
#1070=EDGE_CURVE('',#839,#850,#33,.T.);
#1071=EDGE_CURVE('',#844,#850,#672,.T.);
#1072=EDGE_CURVE('',#847,#836,#110,.T.);
#1073=EDGE_CURVE('',#834,#845,#111,.T.);
#1074=EDGE_CURVE('',#851,#852,#673,.T.);
#1075=EDGE_CURVE('',#853,#851,#674,.T.);
#1076=EDGE_CURVE('',#854,#853,#675,.T.);
#1077=EDGE_CURVE('',#855,#854,#112,.T.);
#1078=EDGE_CURVE('',#856,#855,#676,.T.);
#1079=EDGE_CURVE('',#857,#856,#677,.T.);
#1080=EDGE_CURVE('',#858,#857,#678,.T.);
#1081=EDGE_CURVE('',#859,#858,#113,.T.);
#1082=EDGE_CURVE('',#860,#859,#679,.T.);
#1083=EDGE_CURVE('',#861,#860,#114,.T.);
#1084=EDGE_CURVE('',#862,#861,#680,.T.);
#1085=EDGE_CURVE('',#863,#862,#115,.T.);
#1086=EDGE_CURVE('',#864,#863,#681,.T.);
#1087=EDGE_CURVE('',#865,#864,#682,.T.);
#1088=EDGE_CURVE('',#866,#865,#683,.T.);
#1089=EDGE_CURVE('',#867,#866,#116,.T.);
#1090=EDGE_CURVE('',#868,#867,#684,.T.);
#1091=EDGE_CURVE('',#852,#868,#117,.T.);
#1092=EDGE_CURVE('',#869,#870,#685,.T.);
#1093=EDGE_CURVE('',#871,#869,#686,.T.);
#1094=EDGE_CURVE('',#872,#871,#687,.T.);
#1095=EDGE_CURVE('',#873,#872,#118,.T.);
#1096=EDGE_CURVE('',#874,#873,#688,.T.);
#1097=EDGE_CURVE('',#875,#874,#689,.T.);
#1098=EDGE_CURVE('',#876,#875,#690,.T.);
#1099=EDGE_CURVE('',#870,#876,#119,.T.);
#1100=EDGE_CURVE('',#877,#877,#691,.T.);
#1101=EDGE_CURVE('',#878,#878,#692,.T.);
#1102=EDGE_CURVE('',#879,#879,#693,.T.);
#1103=EDGE_CURVE('',#880,#881,#694,.T.);
#1104=EDGE_CURVE('',#882,#880,#120,.T.);
#1105=EDGE_CURVE('',#883,#882,#695,.T.);
#1106=EDGE_CURVE('',#884,#883,#696,.T.);
#1107=EDGE_CURVE('',#885,#884,#697,.T.);
#1108=EDGE_CURVE('',#881,#885,#121,.T.);
#1109=EDGE_CURVE('',#822,#869,#698,.T.);
#1110=EDGE_CURVE('',#870,#823,#699,.T.);
#1111=EDGE_CURVE('',#876,#886,#700,.T.);
#1112=EDGE_CURVE('',#886,#823,#122,.T.);
#1113=EDGE_CURVE('',#875,#887,#701,.T.);
#1114=EDGE_CURVE('',#887,#886,#702,.T.);
#1115=EDGE_CURVE('',#874,#888,#703,.T.);
#1116=EDGE_CURVE('',#888,#887,#704,.T.);
#1117=EDGE_CURVE('',#873,#826,#705,.T.);
#1118=EDGE_CURVE('',#826,#888,#706,.T.);
#1119=EDGE_CURVE('',#872,#825,#707,.T.);
#1120=EDGE_CURVE('',#871,#824,#708,.T.);
#1121=EDGE_CURVE('',#881,#804,#34,.T.);
#1122=EDGE_CURVE('',#805,#880,#35,.T.);
#1123=EDGE_CURVE('',#805,#889,#123,.T.);
#1124=EDGE_CURVE('',#889,#882,#709,.T.);
#1125=EDGE_CURVE('',#890,#883,#710,.T.);
#1126=EDGE_CURVE('',#889,#890,#711,.T.);
#1127=EDGE_CURVE('',#803,#884,#712,.T.);
#1128=EDGE_CURVE('',#890,#803,#713,.T.);
#1129=EDGE_CURVE('',#802,#885,#714,.T.);
#1130=EDGE_CURVE('',#798,#890,#124,.T.);
#1131=EDGE_CURVE('',#889,#800,#125,.T.);
#1132=EDGE_CURVE('',#877,#789,#715,.T.);
#1133=EDGE_CURVE('',#851,#784,#716,.T.);
#1134=EDGE_CURVE('',#784,#891,#717,.T.);
#1135=EDGE_CURVE('',#891,#853,#718,.T.);
#1136=EDGE_CURVE('',#783,#854,#719,.T.);
#1137=EDGE_CURVE('',#891,#783,#720,.T.);
#1138=EDGE_CURVE('',#782,#852,#721,.T.);
#1139=EDGE_CURVE('',#854,#852,#126,.T.);
#1140=EDGE_CURVE('',#891,#780,#127,.T.);
#1141=EDGE_CURVE('',#864,#772,#722,.T.);
#1142=EDGE_CURVE('',#771,#865,#723,.T.);
#1143=EDGE_CURVE('',#773,#866,#724,.T.);
#1144=EDGE_CURVE('',#773,#892,#128,.T.);
#1145=EDGE_CURVE('',#892,#863,#725,.T.);
#1146=EDGE_CURVE('',#866,#863,#129,.T.);
#1147=EDGE_CURVE('',#892,#772,#726,.T.);
#1148=EDGE_CURVE('',#856,#761,#727,.T.);
#1149=EDGE_CURVE('',#760,#857,#728,.T.);
#1150=EDGE_CURVE('',#762,#858,#729,.T.);
#1151=EDGE_CURVE('',#762,#893,#130,.T.);
#1152=EDGE_CURVE('',#893,#855,#730,.T.);
#1153=EDGE_CURVE('',#858,#855,#131,.T.);
#1154=EDGE_CURVE('',#893,#761,#731,.T.);
#1155=EDGE_CURVE('',#879,#894,#132,.T.);
#1156=EDGE_CURVE('',#894,#894,#732,.T.);
#1157=EDGE_CURVE('',#895,#895,#733,.T.);
#1158=EDGE_CURVE('',#878,#896,#133,.T.);
#1159=EDGE_CURVE('',#896,#896,#734,.T.);
#1160=EDGE_CURVE('',#897,#897,#735,.T.);
#1161=EDGE_CURVE('',#898,#899,#736,.T.);
#1162=EDGE_CURVE('',#898,#900,#134,.T.);
#1163=EDGE_CURVE('',#900,#901,#737,.T.);
#1164=EDGE_CURVE('',#899,#901,#135,.T.);
#1165=EDGE_CURVE('',#899,#898,#738,.T.);
#1166=EDGE_CURVE('',#901,#900,#739,.T.);
#1167=EDGE_CURVE('',#892,#769,#136,.T.);
#1168=EDGE_CURVE('',#893,#758,#137,.T.);
#1169=EDGE_CURVE('',#815,#886,#138,.T.);
#1170=EDGE_CURVE('',#887,#813,#139,.T.);
#1171=EDGE_CURVE('',#811,#888,#140,.T.);
#1172=EDGE_CURVE('',#897,#902,#141,.T.);
#1173=EDGE_CURVE('',#902,#902,#740,.T.);
#1174=EDGE_CURVE('',#903,#867,#36,.T.);
#1175=EDGE_CURVE('',#903,#904,#741,.T.);
#1176=EDGE_CURVE('',#904,#868,#37,.T.);
#1177=EDGE_CURVE('',#904,#905,#142,.T.);
#1178=EDGE_CURVE('',#905,#859,#742,.T.);
#1179=EDGE_CURVE('',#906,#860,#743,.T.);
#1180=EDGE_CURVE('',#905,#906,#744,.T.);
#1181=EDGE_CURVE('',#907,#861,#745,.T.);
#1182=EDGE_CURVE('',#906,#907,#143,.T.);
#1183=EDGE_CURVE('',#908,#862,#746,.T.);
#1184=EDGE_CURVE('',#907,#908,#747,.T.);
#1185=EDGE_CURVE('',#908,#903,#144,.T.);
#1186=EDGE_CURVE('',#909,#905,#145,.T.);
#1187=EDGE_CURVE('',#910,#909,#748,.T.);
#1188=EDGE_CURVE('',#910,#906,#146,.T.);
#1189=EDGE_CURVE('',#911,#904,#147,.T.);
#1190=EDGE_CURVE('',#909,#911,#148,.T.);
#1191=EDGE_CURVE('',#912,#903,#149,.T.);
#1192=EDGE_CURVE('',#911,#912,#749,.T.);
#1193=EDGE_CURVE('',#895,#913,#150,.T.);
#1194=EDGE_CURVE('',#913,#913,#750,.T.);
#1195=EDGE_CURVE('',#914,#908,#151,.T.);
#1196=EDGE_CURVE('',#914,#912,#152,.T.);
#1197=EDGE_CURVE('',#915,#907,#153,.T.);
#1198=EDGE_CURVE('',#914,#915,#751,.T.);
#1199=EDGE_CURVE('',#915,#910,#154,.T.);
#1200=ORIENTED_EDGE('',*,*,#916,.T.);
#1201=ORIENTED_EDGE('',*,*,#917,.T.);
#1202=ORIENTED_EDGE('',*,*,#918,.T.);
#1203=ORIENTED_EDGE('',*,*,#919,.T.);
#1204=ORIENTED_EDGE('',*,*,#920,.T.);
#1205=ORIENTED_EDGE('',*,*,#921,.T.);
#1206=ORIENTED_EDGE('',*,*,#918,.F.);
#1207=ORIENTED_EDGE('',*,*,#922,.T.);
#1208=ORIENTED_EDGE('',*,*,#923,.T.);
#1209=ORIENTED_EDGE('',*,*,#924,.T.);
#1210=ORIENTED_EDGE('',*,*,#920,.F.);
#1211=ORIENTED_EDGE('',*,*,#925,.T.);
#1212=ORIENTED_EDGE('',*,*,#923,.F.);
#1213=ORIENTED_EDGE('',*,*,#926,.T.);
#1214=ORIENTED_EDGE('',*,*,#916,.F.);
#1215=ORIENTED_EDGE('',*,*,#927,.T.);
#1216=ORIENTED_EDGE('',*,*,#922,.F.);
#1217=ORIENTED_EDGE('',*,*,#928,.F.);
#1218=ORIENTED_EDGE('',*,*,#929,.F.);
#1219=ORIENTED_EDGE('',*,*,#930,.F.);
#1220=ORIENTED_EDGE('',*,*,#917,.F.);
#1221=ORIENTED_EDGE('',*,*,#931,.T.);
#1222=ORIENTED_EDGE('',*,*,#932,.F.);
#1223=ORIENTED_EDGE('',*,*,#928,.T.);
#1224=ORIENTED_EDGE('',*,*,#919,.F.);
#1225=ORIENTED_EDGE('',*,*,#921,.F.);
#1226=ORIENTED_EDGE('',*,*,#924,.F.);
#1227=ORIENTED_EDGE('',*,*,#927,.F.);
#1228=ORIENTED_EDGE('',*,*,#933,.T.);
#1229=ORIENTED_EDGE('',*,*,#934,.T.);
#1230=ORIENTED_EDGE('',*,*,#935,.T.);
#1231=ORIENTED_EDGE('',*,*,#936,.T.);
#1232=ORIENTED_EDGE('',*,*,#937,.T.);
#1233=ORIENTED_EDGE('',*,*,#938,.T.);
#1234=ORIENTED_EDGE('',*,*,#935,.F.);
#1235=ORIENTED_EDGE('',*,*,#939,.T.);
#1236=ORIENTED_EDGE('',*,*,#940,.T.);
#1237=ORIENTED_EDGE('',*,*,#941,.T.);
#1238=ORIENTED_EDGE('',*,*,#937,.F.);
#1239=ORIENTED_EDGE('',*,*,#942,.T.);
#1240=ORIENTED_EDGE('',*,*,#940,.F.);
#1241=ORIENTED_EDGE('',*,*,#943,.T.);
#1242=ORIENTED_EDGE('',*,*,#933,.F.);
#1243=ORIENTED_EDGE('',*,*,#944,.T.);
#1244=ORIENTED_EDGE('',*,*,#939,.F.);
#1245=ORIENTED_EDGE('',*,*,#945,.F.);
#1246=ORIENTED_EDGE('',*,*,#946,.F.);
#1247=ORIENTED_EDGE('',*,*,#947,.F.);
#1248=ORIENTED_EDGE('',*,*,#934,.F.);
#1249=ORIENTED_EDGE('',*,*,#948,.T.);
#1250=ORIENTED_EDGE('',*,*,#949,.F.);
#1251=ORIENTED_EDGE('',*,*,#945,.T.);
#1252=ORIENTED_EDGE('',*,*,#936,.F.);
#1253=ORIENTED_EDGE('',*,*,#938,.F.);
#1254=ORIENTED_EDGE('',*,*,#941,.F.);
#1255=ORIENTED_EDGE('',*,*,#944,.F.);
#1256=ORIENTED_EDGE('',*,*,#950,.T.);
#1257=ORIENTED_EDGE('',*,*,#951,.T.);
#1258=ORIENTED_EDGE('',*,*,#952,.T.);
#1259=ORIENTED_EDGE('',*,*,#953,.T.);
#1260=ORIENTED_EDGE('',*,*,#954,.T.);
#1261=ORIENTED_EDGE('',*,*,#955,.T.);
#1262=ORIENTED_EDGE('',*,*,#952,.F.);
#1263=ORIENTED_EDGE('',*,*,#956,.T.);
#1264=ORIENTED_EDGE('',*,*,#957,.T.);
#1265=ORIENTED_EDGE('',*,*,#958,.T.);
#1266=ORIENTED_EDGE('',*,*,#954,.F.);
#1267=ORIENTED_EDGE('',*,*,#959,.T.);
#1268=ORIENTED_EDGE('',*,*,#957,.F.);
#1269=ORIENTED_EDGE('',*,*,#960,.T.);
#1270=ORIENTED_EDGE('',*,*,#950,.F.);
#1271=ORIENTED_EDGE('',*,*,#961,.T.);
#1272=ORIENTED_EDGE('',*,*,#956,.F.);
#1273=ORIENTED_EDGE('',*,*,#962,.F.);
#1274=ORIENTED_EDGE('',*,*,#963,.F.);
#1275=ORIENTED_EDGE('',*,*,#964,.F.);
#1276=ORIENTED_EDGE('',*,*,#951,.F.);
#1277=ORIENTED_EDGE('',*,*,#965,.T.);
#1278=ORIENTED_EDGE('',*,*,#966,.F.);
#1279=ORIENTED_EDGE('',*,*,#962,.T.);
#1280=ORIENTED_EDGE('',*,*,#953,.F.);
#1281=ORIENTED_EDGE('',*,*,#955,.F.);
#1282=ORIENTED_EDGE('',*,*,#958,.F.);
#1283=ORIENTED_EDGE('',*,*,#961,.F.);
#1284=ORIENTED_EDGE('',*,*,#967,.T.);
#1285=ORIENTED_EDGE('',*,*,#968,.T.);
#1286=ORIENTED_EDGE('',*,*,#969,.T.);
#1287=ORIENTED_EDGE('',*,*,#970,.T.);
#1288=ORIENTED_EDGE('',*,*,#968,.F.);
#1289=ORIENTED_EDGE('',*,*,#971,.F.);
#1290=ORIENTED_EDGE('',*,*,#972,.T.);
#1291=ORIENTED_EDGE('',*,*,#969,.F.);
#1292=ORIENTED_EDGE('',*,*,#970,.F.);
#1293=ORIENTED_EDGE('',*,*,#972,.F.);
#1294=ORIENTED_EDGE('',*,*,#973,.F.);
#1295=ORIENTED_EDGE('',*,*,#967,.F.);
#1296=ORIENTED_EDGE('',*,*,#974,.F.);
#1297=ORIENTED_EDGE('',*,*,#975,.T.);
#1298=ORIENTED_EDGE('',*,*,#976,.T.);
#1299=ORIENTED_EDGE('',*,*,#977,.T.);
#1300=ORIENTED_EDGE('',*,*,#976,.F.);
#1301=ORIENTED_EDGE('',*,*,#978,.T.);
#1302=ORIENTED_EDGE('',*,*,#979,.T.);
#1303=ORIENTED_EDGE('',*,*,#980,.T.);
#1304=ORIENTED_EDGE('',*,*,#981,.T.);
#1305=ORIENTED_EDGE('',*,*,#982,.T.);
#1306=ORIENTED_EDGE('',*,*,#979,.F.);
#1307=ORIENTED_EDGE('',*,*,#983,.T.);
#1308=ORIENTED_EDGE('',*,*,#984,.T.);
#1309=ORIENTED_EDGE('',*,*,#985,.T.);
#1310=ORIENTED_EDGE('',*,*,#981,.F.);
#1311=ORIENTED_EDGE('',*,*,#986,.T.);
#1312=ORIENTED_EDGE('',*,*,#987,.T.);
#1313=ORIENTED_EDGE('',*,*,#988,.T.);
#1314=ORIENTED_EDGE('',*,*,#984,.F.);
#1315=ORIENTED_EDGE('',*,*,#989,.T.);
#1316=ORIENTED_EDGE('',*,*,#974,.T.);
#1317=ORIENTED_EDGE('',*,*,#990,.T.);
#1318=ORIENTED_EDGE('',*,*,#987,.F.);
#1319=ORIENTED_EDGE('',*,*,#991,.T.);
#1320=ORIENTED_EDGE('',*,*,#983,.F.);
#1321=ORIENTED_EDGE('',*,*,#992,.T.);
#1322=ORIENTED_EDGE('',*,*,#993,.F.);
#1323=ORIENTED_EDGE('',*,*,#994,.T.);
#1324=ORIENTED_EDGE('',*,*,#978,.F.);
#1325=ORIENTED_EDGE('',*,*,#995,.F.);
#1326=ORIENTED_EDGE('',*,*,#996,.F.);
#1327=ORIENTED_EDGE('',*,*,#992,.F.);
#1328=ORIENTED_EDGE('',*,*,#975,.F.);
#1329=ORIENTED_EDGE('',*,*,#997,.F.);
#1330=ORIENTED_EDGE('',*,*,#998,.F.);
#1331=ORIENTED_EDGE('',*,*,#995,.T.);
#1332=ORIENTED_EDGE('',*,*,#977,.F.);
#1333=ORIENTED_EDGE('',*,*,#980,.F.);
#1334=ORIENTED_EDGE('',*,*,#982,.F.);
#1335=ORIENTED_EDGE('',*,*,#985,.F.);
#1336=ORIENTED_EDGE('',*,*,#988,.F.);
#1337=ORIENTED_EDGE('',*,*,#990,.F.);
#1338=ORIENTED_EDGE('',*,*,#999,.T.);
#1339=ORIENTED_EDGE('',*,*,#1000,.T.);
#1340=ORIENTED_EDGE('',*,*,#1001,.T.);
#1341=ORIENTED_EDGE('',*,*,#1002,.T.);
#1342=ORIENTED_EDGE('',*,*,#1003,.T.);
#1343=ORIENTED_EDGE('',*,*,#1004,.T.);
#1344=ORIENTED_EDGE('',*,*,#1001,.F.);
#1345=ORIENTED_EDGE('',*,*,#1005,.T.);
#1346=ORIENTED_EDGE('',*,*,#1006,.T.);
#1347=ORIENTED_EDGE('',*,*,#1007,.T.);
#1348=ORIENTED_EDGE('',*,*,#1003,.F.);
#1349=ORIENTED_EDGE('',*,*,#1008,.T.);
#1350=ORIENTED_EDGE('',*,*,#1009,.T.);
#1351=ORIENTED_EDGE('',*,*,#1010,.T.);
#1352=ORIENTED_EDGE('',*,*,#1006,.F.);
#1353=ORIENTED_EDGE('',*,*,#1011,.T.);
#1354=ORIENTED_EDGE('',*,*,#1012,.T.);
#1355=ORIENTED_EDGE('',*,*,#1013,.T.);
#1356=ORIENTED_EDGE('',*,*,#1009,.F.);
#1357=ORIENTED_EDGE('',*,*,#1014,.T.);
#1358=ORIENTED_EDGE('',*,*,#1015,.T.);
#1359=ORIENTED_EDGE('',*,*,#1016,.T.);
#1360=ORIENTED_EDGE('',*,*,#1012,.F.);
#1361=ORIENTED_EDGE('',*,*,#1017,.T.);
#1362=ORIENTED_EDGE('',*,*,#1018,.T.);
#1363=ORIENTED_EDGE('',*,*,#1019,.T.);
#1364=ORIENTED_EDGE('',*,*,#1015,.F.);
#1365=ORIENTED_EDGE('',*,*,#1020,.T.);
#1366=ORIENTED_EDGE('',*,*,#1018,.F.);
#1367=ORIENTED_EDGE('',*,*,#1021,.T.);
#1368=ORIENTED_EDGE('',*,*,#999,.F.);
#1369=ORIENTED_EDGE('',*,*,#1022,.T.);
#1370=ORIENTED_EDGE('',*,*,#1016,.F.);
#1371=ORIENTED_EDGE('',*,*,#1023,.T.);
#1372=ORIENTED_EDGE('',*,*,#1024,.F.);
#1373=ORIENTED_EDGE('',*,*,#1025,.T.);
#1374=ORIENTED_EDGE('',*,*,#1019,.F.);
#1375=ORIENTED_EDGE('',*,*,#1026,.F.);
#1376=ORIENTED_EDGE('',*,*,#1027,.F.);
#1377=ORIENTED_EDGE('',*,*,#1023,.F.);
#1378=ORIENTED_EDGE('',*,*,#1022,.F.);
#1379=ORIENTED_EDGE('',*,*,#1028,.T.);
#1380=ORIENTED_EDGE('',*,*,#1029,.F.);
#1381=ORIENTED_EDGE('',*,*,#1026,.T.);
#1382=ORIENTED_EDGE('',*,*,#1002,.F.);
#1383=ORIENTED_EDGE('',*,*,#1030,.F.);
#1384=ORIENTED_EDGE('',*,*,#1031,.F.);
#1385=ORIENTED_EDGE('',*,*,#1028,.F.);
#1386=ORIENTED_EDGE('',*,*,#1000,.F.);
#1387=ORIENTED_EDGE('',*,*,#1021,.F.);
#1388=ORIENTED_EDGE('',*,*,#1020,.F.);
#1389=ORIENTED_EDGE('',*,*,#1017,.F.);
#1390=ORIENTED_EDGE('',*,*,#1014,.F.);
#1391=ORIENTED_EDGE('',*,*,#1011,.F.);
#1392=ORIENTED_EDGE('',*,*,#1008,.F.);
#1393=ORIENTED_EDGE('',*,*,#1005,.F.);
#1394=ORIENTED_EDGE('',*,*,#1032,.T.);
#1395=ORIENTED_EDGE('',*,*,#1033,.T.);
#1396=ORIENTED_EDGE('',*,*,#1034,.T.);
#1397=ORIENTED_EDGE('',*,*,#1035,.T.);
#1398=ORIENTED_EDGE('',*,*,#1036,.T.);
#1399=ORIENTED_EDGE('',*,*,#1037,.T.);
#1400=ORIENTED_EDGE('',*,*,#1032,.F.);
#1401=ORIENTED_EDGE('',*,*,#1038,.T.);
#1402=ORIENTED_EDGE('',*,*,#1039,.T.);
#1403=ORIENTED_EDGE('',*,*,#1040,.T.);
#1404=ORIENTED_EDGE('',*,*,#1034,.F.);
#1405=ORIENTED_EDGE('',*,*,#1041,.T.);
#1406=ORIENTED_EDGE('',*,*,#1042,.T.);
#1407=ORIENTED_EDGE('',*,*,#1043,.T.);
#1408=ORIENTED_EDGE('',*,*,#1039,.F.);
#1409=ORIENTED_EDGE('',*,*,#1044,.T.);
#1410=ORIENTED_EDGE('',*,*,#1045,.T.);
#1411=ORIENTED_EDGE('',*,*,#1046,.T.);
#1412=ORIENTED_EDGE('',*,*,#1042,.F.);
#1413=ORIENTED_EDGE('',*,*,#1047,.T.);
#1414=ORIENTED_EDGE('',*,*,#1036,.F.);
#1415=ORIENTED_EDGE('',*,*,#1048,.T.);
#1416=ORIENTED_EDGE('',*,*,#1045,.F.);
#1417=ORIENTED_EDGE('',*,*,#1049,.T.);
#1418=ORIENTED_EDGE('',*,*,#1048,.F.);
#1419=ORIENTED_EDGE('',*,*,#1050,.F.);
#1420=ORIENTED_EDGE('',*,*,#1051,.F.);
#1421=ORIENTED_EDGE('',*,*,#1052,.F.);
#1422=ORIENTED_EDGE('',*,*,#1038,.F.);
#1423=ORIENTED_EDGE('',*,*,#1053,.F.);
#1424=ORIENTED_EDGE('',*,*,#1054,.F.);
#1425=ORIENTED_EDGE('',*,*,#1050,.T.);
#1426=ORIENTED_EDGE('',*,*,#1035,.F.);
#1427=ORIENTED_EDGE('',*,*,#1055,.F.);
#1428=ORIENTED_EDGE('',*,*,#1056,.F.);
#1429=ORIENTED_EDGE('',*,*,#1053,.T.);
#1430=ORIENTED_EDGE('',*,*,#1033,.F.);
#1431=ORIENTED_EDGE('',*,*,#1037,.F.);
#1432=ORIENTED_EDGE('',*,*,#1049,.F.);
#1433=ORIENTED_EDGE('',*,*,#1047,.F.);
#1434=ORIENTED_EDGE('',*,*,#1044,.F.);
#1435=ORIENTED_EDGE('',*,*,#1041,.F.);
#1436=ORIENTED_EDGE('',*,*,#1056,.T.);
#1437=ORIENTED_EDGE('',*,*,#1057,.T.);
#1438=ORIENTED_EDGE('',*,*,#1058,.T.);
#1439=ORIENTED_EDGE('',*,*,#1059,.T.);
#1440=ORIENTED_EDGE('',*,*,#1060,.T.);
#1441=ORIENTED_EDGE('',*,*,#1061,.T.);
#1442=ORIENTED_EDGE('',*,*,#1057,.F.);
#1443=ORIENTED_EDGE('',*,*,#1062,.T.);
#1444=ORIENTED_EDGE('',*,*,#1063,.T.);
#1445=ORIENTED_EDGE('',*,*,#1064,.T.);
#1446=ORIENTED_EDGE('',*,*,#1060,.F.);
#1447=ORIENTED_EDGE('',*,*,#1065,.T.);
#1448=ORIENTED_EDGE('',*,*,#1066,.T.);
#1449=ORIENTED_EDGE('',*,*,#1067,.T.);
#1450=ORIENTED_EDGE('',*,*,#1063,.F.);
#1451=ORIENTED_EDGE('',*,*,#1068,.T.);
#1452=ORIENTED_EDGE('',*,*,#1069,.T.);
#1453=ORIENTED_EDGE('',*,*,#1066,.F.);
#1454=ORIENTED_EDGE('',*,*,#1051,.T.);
#1455=ORIENTED_EDGE('',*,*,#1070,.T.);
#1456=ORIENTED_EDGE('',*,*,#1071,.T.);
#1457=ORIENTED_EDGE('',*,*,#1070,.F.);
#1458=ORIENTED_EDGE('',*,*,#1054,.T.);
#1459=ORIENTED_EDGE('',*,*,#1059,.F.);
#1460=ORIENTED_EDGE('',*,*,#1043,.F.);
#1461=ORIENTED_EDGE('',*,*,#1072,.F.);
#1462=ORIENTED_EDGE('',*,*,#1065,.F.);
#1463=ORIENTED_EDGE('',*,*,#1073,.F.);
#1464=ORIENTED_EDGE('',*,*,#1040,.F.);
#1465=ORIENTED_EDGE('',*,*,#1073,.T.);
#1466=ORIENTED_EDGE('',*,*,#1062,.F.);
#1467=ORIENTED_EDGE('',*,*,#1055,.T.);
#1468=ORIENTED_EDGE('',*,*,#1074,.F.);
#1469=ORIENTED_EDGE('',*,*,#1075,.F.);
#1470=ORIENTED_EDGE('',*,*,#1076,.F.);
#1471=ORIENTED_EDGE('',*,*,#1077,.F.);
#1472=ORIENTED_EDGE('',*,*,#1078,.F.);
#1473=ORIENTED_EDGE('',*,*,#1079,.F.);
#1474=ORIENTED_EDGE('',*,*,#1080,.F.);
#1475=ORIENTED_EDGE('',*,*,#1081,.F.);
#1476=ORIENTED_EDGE('',*,*,#1082,.F.);
#1477=ORIENTED_EDGE('',*,*,#1083,.F.);
#1478=ORIENTED_EDGE('',*,*,#1084,.F.);
#1479=ORIENTED_EDGE('',*,*,#1085,.F.);
#1480=ORIENTED_EDGE('',*,*,#1086,.F.);
#1481=ORIENTED_EDGE('',*,*,#1087,.F.);
#1482=ORIENTED_EDGE('',*,*,#1088,.F.);
#1483=ORIENTED_EDGE('',*,*,#1089,.F.);
#1484=ORIENTED_EDGE('',*,*,#1090,.F.);
#1485=ORIENTED_EDGE('',*,*,#1091,.F.);
#1486=ORIENTED_EDGE('',*,*,#1092,.F.);
#1487=ORIENTED_EDGE('',*,*,#1093,.F.);
#1488=ORIENTED_EDGE('',*,*,#1094,.F.);
#1489=ORIENTED_EDGE('',*,*,#1095,.F.);
#1490=ORIENTED_EDGE('',*,*,#1096,.F.);
#1491=ORIENTED_EDGE('',*,*,#1097,.F.);
#1492=ORIENTED_EDGE('',*,*,#1098,.F.);
#1493=ORIENTED_EDGE('',*,*,#1099,.F.);
#1494=ORIENTED_EDGE('',*,*,#1100,.F.);
#1495=ORIENTED_EDGE('',*,*,#1101,.T.);
#1496=ORIENTED_EDGE('',*,*,#1102,.T.);
#1497=ORIENTED_EDGE('',*,*,#1103,.F.);
#1498=ORIENTED_EDGE('',*,*,#1104,.F.);
#1499=ORIENTED_EDGE('',*,*,#1105,.F.);
#1500=ORIENTED_EDGE('',*,*,#1106,.F.);
#1501=ORIENTED_EDGE('',*,*,#1107,.F.);
#1502=ORIENTED_EDGE('',*,*,#1108,.F.);
#1503=ORIENTED_EDGE('',*,*,#1058,.F.);
#1504=ORIENTED_EDGE('',*,*,#1061,.F.);
#1505=ORIENTED_EDGE('',*,*,#1064,.F.);
#1506=ORIENTED_EDGE('',*,*,#1067,.F.);
#1507=ORIENTED_EDGE('',*,*,#1069,.F.);
#1508=ORIENTED_EDGE('',*,*,#1071,.F.);
#1509=ORIENTED_EDGE('',*,*,#1109,.T.);
#1510=ORIENTED_EDGE('',*,*,#1092,.T.);
#1511=ORIENTED_EDGE('',*,*,#1110,.T.);
#1512=ORIENTED_EDGE('',*,*,#1024,.T.);
#1513=ORIENTED_EDGE('',*,*,#1111,.T.);
#1514=ORIENTED_EDGE('',*,*,#1112,.T.);
#1515=ORIENTED_EDGE('',*,*,#1110,.F.);
#1516=ORIENTED_EDGE('',*,*,#1099,.T.);
#1517=ORIENTED_EDGE('',*,*,#1113,.T.);
#1518=ORIENTED_EDGE('',*,*,#1114,.T.);
#1519=ORIENTED_EDGE('',*,*,#1111,.F.);
#1520=ORIENTED_EDGE('',*,*,#1098,.T.);
#1521=ORIENTED_EDGE('',*,*,#1115,.T.);
#1522=ORIENTED_EDGE('',*,*,#1116,.T.);
#1523=ORIENTED_EDGE('',*,*,#1113,.F.);
#1524=ORIENTED_EDGE('',*,*,#1097,.T.);
#1525=ORIENTED_EDGE('',*,*,#1117,.T.);
#1526=ORIENTED_EDGE('',*,*,#1118,.T.);
#1527=ORIENTED_EDGE('',*,*,#1115,.F.);
#1528=ORIENTED_EDGE('',*,*,#1096,.T.);
#1529=ORIENTED_EDGE('',*,*,#1119,.T.);
#1530=ORIENTED_EDGE('',*,*,#1031,.T.);
#1531=ORIENTED_EDGE('',*,*,#1117,.F.);
#1532=ORIENTED_EDGE('',*,*,#1095,.T.);
#1533=ORIENTED_EDGE('',*,*,#1120,.T.);
#1534=ORIENTED_EDGE('',*,*,#1029,.T.);
#1535=ORIENTED_EDGE('',*,*,#1119,.F.);
#1536=ORIENTED_EDGE('',*,*,#1094,.T.);
#1537=ORIENTED_EDGE('',*,*,#1120,.F.);
#1538=ORIENTED_EDGE('',*,*,#1093,.T.);
#1539=ORIENTED_EDGE('',*,*,#1109,.F.);
#1540=ORIENTED_EDGE('',*,*,#1027,.T.);
#1541=ORIENTED_EDGE('',*,*,#1103,.T.);
#1542=ORIENTED_EDGE('',*,*,#1121,.T.);
#1543=ORIENTED_EDGE('',*,*,#998,.T.);
#1544=ORIENTED_EDGE('',*,*,#1122,.T.);
#1545=ORIENTED_EDGE('',*,*,#1123,.T.);
#1546=ORIENTED_EDGE('',*,*,#1124,.T.);
#1547=ORIENTED_EDGE('',*,*,#1104,.T.);
#1548=ORIENTED_EDGE('',*,*,#1122,.F.);
#1549=ORIENTED_EDGE('',*,*,#1125,.T.);
#1550=ORIENTED_EDGE('',*,*,#1105,.T.);
#1551=ORIENTED_EDGE('',*,*,#1124,.F.);
#1552=ORIENTED_EDGE('',*,*,#1126,.T.);
#1553=ORIENTED_EDGE('',*,*,#1127,.T.);
#1554=ORIENTED_EDGE('',*,*,#1106,.T.);
#1555=ORIENTED_EDGE('',*,*,#1125,.F.);
#1556=ORIENTED_EDGE('',*,*,#1128,.T.);
#1557=ORIENTED_EDGE('',*,*,#1129,.T.);
#1558=ORIENTED_EDGE('',*,*,#1107,.T.);
#1559=ORIENTED_EDGE('',*,*,#1127,.F.);
#1560=ORIENTED_EDGE('',*,*,#993,.T.);
#1561=ORIENTED_EDGE('',*,*,#1108,.T.);
#1562=ORIENTED_EDGE('',*,*,#1129,.F.);
#1563=ORIENTED_EDGE('',*,*,#996,.T.);
#1564=ORIENTED_EDGE('',*,*,#1121,.F.);
#1565=ORIENTED_EDGE('',*,*,#989,.F.);
#1566=ORIENTED_EDGE('',*,*,#1130,.T.);
#1567=ORIENTED_EDGE('',*,*,#1126,.F.);
#1568=ORIENTED_EDGE('',*,*,#1131,.T.);
#1569=ORIENTED_EDGE('',*,*,#991,.F.);
#1570=ORIENTED_EDGE('',*,*,#1131,.F.);
#1571=ORIENTED_EDGE('',*,*,#1123,.F.);
#1572=ORIENTED_EDGE('',*,*,#997,.T.);
#1573=ORIENTED_EDGE('',*,*,#1100,.T.);
#1574=ORIENTED_EDGE('',*,*,#1132,.T.);
#1575=ORIENTED_EDGE('',*,*,#973,.T.);
#1576=ORIENTED_EDGE('',*,*,#971,.T.);
#1577=ORIENTED_EDGE('',*,*,#1132,.F.);
#1578=ORIENTED_EDGE('',*,*,#1133,.T.);
#1579=ORIENTED_EDGE('',*,*,#1134,.T.);
#1580=ORIENTED_EDGE('',*,*,#1135,.T.);
#1581=ORIENTED_EDGE('',*,*,#1075,.T.);
#1582=ORIENTED_EDGE('',*,*,#1136,.T.);
#1583=ORIENTED_EDGE('',*,*,#1076,.T.);
#1584=ORIENTED_EDGE('',*,*,#1135,.F.);
#1585=ORIENTED_EDGE('',*,*,#1137,.T.);
#1586=ORIENTED_EDGE('',*,*,#1136,.F.);
#1587=ORIENTED_EDGE('',*,*,#963,.T.);
#1588=ORIENTED_EDGE('',*,*,#1138,.T.);
#1589=ORIENTED_EDGE('',*,*,#1139,.F.);
#1590=ORIENTED_EDGE('',*,*,#1138,.F.);
#1591=ORIENTED_EDGE('',*,*,#966,.T.);
#1592=ORIENTED_EDGE('',*,*,#1133,.F.);
#1593=ORIENTED_EDGE('',*,*,#1074,.T.);
#1594=ORIENTED_EDGE('',*,*,#959,.F.);
#1595=ORIENTED_EDGE('',*,*,#964,.T.);
#1596=ORIENTED_EDGE('',*,*,#1137,.F.);
#1597=ORIENTED_EDGE('',*,*,#1140,.T.);
#1598=ORIENTED_EDGE('',*,*,#960,.F.);
#1599=ORIENTED_EDGE('',*,*,#1140,.F.);
#1600=ORIENTED_EDGE('',*,*,#1134,.F.);
#1601=ORIENTED_EDGE('',*,*,#965,.F.);
#1602=ORIENTED_EDGE('',*,*,#1141,.T.);
#1603=ORIENTED_EDGE('',*,*,#946,.T.);
#1604=ORIENTED_EDGE('',*,*,#1142,.T.);
#1605=ORIENTED_EDGE('',*,*,#1087,.T.);
#1606=ORIENTED_EDGE('',*,*,#1143,.T.);
#1607=ORIENTED_EDGE('',*,*,#1088,.T.);
#1608=ORIENTED_EDGE('',*,*,#1142,.F.);
#1609=ORIENTED_EDGE('',*,*,#949,.T.);
#1610=ORIENTED_EDGE('',*,*,#1143,.F.);
#1611=ORIENTED_EDGE('',*,*,#1144,.T.);
#1612=ORIENTED_EDGE('',*,*,#1145,.T.);
#1613=ORIENTED_EDGE('',*,*,#1146,.F.);
#1614=ORIENTED_EDGE('',*,*,#1145,.F.);
#1615=ORIENTED_EDGE('',*,*,#1147,.T.);
#1616=ORIENTED_EDGE('',*,*,#1141,.F.);
#1617=ORIENTED_EDGE('',*,*,#1086,.T.);
#1618=ORIENTED_EDGE('',*,*,#1148,.T.);
#1619=ORIENTED_EDGE('',*,*,#929,.T.);
#1620=ORIENTED_EDGE('',*,*,#1149,.T.);
#1621=ORIENTED_EDGE('',*,*,#1079,.T.);
#1622=ORIENTED_EDGE('',*,*,#1150,.T.);
#1623=ORIENTED_EDGE('',*,*,#1080,.T.);
#1624=ORIENTED_EDGE('',*,*,#1149,.F.);
#1625=ORIENTED_EDGE('',*,*,#932,.T.);
#1626=ORIENTED_EDGE('',*,*,#1150,.F.);
#1627=ORIENTED_EDGE('',*,*,#1151,.T.);
#1628=ORIENTED_EDGE('',*,*,#1152,.T.);
#1629=ORIENTED_EDGE('',*,*,#1153,.F.);
#1630=ORIENTED_EDGE('',*,*,#1152,.F.);
#1631=ORIENTED_EDGE('',*,*,#1154,.T.);
#1632=ORIENTED_EDGE('',*,*,#1148,.F.);
#1633=ORIENTED_EDGE('',*,*,#1078,.T.);
#1634=ORIENTED_EDGE('',*,*,#1102,.F.);
#1635=ORIENTED_EDGE('',*,*,#1155,.T.);
#1636=ORIENTED_EDGE('',*,*,#1156,.T.);
#1637=ORIENTED_EDGE('',*,*,#1155,.F.);
#1638=ORIENTED_EDGE('',*,*,#1156,.F.);
#1639=ORIENTED_EDGE('',*,*,#1157,.F.);
#1640=ORIENTED_EDGE('',*,*,#1101,.F.);
#1641=ORIENTED_EDGE('',*,*,#1158,.T.);
#1642=ORIENTED_EDGE('',*,*,#1159,.T.);
#1643=ORIENTED_EDGE('',*,*,#1158,.F.);
#1644=ORIENTED_EDGE('',*,*,#1159,.F.);
#1645=ORIENTED_EDGE('',*,*,#1160,.F.);
#1646=ORIENTED_EDGE('',*,*,#1161,.F.);
#1647=ORIENTED_EDGE('',*,*,#1162,.T.);
#1648=ORIENTED_EDGE('',*,*,#1163,.T.);
#1649=ORIENTED_EDGE('',*,*,#1164,.F.);
#1650=ORIENTED_EDGE('',*,*,#1165,.F.);
#1651=ORIENTED_EDGE('',*,*,#1164,.T.);
#1652=ORIENTED_EDGE('',*,*,#1166,.T.);
#1653=ORIENTED_EDGE('',*,*,#1162,.F.);
#1654=ORIENTED_EDGE('',*,*,#1166,.F.);
#1655=ORIENTED_EDGE('',*,*,#1163,.F.);
#1656=ORIENTED_EDGE('',*,*,#943,.F.);
#1657=ORIENTED_EDGE('',*,*,#1167,.F.);
#1658=ORIENTED_EDGE('',*,*,#1144,.F.);
#1659=ORIENTED_EDGE('',*,*,#948,.F.);
#1660=ORIENTED_EDGE('',*,*,#942,.F.);
#1661=ORIENTED_EDGE('',*,*,#947,.T.);
#1662=ORIENTED_EDGE('',*,*,#1147,.F.);
#1663=ORIENTED_EDGE('',*,*,#1167,.T.);
#1664=ORIENTED_EDGE('',*,*,#926,.F.);
#1665=ORIENTED_EDGE('',*,*,#1168,.F.);
#1666=ORIENTED_EDGE('',*,*,#1151,.F.);
#1667=ORIENTED_EDGE('',*,*,#931,.F.);
#1668=ORIENTED_EDGE('',*,*,#925,.F.);
#1669=ORIENTED_EDGE('',*,*,#930,.T.);
#1670=ORIENTED_EDGE('',*,*,#1154,.F.);
#1671=ORIENTED_EDGE('',*,*,#1168,.T.);
#1672=ORIENTED_EDGE('',*,*,#1013,.F.);
#1673=ORIENTED_EDGE('',*,*,#1025,.F.);
#1674=ORIENTED_EDGE('',*,*,#1112,.F.);
#1675=ORIENTED_EDGE('',*,*,#1169,.F.);
#1676=ORIENTED_EDGE('',*,*,#1010,.F.);
#1677=ORIENTED_EDGE('',*,*,#1169,.T.);
#1678=ORIENTED_EDGE('',*,*,#1114,.F.);
#1679=ORIENTED_EDGE('',*,*,#1170,.T.);
#1680=ORIENTED_EDGE('',*,*,#1007,.F.);
#1681=ORIENTED_EDGE('',*,*,#1170,.F.);
#1682=ORIENTED_EDGE('',*,*,#1116,.F.);
#1683=ORIENTED_EDGE('',*,*,#1171,.F.);
#1684=ORIENTED_EDGE('',*,*,#1004,.F.);
#1685=ORIENTED_EDGE('',*,*,#1171,.T.);
#1686=ORIENTED_EDGE('',*,*,#1118,.F.);
#1687=ORIENTED_EDGE('',*,*,#1030,.T.);
#1688=ORIENTED_EDGE('',*,*,#1046,.F.);
#1689=ORIENTED_EDGE('',*,*,#1052,.T.);
#1690=ORIENTED_EDGE('',*,*,#1068,.F.);
#1691=ORIENTED_EDGE('',*,*,#1072,.T.);
#1692=ORIENTED_EDGE('',*,*,#986,.F.);
#1693=ORIENTED_EDGE('',*,*,#994,.F.);
#1694=ORIENTED_EDGE('',*,*,#1128,.F.);
#1695=ORIENTED_EDGE('',*,*,#1130,.F.);
#1696=ORIENTED_EDGE('',*,*,#1160,.T.);
#1697=ORIENTED_EDGE('',*,*,#1172,.T.);
#1698=ORIENTED_EDGE('',*,*,#1173,.F.);
#1699=ORIENTED_EDGE('',*,*,#1172,.F.);
#1700=ORIENTED_EDGE('',*,*,#1174,.F.);
#1701=ORIENTED_EDGE('',*,*,#1175,.T.);
#1702=ORIENTED_EDGE('',*,*,#1176,.T.);
#1703=ORIENTED_EDGE('',*,*,#1090,.T.);
#1704=ORIENTED_EDGE('',*,*,#1176,.F.);
#1705=ORIENTED_EDGE('',*,*,#1177,.T.);
#1706=ORIENTED_EDGE('',*,*,#1178,.T.);
#1707=ORIENTED_EDGE('',*,*,#1081,.T.);
#1708=ORIENTED_EDGE('',*,*,#1153,.T.);
#1709=ORIENTED_EDGE('',*,*,#1077,.T.);
#1710=ORIENTED_EDGE('',*,*,#1139,.T.);
#1711=ORIENTED_EDGE('',*,*,#1091,.T.);
#1712=ORIENTED_EDGE('',*,*,#1179,.T.);
#1713=ORIENTED_EDGE('',*,*,#1082,.T.);
#1714=ORIENTED_EDGE('',*,*,#1178,.F.);
#1715=ORIENTED_EDGE('',*,*,#1180,.T.);
#1716=ORIENTED_EDGE('',*,*,#1181,.T.);
#1717=ORIENTED_EDGE('',*,*,#1083,.T.);
#1718=ORIENTED_EDGE('',*,*,#1179,.F.);
#1719=ORIENTED_EDGE('',*,*,#1182,.T.);
#1720=ORIENTED_EDGE('',*,*,#1183,.T.);
#1721=ORIENTED_EDGE('',*,*,#1084,.T.);
#1722=ORIENTED_EDGE('',*,*,#1181,.F.);
#1723=ORIENTED_EDGE('',*,*,#1184,.T.);
#1724=ORIENTED_EDGE('',*,*,#1174,.T.);
#1725=ORIENTED_EDGE('',*,*,#1089,.T.);
#1726=ORIENTED_EDGE('',*,*,#1146,.T.);
#1727=ORIENTED_EDGE('',*,*,#1085,.T.);
#1728=ORIENTED_EDGE('',*,*,#1183,.F.);
#1729=ORIENTED_EDGE('',*,*,#1185,.T.);
#1730=ORIENTED_EDGE('',*,*,#1180,.F.);
#1731=ORIENTED_EDGE('',*,*,#1186,.F.);
#1732=ORIENTED_EDGE('',*,*,#1187,.F.);
#1733=ORIENTED_EDGE('',*,*,#1188,.T.);
#1734=ORIENTED_EDGE('',*,*,#1177,.F.);
#1735=ORIENTED_EDGE('',*,*,#1189,.F.);
#1736=ORIENTED_EDGE('',*,*,#1190,.F.);
#1737=ORIENTED_EDGE('',*,*,#1186,.T.);
#1738=ORIENTED_EDGE('',*,*,#1175,.F.);
#1739=ORIENTED_EDGE('',*,*,#1191,.F.);
#1740=ORIENTED_EDGE('',*,*,#1192,.F.);
#1741=ORIENTED_EDGE('',*,*,#1189,.T.);
#1742=ORIENTED_EDGE('',*,*,#1157,.T.);
#1743=ORIENTED_EDGE('',*,*,#1193,.T.);
#1744=ORIENTED_EDGE('',*,*,#1194,.F.);
#1745=ORIENTED_EDGE('',*,*,#1193,.F.);
#1746=ORIENTED_EDGE('',*,*,#1185,.F.);
#1747=ORIENTED_EDGE('',*,*,#1195,.F.);
#1748=ORIENTED_EDGE('',*,*,#1196,.T.);
#1749=ORIENTED_EDGE('',*,*,#1191,.T.);
#1750=ORIENTED_EDGE('',*,*,#1184,.F.);
#1751=ORIENTED_EDGE('',*,*,#1197,.F.);
#1752=ORIENTED_EDGE('',*,*,#1198,.F.);
#1753=ORIENTED_EDGE('',*,*,#1195,.T.);
#1754=ORIENTED_EDGE('',*,*,#1182,.F.);
#1755=ORIENTED_EDGE('',*,*,#1188,.F.);
#1756=ORIENTED_EDGE('',*,*,#1199,.F.);
#1757=ORIENTED_EDGE('',*,*,#1197,.T.);
#1758=ORIENTED_EDGE('',*,*,#1199,.T.);
#1759=ORIENTED_EDGE('',*,*,#1187,.T.);
#1760=ORIENTED_EDGE('',*,*,#1190,.T.);
#1761=ORIENTED_EDGE('',*,*,#1192,.T.);
#1762=ORIENTED_EDGE('',*,*,#1196,.F.);
#1763=ORIENTED_EDGE('',*,*,#1198,.T.);
#1764=ORIENTED_EDGE('',*,*,#1161,.T.);
#1765=ORIENTED_EDGE('',*,*,#1165,.T.);
#1766=ORIENTED_EDGE('',*,*,#1173,.T.);
#1767=ORIENTED_EDGE('',*,*,#1194,.T.);
#1768=TOROIDAL_SURFACE('',#1960,1.5,0.5);
#1769=TOROIDAL_SURFACE('',#1965,5.43248853531735,0.5);
#1770=TOROIDAL_SURFACE('',#1969,1.5,0.5);
#1771=TOROIDAL_SURFACE('',#1979,1.5,0.5);
#1772=TOROIDAL_SURFACE('',#1984,4.88516488737972,0.5);
#1773=TOROIDAL_SURFACE('',#1988,1.5,0.5);
#1774=TOROIDAL_SURFACE('',#1998,1.5,0.5);
#1775=TOROIDAL_SURFACE('',#2005,1.5,0.5);
#1776=TOROIDAL_SURFACE('',#2009,3.1400549988813,0.5);
#1777=TOROIDAL_SURFACE('',#2016,1.30277566459544,0.5);
#1778=TOROIDAL_SURFACE('',#2025,2.5,0.5);
#1779=TOROIDAL_SURFACE('',#2030,2.,0.5);
#1780=TOROIDAL_SURFACE('',#2034,6.,0.5);
#1781=TOROIDAL_SURFACE('',#2038,2.,0.5);
#1782=TOROIDAL_SURFACE('',#2052,2.,0.5);
#1783=TOROIDAL_SURFACE('',#2056,3.,0.5);
#1784=TOROIDAL_SURFACE('',#2060,2.,0.5);
#1785=TOROIDAL_SURFACE('',#2066,2.,0.5);
#1786=TOROIDAL_SURFACE('',#2070,3.,0.5);
#1787=TOROIDAL_SURFACE('',#2074,2.,0.5);
#1788=TOROIDAL_SURFACE('',#2087,1.75,0.5);
#1789=TOROIDAL_SURFACE('',#2090,2.,0.5);
#1790=TOROIDAL_SURFACE('',#2094,6.,0.5);
#1791=TOROIDAL_SURFACE('',#2098,2.,0.5);
#1792=TOROIDAL_SURFACE('',#2110,3.,0.5);
#1793=TOROIDAL_SURFACE('',#2114,5.,0.5);
#1794=TOROIDAL_SURFACE('',#2118,3.,0.5);
#1795=TOROIDAL_SURFACE('',#2123,2.75,0.5);
#1796=TOROIDAL_SURFACE('',#2153,3.,0.5);
#1797=TOROIDAL_SURFACE('',#2158,3.,0.5);
#1798=TOROIDAL_SURFACE('',#2161,4.,0.5);
#1799=TOROIDAL_SURFACE('',#2164,3.,0.5);
#1800=TOROIDAL_SURFACE('',#2169,3.,0.5);
#1801=TOROIDAL_SURFACE('',#2171,4.,0.5);
#1802=TOROIDAL_SURFACE('',#2172,3.5,0.5);
#1803=TOROIDAL_SURFACE('',#2175,3.,0.5);
#1804=TOROIDAL_SURFACE('',#2178,5.,0.5);
#1805=TOROIDAL_SURFACE('',#2181,3.,0.5);
#1806=TOROIDAL_SURFACE('',#2186,2.30277566459544,0.5);
#1807=TOROIDAL_SURFACE('',#2188,4.1400549988813,0.5);
#1808=TOROIDAL_SURFACE('',#2192,2.5,0.5);
#1809=TOROIDAL_SURFACE('',#2197,2.5,0.5);
#1810=TOROIDAL_SURFACE('',#2200,5.88516488737972,0.5);
#1811=TOROIDAL_SURFACE('',#2203,2.5,0.5);
#1812=TOROIDAL_SURFACE('',#2207,2.5,0.5);
#1813=TOROIDAL_SURFACE('',#2209,6.43248853531735,0.5);
#1814=TOROIDAL_SURFACE('',#2212,2.5,0.5);
#1815=TOROIDAL_SURFACE('',#2216,2.5,0.5);
#1816=TOROIDAL_SURFACE('',#2245,3.88125,1.5);
#1817=ADVANCED_FACE('',(#302),#1768,.F.);
#1818=ADVANCED_FACE('',(#303),#1769,.F.);
#1819=ADVANCED_FACE('',(#304),#1770,.F.);
#1820=ADVANCED_FACE('',(#305),#248,.F.);
#1821=ADVANCED_FACE('',(#306),#249,.F.);
#1822=ADVANCED_FACE('',(#307),#250,.F.);
#1823=ADVANCED_FACE('',(#308),#38,.T.);
#1824=ADVANCED_FACE('',(#309),#1771,.F.);
#1825=ADVANCED_FACE('',(#310),#1772,.F.);
#1826=ADVANCED_FACE('',(#311),#1773,.F.);
#1827=ADVANCED_FACE('',(#312),#251,.F.);
#1828=ADVANCED_FACE('',(#313),#252,.F.);
#1829=ADVANCED_FACE('',(#314),#253,.F.);
#1830=ADVANCED_FACE('',(#315),#39,.T.);
#1831=ADVANCED_FACE('',(#316),#1774,.F.);
#1832=ADVANCED_FACE('',(#317),#254,.F.);
#1833=ADVANCED_FACE('',(#318),#1775,.F.);
#1834=ADVANCED_FACE('',(#319),#1776,.F.);
#1835=ADVANCED_FACE('',(#320),#40,.F.);
#1836=ADVANCED_FACE('',(#321),#255,.F.);
#1837=ADVANCED_FACE('',(#322),#41,.T.);
#1838=ADVANCED_FACE('',(#323),#1777,.F.);
#1839=ADVANCED_FACE('',(#324),#256,.F.);
#1840=ADVANCED_FACE('',(#325),#42,.T.);
#1841=ADVANCED_FACE('',(#326),#1778,.F.);
#1842=ADVANCED_FACE('',(#327),#257,.F.);
#1843=ADVANCED_FACE('',(#328),#1779,.F.);
#1844=ADVANCED_FACE('',(#329),#1780,.F.);
#1845=ADVANCED_FACE('',(#330),#1781,.F.);
#1846=ADVANCED_FACE('',(#331),#258,.F.);
#1847=ADVANCED_FACE('',(#332),#259,.F.);
#1848=ADVANCED_FACE('',(#333),#43,.F.);
#1849=ADVANCED_FACE('',(#334),#260,.F.);
#1850=ADVANCED_FACE('',(#335),#44,.T.);
#1851=ADVANCED_FACE('',(#336),#261,.F.);
#1852=ADVANCED_FACE('',(#337),#1782,.F.);
#1853=ADVANCED_FACE('',(#338),#1783,.F.);
#1854=ADVANCED_FACE('',(#339),#1784,.F.);
#1855=ADVANCED_FACE('',(#340),#262,.F.);
#1856=ADVANCED_FACE('',(#341),#1785,.F.);
#1857=ADVANCED_FACE('',(#342),#1786,.F.);
#1858=ADVANCED_FACE('',(#343),#1787,.F.);
#1859=ADVANCED_FACE('',(#344),#263,.F.);
#1860=ADVANCED_FACE('',(#345),#264,.F.);
#1861=ADVANCED_FACE('',(#346),#265,.F.);
#1862=ADVANCED_FACE('',(#347),#45,.F.);
#1863=ADVANCED_FACE('',(#348),#46,.T.);
#1864=ADVANCED_FACE('',(#349),#266,.F.);
#1865=ADVANCED_FACE('',(#350),#1788,.F.);
#1866=ADVANCED_FACE('',(#351),#1789,.F.);
#1867=ADVANCED_FACE('',(#352),#1790,.F.);
#1868=ADVANCED_FACE('',(#353),#1791,.F.);
#1869=ADVANCED_FACE('',(#354),#267,.F.);
#1870=ADVANCED_FACE('',(#355),#47,.F.);
#1871=ADVANCED_FACE('',(#356),#268,.F.);
#1872=ADVANCED_FACE('',(#357),#48,.F.);
#1873=ADVANCED_FACE('',(#358),#49,.T.);
#1874=ADVANCED_FACE('',(#359),#269,.T.);
#1875=ADVANCED_FACE('',(#360),#1792,.T.);
#1876=ADVANCED_FACE('',(#361),#1793,.T.);
#1877=ADVANCED_FACE('',(#362),#1794,.T.);
#1878=ADVANCED_FACE('',(#363),#270,.T.);
#1879=ADVANCED_FACE('',(#364),#1795,.T.);
#1880=ADVANCED_FACE('',(#365),#271,.T.);
#1881=ADVANCED_FACE('',(#366),#272,.F.);
#1882=ADVANCED_FACE('',(#367,#17,#18,#19,#20,#21,#22),#50,.F.);
#1883=ADVANCED_FACE('',(#368),#1796,.T.);
#1884=ADVANCED_FACE('',(#369),#273,.T.);
#1885=ADVANCED_FACE('',(#370),#1797,.T.);
#1886=ADVANCED_FACE('',(#371),#1798,.T.);
#1887=ADVANCED_FACE('',(#372),#1799,.T.);
#1888=ADVANCED_FACE('',(#373),#274,.T.);
#1889=ADVANCED_FACE('',(#374),#1800,.T.);
#1890=ADVANCED_FACE('',(#375),#1801,.T.);
#1891=ADVANCED_FACE('',(#376),#1802,.T.);
#1892=ADVANCED_FACE('',(#377),#275,.T.);
#1893=ADVANCED_FACE('',(#378),#1803,.T.);
#1894=ADVANCED_FACE('',(#379),#1804,.T.);
#1895=ADVANCED_FACE('',(#380),#1805,.T.);
#1896=ADVANCED_FACE('',(#381),#276,.T.);
#1897=ADVANCED_FACE('',(#382),#277,.F.);
#1898=ADVANCED_FACE('',(#383),#51,.F.);
#1899=ADVANCED_FACE('',(#384),#1806,.T.);
#1900=ADVANCED_FACE('',(#385),#1807,.T.);
#1901=ADVANCED_FACE('',(#386),#1808,.T.);
#1902=ADVANCED_FACE('',(#387),#278,.T.);
#1903=ADVANCED_FACE('',(#388),#1809,.T.);
#1904=ADVANCED_FACE('',(#389),#279,.F.);
#1905=ADVANCED_FACE('',(#390),#280,.F.);
#1906=ADVANCED_FACE('',(#391),#1810,.T.);
#1907=ADVANCED_FACE('',(#392),#1811,.T.);
#1908=ADVANCED_FACE('',(#393),#281,.T.);
#1909=ADVANCED_FACE('',(#394),#1812,.T.);
#1910=ADVANCED_FACE('',(#395),#1813,.T.);
#1911=ADVANCED_FACE('',(#396),#1814,.T.);
#1912=ADVANCED_FACE('',(#397),#282,.T.);
#1913=ADVANCED_FACE('',(#398),#1815,.T.);
#1914=ADVANCED_FACE('',(#399),#283,.F.);
#1915=ADVANCED_FACE('',(#400,#23),#52,.T.);
#1916=ADVANCED_FACE('',(#401),#284,.F.);
#1917=ADVANCED_FACE('',(#402,#24),#53,.T.);
#1918=ADVANCED_FACE('',(#403),#285,.F.);
#1919=ADVANCED_FACE('',(#404),#286,.F.);
#1920=ADVANCED_FACE('',(#405),#54,.T.);
#1921=ADVANCED_FACE('',(#406),#55,.F.);
#1922=ADVANCED_FACE('',(#407),#287,.F.);
#1923=ADVANCED_FACE('',(#408),#56,.F.);
#1924=ADVANCED_FACE('',(#409),#288,.F.);
#1925=ADVANCED_FACE('',(#410),#57,.F.);
#1926=ADVANCED_FACE('',(#411),#289,.F.);
#1927=ADVANCED_FACE('',(#412),#290,.F.);
#1928=ADVANCED_FACE('',(#413),#291,.F.);
#1929=ADVANCED_FACE('',(#414),#292,.F.);
#1930=ADVANCED_FACE('',(#415),#293,.T.);
#1931=ADVANCED_FACE('',(#416),#294,.F.);
#1932=ADVANCED_FACE('',(#417),#1816,.T.);
#1933=ADVANCED_FACE('',(#418),#295,.T.);
#1934=ADVANCED_FACE('',(#419),#15,.F.);
#1935=ADVANCED_FACE('',(#420),#296,.T.);
#1936=ADVANCED_FACE('',(#421),#16,.F.);
#1937=ADVANCED_FACE('',(#422),#297,.T.);
#1938=ADVANCED_FACE('',(#423),#298,.T.);
#1939=ADVANCED_FACE('',(#424),#58,.T.);
#1940=ADVANCED_FACE('',(#425),#299,.T.);
#1941=ADVANCED_FACE('',(#426),#300,.F.);
#1942=ADVANCED_FACE('',(#427),#59,.T.);
#1943=ADVANCED_FACE('',(#428),#301,.T.);
#1944=ADVANCED_FACE('',(#429),#60,.T.);
#1945=ADVANCED_FACE('',(#430,#25,#26,#27),#61,.T.);
#1946=CLOSED_SHELL('',(#1817,#1818,#1819,#1820,#1821,#1822,#1823,#1824,
#1825,#1826,#1827,#1828,#1829,#1830,#1831,#1832,#1833,#1834,#1835,#1836,
#1837,#1838,#1839,#1840,#1841,#1842,#1843,#1844,#1845,#1846,#1847,#1848,
#1849,#1850,#1851,#1852,#1853,#1854,#1855,#1856,#1857,#1858,#1859,#1860,
#1861,#1862,#1863,#1864,#1865,#1866,#1867,#1868,#1869,#1870,#1871,#1872,
#1873,#1874,#1875,#1876,#1877,#1878,#1879,#1880,#1881,#1882,#1883,#1884,
#1885,#1886,#1887,#1888,#1889,#1890,#1891,#1892,#1893,#1894,#1895,#1896,
#1897,#1898,#1899,#1900,#1901,#1902,#1903,#1904,#1905,#1906,#1907,#1908,
#1909,#1910,#1911,#1912,#1913,#1914,#1915,#1916,#1917,#1918,#1919,#1920,
#1921,#1922,#1923,#1924,#1925,#1926,#1927,#1928,#1929,#1930,#1931,#1932,
#1933,#1934,#1935,#1936,#1937,#1938,#1939,#1940,#1941,#1942,#1943,#1944,
#1945));
#1947=DERIVED_UNIT_ELEMENT(#1949,1.);
#1948=DERIVED_UNIT_ELEMENT(#3832,-3.);
#1949=(
MASS_UNIT()
NAMED_UNIT(*)
SI_UNIT(.KILO.,.GRAM.)
);
#1950=DERIVED_UNIT((#1947,#1948));
#1951=MEASURE_REPRESENTATION_ITEM('density measure',
POSITIVE_RATIO_MEASURE(7850.),#1950);
#1952=PROPERTY_DEFINITION_REPRESENTATION(#1957,#1954);
#1953=PROPERTY_DEFINITION_REPRESENTATION(#1958,#1955);
#1954=REPRESENTATION('material name',(#1956),#3829);
#1955=REPRESENTATION('density',(#1951),#3829);
#1956=DESCRIPTIVE_REPRESENTATION_ITEM('Steel','Steel');
#1957=PROPERTY_DEFINITION('material property','material name',#3839);
#1958=PROPERTY_DEFINITION('material property','density of part',#3839);
#1959=AXIS2_PLACEMENT_3D('',#2979,#2268,#2269);
#1960=AXIS2_PLACEMENT_3D('',#2980,#2270,#2271);
#1961=AXIS2_PLACEMENT_3D('',#2983,#2272,#2273);
#1962=AXIS2_PLACEMENT_3D('',#2985,#2274,#2275);
#1963=AXIS2_PLACEMENT_3D('',#2987,#2276,#2277);
#1964=AXIS2_PLACEMENT_3D('',#2988,#2278,#2279);
#1965=AXIS2_PLACEMENT_3D('',#2989,#2280,#2281);
#1966=AXIS2_PLACEMENT_3D('',#2992,#2282,#2283);
#1967=AXIS2_PLACEMENT_3D('',#2993,#2284,#2285);
#1968=AXIS2_PLACEMENT_3D('',#2994,#2286,#2287);
#1969=AXIS2_PLACEMENT_3D('',#2995,#2288,#2289);
#1970=AXIS2_PLACEMENT_3D('',#2998,#2290,#2291);
#1971=AXIS2_PLACEMENT_3D('',#2999,#2292,#2293);
#1972=AXIS2_PLACEMENT_3D('',#3000,#2294,#2295);
#1973=AXIS2_PLACEMENT_3D('',#3001,#2296,#2297);
#1974=AXIS2_PLACEMENT_3D('',#3004,#2300,#2301);
#1975=AXIS2_PLACEMENT_3D('',#3008,#2303,#2304);
#1976=AXIS2_PLACEMENT_3D('',#3010,#2306,#2307);
#1977=AXIS2_PLACEMENT_3D('',#3013,#2309,#2310);
#1978=AXIS2_PLACEMENT_3D('',#3014,#2311,#2312);
#1979=AXIS2_PLACEMENT_3D('',#3015,#2313,#2314);
#1980=AXIS2_PLACEMENT_3D('',#3018,#2315,#2316);
#1981=AXIS2_PLACEMENT_3D('',#3020,#2317,#2318);
#1982=AXIS2_PLACEMENT_3D('',#3022,#2319,#2320);
#1983=AXIS2_PLACEMENT_3D('',#3023,#2321,#2322);
#1984=AXIS2_PLACEMENT_3D('',#3024,#2323,#2324);
#1985=AXIS2_PLACEMENT_3D('',#3027,#2325,#2326);
#1986=AXIS2_PLACEMENT_3D('',#3028,#2327,#2328);
#1987=AXIS2_PLACEMENT_3D('',#3029,#2329,#2330);
#1988=AXIS2_PLACEMENT_3D('',#3030,#2331,#2332);
#1989=AXIS2_PLACEMENT_3D('',#3033,#2333,#2334);
#1990=AXIS2_PLACEMENT_3D('',#3034,#2335,#2336);
#1991=AXIS2_PLACEMENT_3D('',#3035,#2337,#2338);
#1992=AXIS2_PLACEMENT_3D('',#3036,#2339,#2340);
#1993=AXIS2_PLACEMENT_3D('',#3039,#2343,#2344);
#1994=AXIS2_PLACEMENT_3D('',#3043,#2346,#2347);
#1995=AXIS2_PLACEMENT_3D('',#3045,#2349,#2350);
#1996=AXIS2_PLACEMENT_3D('',#3048,#2352,#2353);
#1997=AXIS2_PLACEMENT_3D('',#3049,#2354,#2355);
#1998=AXIS2_PLACEMENT_3D('',#3050,#2356,#2357);
#1999=AXIS2_PLACEMENT_3D('',#3053,#2358,#2359);
#2000=AXIS2_PLACEMENT_3D('',#3055,#2360,#2361);
#2001=AXIS2_PLACEMENT_3D('',#3057,#2362,#2363);
#2002=AXIS2_PLACEMENT_3D('',#3058,#2364,#2365);
#2003=AXIS2_PLACEMENT_3D('',#3059,#2366,#2367);
#2004=AXIS2_PLACEMENT_3D('',#3062,#2368,#2369);
#2005=AXIS2_PLACEMENT_3D('',#3065,#2372,#2373);
#2006=AXIS2_PLACEMENT_3D('',#3068,#2374,#2375);
#2007=AXIS2_PLACEMENT_3D('',#3069,#2376,#2377);
#2008=AXIS2_PLACEMENT_3D('',#3070,#2378,#2379);
#2009=AXIS2_PLACEMENT_3D('',#3071,#2380,#2381);
#2010=AXIS2_PLACEMENT_3D('',#3072,#2382,#2383);
#2011=AXIS2_PLACEMENT_3D('',#3073,#2384,#2385);
#2012=AXIS2_PLACEMENT_3D('',#3074,#2386,#2387);
#2013=AXIS2_PLACEMENT_3D('',#3080,#2391,#2392);
#2014=AXIS2_PLACEMENT_3D('',#3083,#2394,#2395);
#2015=AXIS2_PLACEMENT_3D('',#3084,#2396,#2397);
#2016=AXIS2_PLACEMENT_3D('',#3085,#2398,#2399);
#2017=AXIS2_PLACEMENT_3D('',#3087,#2400,#2401);
#2018=AXIS2_PLACEMENT_3D('',#3089,#2402,#2403);
#2019=AXIS2_PLACEMENT_3D('',#3091,#2404,#2405);
#2020=AXIS2_PLACEMENT_3D('',#3092,#2406,#2407);
#2021=AXIS2_PLACEMENT_3D('',#3093,#2408,#2409);
#2022=AXIS2_PLACEMENT_3D('',#3096,#2410,#2411);
#2023=AXIS2_PLACEMENT_3D('',#3098,#2413,#2414);
#2024=AXIS2_PLACEMENT_3D('',#3099,#2415,#2416);
#2025=AXIS2_PLACEMENT_3D('',#3100,#2417,#2418);
#2026=AXIS2_PLACEMENT_3D('',#3135,#2419,#2420);
#2027=AXIS2_PLACEMENT_3D('',#3168,#2421,#2422);
#2028=AXIS2_PLACEMENT_3D('',#3169,#2423,#2424);
#2029=AXIS2_PLACEMENT_3D('',#3173,#2426,#2427);
#2030=AXIS2_PLACEMENT_3D('',#3175,#2429,#2430);
#2031=AXIS2_PLACEMENT_3D('',#3178,#2431,#2432);
#2032=AXIS2_PLACEMENT_3D('',#3179,#2433,#2434);
#2033=AXIS2_PLACEMENT_3D('',#3180,#2435,#2436);
#2034=AXIS2_PLACEMENT_3D('',#3181,#2437,#2438);
#2035=AXIS2_PLACEMENT_3D('',#3184,#2439,#2440);
#2036=AXIS2_PLACEMENT_3D('',#3185,#2441,#2442);
#2037=AXIS2_PLACEMENT_3D('',#3186,#2443,#2444);
#2038=AXIS2_PLACEMENT_3D('',#3187,#2445,#2446);
#2039=AXIS2_PLACEMENT_3D('',#3190,#2447,#2448);
#2040=AXIS2_PLACEMENT_3D('',#3191,#2449,#2450);
#2041=AXIS2_PLACEMENT_3D('',#3192,#2451,#2452);
#2042=AXIS2_PLACEMENT_3D('',#3193,#2453,#2454);
#2043=AXIS2_PLACEMENT_3D('',#3196,#2457,#2458);
#2044=AXIS2_PLACEMENT_3D('',#3200,#2460,#2461);
#2045=AXIS2_PLACEMENT_3D('',#3202,#2463,#2464);
#2046=AXIS2_PLACEMENT_3D('',#3206,#2467,#2468);
#2047=AXIS2_PLACEMENT_3D('',#3209,#2470,#2471);
#2048=AXIS2_PLACEMENT_3D('',#3210,#2472,#2473);
#2049=AXIS2_PLACEMENT_3D('',#3211,#2474,#2475);
#2050=AXIS2_PLACEMENT_3D('',#3214,#2476,#2477);
#2051=AXIS2_PLACEMENT_3D('',#3218,#2479,#2480);
#2052=AXIS2_PLACEMENT_3D('',#3220,#2482,#2483);
#2053=AXIS2_PLACEMENT_3D('',#3223,#2484,#2485);
#2054=AXIS2_PLACEMENT_3D('',#3224,#2486,#2487);
#2055=AXIS2_PLACEMENT_3D('',#3225,#2488,#2489);
#2056=AXIS2_PLACEMENT_3D('',#3226,#2490,#2491);
#2057=AXIS2_PLACEMENT_3D('',#3229,#2492,#2493);
#2058=AXIS2_PLACEMENT_3D('',#3230,#2494,#2495);
#2059=AXIS2_PLACEMENT_3D('',#3231,#2496,#2497);
#2060=AXIS2_PLACEMENT_3D('',#3232,#2498,#2499);
#2061=AXIS2_PLACEMENT_3D('',#3235,#2500,#2501);
#2062=AXIS2_PLACEMENT_3D('',#3236,#2502,#2503);
#2063=AXIS2_PLACEMENT_3D('',#3237,#2504,#2505);
#2064=AXIS2_PLACEMENT_3D('',#3238,#2506,#2507);
#2065=AXIS2_PLACEMENT_3D('',#3241,#2508,#2509);
#2066=AXIS2_PLACEMENT_3D('',#3244,#2512,#2513);
#2067=AXIS2_PLACEMENT_3D('',#3247,#2514,#2515);
#2068=AXIS2_PLACEMENT_3D('',#3248,#2516,#2517);
#2069=AXIS2_PLACEMENT_3D('',#3249,#2518,#2519);
#2070=AXIS2_PLACEMENT_3D('',#3250,#2520,#2521);
#2071=AXIS2_PLACEMENT_3D('',#3253,#2522,#2523);
#2072=AXIS2_PLACEMENT_3D('',#3254,#2524,#2525);
#2073=AXIS2_PLACEMENT_3D('',#3255,#2526,#2527);
#2074=AXIS2_PLACEMENT_3D('',#3256,#2528,#2529);
#2075=AXIS2_PLACEMENT_3D('',#3257,#2530,#2531);
#2076=AXIS2_PLACEMENT_3D('',#3258,#2532,#2533);
#2077=AXIS2_PLACEMENT_3D('',#3259,#2534,#2535);
#2078=AXIS2_PLACEMENT_3D('',#3263,#2537,#2538);
#2079=AXIS2_PLACEMENT_3D('',#3265,#2540,#2541);
#2080=AXIS2_PLACEMENT_3D('',#3268,#2543,#2544);
#2081=AXIS2_PLACEMENT_3D('',#3269,#2545,#2546);
#2082=AXIS2_PLACEMENT_3D('',#3272,#2548,#2549);
#2083=AXIS2_PLACEMENT_3D('',#3273,#2550,#2551);
#2084=AXIS2_PLACEMENT_3D('',#3277,#2554,#2555);
#2085=AXIS2_PLACEMENT_3D('',#3278,#2556,#2557);
#2086=AXIS2_PLACEMENT_3D('',#3315,#2559,#2560);
#2087=AXIS2_PLACEMENT_3D('',#3317,#2562,#2563);
#2088=AXIS2_PLACEMENT_3D('',#3351,#2564,#2565);
#2089=AXIS2_PLACEMENT_3D('',#3352,#2566,#2567);
#2090=AXIS2_PLACEMENT_3D('',#3353,#2568,#2569);
#2091=AXIS2_PLACEMENT_3D('',#3356,#2570,#2571);
#2092=AXIS2_PLACEMENT_3D('',#3357,#2572,#2573);
#2093=AXIS2_PLACEMENT_3D('',#3358,#2574,#2575);
#2094=AXIS2_PLACEMENT_3D('',#3359,#2576,#2577);
#2095=AXIS2_PLACEMENT_3D('',#3362,#2578,#2579);
#2096=AXIS2_PLACEMENT_3D('',#3363,#2580,#2581);
#2097=AXIS2_PLACEMENT_3D('',#3364,#2582,#2583);
#2098=AXIS2_PLACEMENT_3D('',#3365,#2584,#2585);
#2099=AXIS2_PLACEMENT_3D('',#3368,#2586,#2587);
#2100=AXIS2_PLACEMENT_3D('',#3369,#2588,#2589);
#2101=AXIS2_PLACEMENT_3D('',#3370,#2590,#2591);
#2102=AXIS2_PLACEMENT_3D('',#3371,#2592,#2593);
#2103=AXIS2_PLACEMENT_3D('',#3374,#2596,#2597);
#2104=AXIS2_PLACEMENT_3D('',#3380,#2601,#2602);
#2105=AXIS2_PLACEMENT_3D('',#3383,#2604,#2605);
#2106=AXIS2_PLACEMENT_3D('',#3384,#2606,#2607);
#2107=AXIS2_PLACEMENT_3D('',#3388,#2610,#2611);
#2108=AXIS2_PLACEMENT_3D('',#3389,#2612,#2613);
#2109=AXIS2_PLACEMENT_3D('',#3391,#2614,#2615);
#2110=AXIS2_PLACEMENT_3D('',#3406,#2617,#2618);
#2111=AXIS2_PLACEMENT_3D('',#3409,#2619,#2620);
#2112=AXIS2_PLACEMENT_3D('',#3410,#2621,#2622);
#2113=AXIS2_PLACEMENT_3D('',#3411,#2623,#2624);
#2114=AXIS2_PLACEMENT_3D('',#3412,#2625,#2626);
#2115=AXIS2_PLACEMENT_3D('',#3415,#2627,#2628);
#2116=AXIS2_PLACEMENT_3D('',#3416,#2629,#2630);
#2117=AXIS2_PLACEMENT_3D('',#3417,#2631,#2632);
#2118=AXIS2_PLACEMENT_3D('',#3418,#2633,#2634);
#2119=AXIS2_PLACEMENT_3D('',#3420,#2635,#2636);
#2120=AXIS2_PLACEMENT_3D('',#3421,#2637,#2638);
#2121=AXIS2_PLACEMENT_3D('',#3422,#2639,#2640);
#2122=AXIS2_PLACEMENT_3D('',#3423,#2641,#2642);
#2123=AXIS2_PLACEMENT_3D('',#3438,#2644,#2645);
#2124=AXIS2_PLACEMENT_3D('',#3439,#2646,#2647);
#2125=AXIS2_PLACEMENT_3D('',#3440,#2648,#2649);
#2126=AXIS2_PLACEMENT_3D('',#3443,#2652,#2653);
#2127=AXIS2_PLACEMENT_3D('',#3444,#2654,#2655);
#2128=AXIS2_PLACEMENT_3D('',#3447,#2656,#2657);
#2129=AXIS2_PLACEMENT_3D('',#3449,#2658,#2659);
#2130=AXIS2_PLACEMENT_3D('',#3451,#2660,#2661);
#2131=AXIS2_PLACEMENT_3D('',#3455,#2663,#2664);
#2132=AXIS2_PLACEMENT_3D('',#3457,#2665,#2666);
#2133=AXIS2_PLACEMENT_3D('',#3459,#2667,#2668);
#2134=AXIS2_PLACEMENT_3D('',#3463,#2670,#2671);
#2135=AXIS2_PLACEMENT_3D('',#3467,#2673,#2674);
#2136=AXIS2_PLACEMENT_3D('',#3471,#2676,#2677);
#2137=AXIS2_PLACEMENT_3D('',#3473,#2678,#2679);
#2138=AXIS2_PLACEMENT_3D('',#3475,#2680,#2681);
#2139=AXIS2_PLACEMENT_3D('',#3479,#2683,#2684);
#2140=AXIS2_PLACEMENT_3D('',#3483,#2686,#2687);
#2141=AXIS2_PLACEMENT_3D('',#3485,#2688,#2689);
#2142=AXIS2_PLACEMENT_3D('',#3487,#2690,#2691);
#2143=AXIS2_PLACEMENT_3D('',#3491,#2693,#2694);
#2144=AXIS2_PLACEMENT_3D('',#3493,#2695,#2696);
#2145=AXIS2_PLACEMENT_3D('',#3495,#2697,#2698);
#2146=AXIS2_PLACEMENT_3D('',#3498,#2700,#2701);
#2147=AXIS2_PLACEMENT_3D('',#3500,#2702,#2703);
#2148=AXIS2_PLACEMENT_3D('',#3502,#2704,#2705);
#2149=AXIS2_PLACEMENT_3D('',#3505,#2706,#2707);
#2150=AXIS2_PLACEMENT_3D('',#3509,#2709,#2710);
#2151=AXIS2_PLACEMENT_3D('',#3511,#2711,#2712);
#2152=AXIS2_PLACEMENT_3D('',#3513,#2713,#2714);
#2153=AXIS2_PLACEMENT_3D('',#3515,#2716,#2717);
#2154=AXIS2_PLACEMENT_3D('',#3516,#2718,#2719);
#2155=AXIS2_PLACEMENT_3D('',#3517,#2720,#2721);
#2156=AXIS2_PLACEMENT_3D('',#3518,#2722,#2723);
#2157=AXIS2_PLACEMENT_3D('',#3520,#2724,#2725);
#2158=AXIS2_PLACEMENT_3D('',#3522,#2727,#2728);
#2159=AXIS2_PLACEMENT_3D('',#3524,#2729,#2730);
#2160=AXIS2_PLACEMENT_3D('',#3525,#2731,#2732);
#2161=AXIS2_PLACEMENT_3D('',#3526,#2733,#2734);
#2162=AXIS2_PLACEMENT_3D('',#3528,#2735,#2736);
#2163=AXIS2_PLACEMENT_3D('',#3529,#2737,#2738);
#2164=AXIS2_PLACEMENT_3D('',#3530,#2739,#2740);
#2165=AXIS2_PLACEMENT_3D('',#3531,#2741,#2742);
#2166=AXIS2_PLACEMENT_3D('',#3532,#2743,#2744);
#2167=AXIS2_PLACEMENT_3D('',#3533,#2745,#2746);
#2168=AXIS2_PLACEMENT_3D('',#3534,#2747,#2748);
#2169=AXIS2_PLACEMENT_3D('',#3535,#2749,#2750);
#2170=AXIS2_PLACEMENT_3D('',#3536,#2751,#2752);
#2171=AXIS2_PLACEMENT_3D('',#3537,#2753,#2754);
#2172=AXIS2_PLACEMENT_3D('',#3538,#2755,#2756);
#2173=AXIS2_PLACEMENT_3D('',#3563,#2757,#2758);
#2174=AXIS2_PLACEMENT_3D('',#3566,#2760,#2761);
#2175=AXIS2_PLACEMENT_3D('',#3567,#2762,#2763);
#2176=AXIS2_PLACEMENT_3D('',#3569,#2764,#2765);
#2177=AXIS2_PLACEMENT_3D('',#3570,#2766,#2767);
#2178=AXIS2_PLACEMENT_3D('',#3571,#2768,#2769);
#2179=AXIS2_PLACEMENT_3D('',#3572,#2770,#2771);
#2180=AXIS2_PLACEMENT_3D('',#3573,#2772,#2773);
#2181=AXIS2_PLACEMENT_3D('',#3574,#2774,#2775);
#2182=AXIS2_PLACEMENT_3D('',#3575,#2776,#2777);
#2183=AXIS2_PLACEMENT_3D('',#3576,#2778,#2779);
#2184=AXIS2_PLACEMENT_3D('',#3577,#2780,#2781);
#2185=AXIS2_PLACEMENT_3D('',#3580,#2784,#2785);
#2186=AXIS2_PLACEMENT_3D('',#3581,#2786,#2787);
#2187=AXIS2_PLACEMENT_3D('',#3582,#2788,#2789);
#2188=AXIS2_PLACEMENT_3D('',#3583,#2790,#2791);
#2189=AXIS2_PLACEMENT_3D('',#3584,#2792,#2793);
#2190=AXIS2_PLACEMENT_3D('',#3586,#2794,#2795);
#2191=AXIS2_PLACEMENT_3D('',#3587,#2796,#2797);
#2192=AXIS2_PLACEMENT_3D('',#3588,#2798,#2799);
#2193=AXIS2_PLACEMENT_3D('',#3589,#2800,#2801);
#2194=AXIS2_PLACEMENT_3D('',#3590,#2802,#2803);
#2195=AXIS2_PLACEMENT_3D('',#3591,#2804,#2805);
#2196=AXIS2_PLACEMENT_3D('',#3592,#2806,#2807);
#2197=AXIS2_PLACEMENT_3D('',#3594,#2809,#2810);
#2198=AXIS2_PLACEMENT_3D('',#3595,#2811,#2812);
#2199=AXIS2_PLACEMENT_3D('',#3597,#2814,#2815);
#2200=AXIS2_PLACEMENT_3D('',#3598,#2816,#2817);
#2201=AXIS2_PLACEMENT_3D('',#3599,#2818,#2819);
#2202=AXIS2_PLACEMENT_3D('',#3600,#2820,#2821);
#2203=AXIS2_PLACEMENT_3D('',#3601,#2822,#2823);
#2204=AXIS2_PLACEMENT_3D('',#3602,#2824,#2825);
#2205=AXIS2_PLACEMENT_3D('',#3603,#2826,#2827);
#2206=AXIS2_PLACEMENT_3D('',#3606,#2829,#2830);
#2207=AXIS2_PLACEMENT_3D('',#3608,#2832,#2833);
#2208=AXIS2_PLACEMENT_3D('',#3609,#2834,#2835);
#2209=AXIS2_PLACEMENT_3D('',#3610,#2836,#2837);
#2210=AXIS2_PLACEMENT_3D('',#3611,#2838,#2839);
#2211=AXIS2_PLACEMENT_3D('',#3612,#2840,#2841);
#2212=AXIS2_PLACEMENT_3D('',#3613,#2842,#2843);
#2213=AXIS2_PLACEMENT_3D('',#3614,#2844,#2845);
#2214=AXIS2_PLACEMENT_3D('',#3615,#2846,#2847);
#2215=AXIS2_PLACEMENT_3D('',#3618,#2849,#2850);
#2216=AXIS2_PLACEMENT_3D('',#3620,#2852,#2853);
#2217=AXIS2_PLACEMENT_3D('',#3621,#2854,#2855);
#2218=AXIS2_PLACEMENT_3D('',#3622,#2856,#2857);
#2219=AXIS2_PLACEMENT_3D('',#3625,#2859,#2860);
#2220=AXIS2_PLACEMENT_3D('',#3626,#2861,#2862);
#2221=AXIS2_PLACEMENT_3D('',#3628,#2863,#2864);
#2222=AXIS2_PLACEMENT_3D('',#3629,#2865,#2866);
#2223=AXIS2_PLACEMENT_3D('',#3632,#2868,#2869);
#2224=AXIS2_PLACEMENT_3D('',#3633,#2870,#2871);
#2225=AXIS2_PLACEMENT_3D('',#3635,#2872,#2873);
#2226=AXIS2_PLACEMENT_3D('',#3636,#2874,#2875);
#2227=AXIS2_PLACEMENT_3D('',#3639,#2876,#2877);
#2228=AXIS2_PLACEMENT_3D('',#3643,#2879,#2880);
#2229=AXIS2_PLACEMENT_3D('',#3645,#2882,#2883);
#2230=AXIS2_PLACEMENT_3D('',#3646,#2884,#2885);
#2231=AXIS2_PLACEMENT_3D('',#3647,#2886,#2887);
#2232=AXIS2_PLACEMENT_3D('',#3648,#2888,#2889);
#2233=AXIS2_PLACEMENT_3D('',#3649,#2890,#2891);
#2234=AXIS2_PLACEMENT_3D('',#3651,#2893,#2894);
#2235=AXIS2_PLACEMENT_3D('',#3652,#2895,#2896);
#2236=AXIS2_PLACEMENT_3D('',#3654,#2898,#2899);
#2237=AXIS2_PLACEMENT_3D('',#3655,#2900,#2901);
#2238=AXIS2_PLACEMENT_3D('',#3657,#2903,#2904);
#2239=AXIS2_PLACEMENT_3D('',#3659,#2906,#2907);
#2240=AXIS2_PLACEMENT_3D('',#3661,#2909,#2910);
#2241=AXIS2_PLACEMENT_3D('',#3662,#2911,#2912);
#2242=AXIS2_PLACEMENT_3D('',#3663,#2913,#2914);
#2243=AXIS2_PLACEMENT_3D('',#3664,#2915,#2916);
#2244=AXIS2_PLACEMENT_3D('',#3667,#2918,#2919);
#2245=AXIS2_PLACEMENT_3D('',#3668,#2920,#2921);
#2246=AXIS2_PLACEMENT_3D('',#3711,#2922,#2923);
#2247=AXIS2_PLACEMENT_3D('',#3752,#2924,#2925);
#2248=AXIS2_PLACEMENT_3D('',#3755,#2927,#2928);
#2249=AXIS2_PLACEMENT_3D('',#3772,#2929,#2930);
#2250=AXIS2_PLACEMENT_3D('',#3773,#2931,#2932);
#2251=AXIS2_PLACEMENT_3D('',#3774,#2933,#2934);
#2252=AXIS2_PLACEMENT_3D('',#3776,#2935,#2936);
#2253=AXIS2_PLACEMENT_3D('',#3794,#2938,#2939);
#2254=AXIS2_PLACEMENT_3D('',#3795,#2940,#2941);
#2255=AXIS2_PLACEMENT_3D('',#3796,#2942,#2943);
#2256=AXIS2_PLACEMENT_3D('',#3798,#2945,#2946);
#2257=AXIS2_PLACEMENT_3D('',#3802,#2948,#2949);
#2258=AXIS2_PLACEMENT_3D('',#3804,#2951,#2952);
#2259=AXIS2_PLACEMENT_3D('',#3808,#2955,#2956);
#2260=AXIS2_PLACEMENT_3D('',#3811,#2958,#2959);
#2261=AXIS2_PLACEMENT_3D('',#3812,#2960,#2961);
#2262=AXIS2_PLACEMENT_3D('',#3815,#2963,#2964);
#2263=AXIS2_PLACEMENT_3D('',#3816,#2965,#2966);
#2264=AXIS2_PLACEMENT_3D('',#3820,#2969,#2970);
#2265=AXIS2_PLACEMENT_3D('',#3823,#2972,#2973);
#2266=AXIS2_PLACEMENT_3D('',#3824,#2974,#2975);
#2267=AXIS2_PLACEMENT_3D('',#3826,#2977,#2978);
#2268=DIRECTION('axis',(0.,0.,1.));
#2269=DIRECTION('refdir',(1.,0.,0.));
#2270=DIRECTION('center_axis',(0.,0.,-1.));
#2271=DIRECTION('ref_axis',(0.756763901986228,-0.653688302366334,0.));
#2272=DIRECTION('center_axis',(-0.0476261714545246,0.998865230044867,0.));
#2273=DIRECTION('ref_axis',(0.,0.,1.));
#2274=DIRECTION('center_axis',(0.,0.,-1.));
#2275=DIRECTION('ref_axis',(0.756763901986227,-0.653688302366334,0.));
#2276=DIRECTION('center_axis',(-0.995176752790018,-0.0980980667817489,0.));
#2277=DIRECTION('ref_axis',(0.0980980667817488,-0.995176752790017,0.));
#2278=DIRECTION('center_axis',(0.,0.,1.));
#2279=DIRECTION('ref_axis',(0.756763901986227,-0.653688302366334,0.));
#2280=DIRECTION('center_axis',(0.,0.,1.));
#2281=DIRECTION('ref_axis',(-0.998865230044867,-0.0476261714545203,0.));
#2282=DIRECTION('center_axis',(0.999995596382574,-0.00296769531137102,0.));
#2283=DIRECTION('ref_axis',(0.00296769531137102,0.999995596382574,0.));
#2284=DIRECTION('center_axis',(0.,0.,1.));
#2285=DIRECTION('ref_axis',(-0.998865230044867,-0.0476261714545215,0.));
#2286=DIRECTION('center_axis',(0.,0.,-1.));
#2287=DIRECTION('ref_axis',(-0.998865230044867,-0.0476261714545215,0.));
#2288=DIRECTION('center_axis',(0.,0.,-1.));
#2289=DIRECTION('ref_axis',(-1.,0.,0.));
#2290=DIRECTION('center_axis',(0.0476261714545246,-0.998865230044867,0.));
#2291=DIRECTION('ref_axis',(0.998865230044867,0.0476261714545246,0.));
#2292=DIRECTION('center_axis',(0.,0.,1.));
#2293=DIRECTION('ref_axis',(0.691136153710975,0.722724578960477,0.));
#2294=DIRECTION('center_axis',(0.,0.,-1.));
#2295=DIRECTION('ref_axis',(0.691136153710975,0.722724578960477,0.));
#2296=DIRECTION('center_axis',(-0.0476261714545205,0.998865230044867,0.));
#2297=DIRECTION('ref_axis',(0.706304377656186,0.0336767887974475,0.707106781186548));
#2298=DIRECTION('',(0.0476261714545205,-0.998865230044867,0.));
#2299=DIRECTION('',(-0.0476261714545205,0.998865230044867,0.));
#2300=DIRECTION('center_axis',(0.,0.,1.));
#2301=DIRECTION('ref_axis',(-0.998865230044867,-0.0476261714545205,0.));
#2302=DIRECTION('',(0.,0.,1.));
#2303=DIRECTION('center_axis',(0.,0.,1.));
#2304=DIRECTION('ref_axis',(-0.998865230044867,-0.0476261714545215,0.));
#2305=DIRECTION('',(0.,0.,-1.));
#2306=DIRECTION('center_axis',(0.,0.,1.));
#2307=DIRECTION('ref_axis',(0.756763901986229,-0.653688302366332,0.));
#2308=DIRECTION('',(0.,0.,-1.));
#2309=DIRECTION('center_axis',(0.,0.,1.));
#2310=DIRECTION('ref_axis',(0.756763901986227,-0.653688302366334,0.));
#2311=DIRECTION('center_axis',(0.,0.,-1.));
#2312=DIRECTION('ref_axis',(1.,0.,0.));
#2313=DIRECTION('center_axis',(0.,0.,-1.));
#2314=DIRECTION('ref_axis',(-1.,0.,0.));
#2315=DIRECTION('center_axis',(0.0221671596990092,-0.999754278325869,0.));
#2316=DIRECTION('ref_axis',(0.,0.,1.));
#2317=DIRECTION('center_axis',(0.,0.,-1.));
#2318=DIRECTION('ref_axis',(-0.683295977608872,0.730141497919092,0.));
#2319=DIRECTION('center_axis',(0.996092555901437,-0.0883154577508575,0.));
#2320=DIRECTION('ref_axis',(0.0883154577508575,0.996092555901437,0.));
#2321=DIRECTION('center_axis',(0.,0.,1.));
#2322=DIRECTION('ref_axis',(-0.683295977608872,0.730141497919092,0.));
#2323=DIRECTION('center_axis',(0.,0.,1.));
#2324=DIRECTION('ref_axis',(1.,0.,0.));
#2325=DIRECTION('center_axis',(-0.991199186454498,-0.132378898514607,0.));
#2326=DIRECTION('ref_axis',(0.132378898514607,-0.991199186454498,0.));
#2327=DIRECTION('center_axis',(0.,0.,1.));
#2328=DIRECTION('ref_axis',(0.999754278325869,0.0221671596990067,0.));
#2329=DIRECTION('center_axis',(0.,0.,-1.));
#2330=DIRECTION('ref_axis',(0.999754278325869,0.0221671596990067,0.));
#2331=DIRECTION('center_axis',(0.,0.,-1.));
#2332=DIRECTION('ref_axis',(-1.,0.,0.));
#2333=DIRECTION('center_axis',(-0.0221671596990091,0.999754278325869,0.));
#2334=DIRECTION('ref_axis',(-0.999754278325869,-0.0221671596990091,0.));
#2335=DIRECTION('center_axis',(0.,0.,1.));
#2336=DIRECTION('ref_axis',(-0.650262085312644,-0.7597099580793,0.));
#2337=DIRECTION('center_axis',(0.,0.,-1.));
#2338=DIRECTION('ref_axis',(-0.650262085312644,-0.7597099580793,0.));
#2339=DIRECTION('center_axis',(0.0221671596990044,-0.999754278325869,0.));
#2340=DIRECTION('ref_axis',(-0.706933029724485,-0.0156745489428145,0.707106781186548));
#2341=DIRECTION('',(-0.0221671596990044,0.999754278325869,0.));
#2342=DIRECTION('',(0.0221671596990044,-0.999754278325869,0.));
#2343=DIRECTION('center_axis',(0.,0.,1.));
#2344=DIRECTION('ref_axis',(-2.06163236937646E-16,-1.,0.));
#2345=DIRECTION('',(0.,0.,1.));
#2346=DIRECTION('center_axis',(0.,0.,1.));
#2347=DIRECTION('ref_axis',(0.999754278325869,0.0221671596990034,0.));
#2348=DIRECTION('',(0.,0.,-1.));
#2349=DIRECTION('center_axis',(0.,0.,1.));
#2350=DIRECTION('ref_axis',(-0.683295977608875,0.73014149791909,0.));
#2351=DIRECTION('',(0.,0.,-1.));
#2352=DIRECTION('center_axis',(0.,0.,1.));
#2353=DIRECTION('ref_axis',(-0.683295977608872,0.730141497919092,0.));
#2354=DIRECTION('center_axis',(0.,0.,-1.));
#2355=DIRECTION('ref_axis',(1.,0.,0.));
#2356=DIRECTION('center_axis',(0.,0.,-1.));
#2357=DIRECTION('ref_axis',(-1.,0.,0.));
#2358=DIRECTION('center_axis',(-0.87440581756945,0.485195286663733,0.));
#2359=DIRECTION('ref_axis',(0.,0.,1.));
#2360=DIRECTION('center_axis',(0.,0.,-1.));
#2361=DIRECTION('ref_axis',(0.849411590526542,0.527730944591248,0.));
#2362=DIRECTION('center_axis',(0.0476261714545066,-0.998865230044867,0.));
#2363=DIRECTION('ref_axis',(0.998865230044867,0.0476261714545067,0.));
#2364=DIRECTION('center_axis',(0.,0.,1.));
#2365=DIRECTION('ref_axis',(0.849411590526542,0.527730944591248,0.));
#2366=DIRECTION('center_axis',(-0.0476261714545205,0.998865230044867,0.));
#2367=DIRECTION('ref_axis',(0.706304377656186,0.0336767887974475,0.707106781186548));
#2368=DIRECTION('center_axis',(0.0476261714545246,-0.998865230044867,0.));
#2369=DIRECTION('ref_axis',(0.998865230044867,0.0476261714545246,0.));
#2370=DIRECTION('',(-0.0476261714545205,0.998865230044867,0.));
#2371=DIRECTION('',(0.0476261714545205,-0.998865230044867,0.));
#2372=DIRECTION('center_axis',(0.,0.,-1.));
#2373=DIRECTION('ref_axis',(0.895768797821737,-0.444520259210984,0.));
#2374=DIRECTION('center_axis',(-0.824275528408983,-0.566188884795605,0.));
#2375=DIRECTION('ref_axis',(0.566188884795605,-0.824275528408983,0.));
#2376=DIRECTION('center_axis',(0.,0.,1.));
#2377=DIRECTION('ref_axis',(0.895768797821735,-0.444520259210988,0.));
#2378=DIRECTION('center_axis',(0.,0.,-1.));
#2379=DIRECTION('ref_axis',(0.895768797821735,-0.444520259210988,0.));
#2380=DIRECTION('center_axis',(0.,0.,1.));
#2381=DIRECTION('ref_axis',(-0.998865230044867,-0.0476261714545178,0.));
#2382=DIRECTION('center_axis',(0.,0.,-1.));
#2383=DIRECTION('ref_axis',(-0.998865230044867,-0.0476261714545217,0.));
#2384=DIRECTION('center_axis',(0.,0.,1.));
#2385=DIRECTION('ref_axis',(-0.998865230044867,-0.0476261714545217,0.));
#2386=DIRECTION('center_axis',(0.998865230044867,0.0476261714545205,0.));
#2387=DIRECTION('ref_axis',(-0.0476261714545205,0.998865230044867,0.));
#2388=DIRECTION('',(0.,0.,1.));
#2389=DIRECTION('',(-0.0476261714545205,0.998865230044867,0.));
#2390=DIRECTION('',(0.,0.,-1.));
#2391=DIRECTION('center_axis',(0.,0.,1.));
#2392=DIRECTION('ref_axis',(0.849411590526541,0.527730944591249,0.));
#2393=DIRECTION('',(0.,0.,-1.));
#2394=DIRECTION('center_axis',(0.,0.,1.));
#2395=DIRECTION('ref_axis',(0.849411590526542,0.527730944591248,0.));
#2396=DIRECTION('center_axis',(0.,0.,-1.));
#2397=DIRECTION('ref_axis',(1.,0.,0.));
#2398=DIRECTION('center_axis',(0.,0.,1.));
#2399=DIRECTION('ref_axis',(1.,0.,0.));
#2400=DIRECTION('center_axis',(0.,0.,1.));
#2401=DIRECTION('ref_axis',(0.,-1.,0.));
#2402=DIRECTION('center_axis',(0.,-1.,0.));
#2403=DIRECTION('ref_axis',(-1.,0.,0.));
#2404=DIRECTION('center_axis',(0.,0.,-1.));
#2405=DIRECTION('ref_axis',(0.,-1.,0.));
#2406=DIRECTION('center_axis',(0.,0.,-1.));
#2407=DIRECTION('ref_axis',(0.,-1.,0.));
#2408=DIRECTION('center_axis',(0.,0.,1.));
#2409=DIRECTION('ref_axis',(0.,-1.,0.));
#2410=DIRECTION('center_axis',(0.,0.,1.));
#2411=DIRECTION('ref_axis',(0.,-1.,0.));
#2412=DIRECTION('',(0.,0.,1.));
#2413=DIRECTION('center_axis',(0.,0.,1.));
#2414=DIRECTION('ref_axis',(0.,-1.,0.));
#2415=DIRECTION('center_axis',(0.,0.,-1.));
#2416=DIRECTION('ref_axis',(1.,0.,0.));
#2417=DIRECTION('center_axis',(0.,0.,1.));
#2418=DIRECTION('ref_axis',(1.,0.,0.));
#2419=DIRECTION('center_axis',(0.,0.,-1.));
#2420=DIRECTION('ref_axis',(0.0348994967025007,-0.999390827019096,0.));
#2421=DIRECTION('center_axis',(0.,0.,1.));
#2422=DIRECTION('ref_axis',(0.0348994967025007,-0.999390827019096,0.));
#2423=DIRECTION('center_axis',(0.0199809902758823,-0.99980036008575,0.));
#2424=DIRECTION('ref_axis',(-0.706965614449386,-0.0141286937188993,0.707106781186548));
#2425=DIRECTION('',(-0.0199809902758823,0.99980036008575,0.));
#2426=DIRECTION('center_axis',(-0.0199809902758829,0.99980036008575,0.));
#2427=DIRECTION('ref_axis',(-0.99980036008575,-0.0199809902758829,0.));
#2428=DIRECTION('',(0.0199809902758823,-0.99980036008575,0.));
#2429=DIRECTION('center_axis',(0.,0.,-1.));
#2430=DIRECTION('ref_axis',(-1.,0.,0.));
#2431=DIRECTION('center_axis',(0.99999034977966,0.00439321608322275,0.));
#2432=DIRECTION('ref_axis',(-0.00439321608322275,0.99999034977966,0.));
#2433=DIRECTION('center_axis',(0.,0.,1.));
#2434=DIRECTION('ref_axis',(-0.715672109445682,0.69843641926919,0.));
#2435=DIRECTION('center_axis',(0.,0.,-1.));
#2436=DIRECTION('ref_axis',(-0.715672109445682,0.69843641926919,0.));
#2437=DIRECTION('center_axis',(0.,0.,-1.));
#2438=DIRECTION('ref_axis',(-1.,0.,0.));
#2439=DIRECTION('center_axis',(0.997860878809297,0.0653732861491389,0.));
#2440=DIRECTION('ref_axis',(-0.0653732861491388,0.997860878809297,0.));
#2441=DIRECTION('center_axis',(0.,0.,-1.));
#2442=DIRECTION('ref_axis',(0.0348994967025015,-0.999390827019096,0.));
#2443=DIRECTION('center_axis',(0.,0.,1.));
#2444=DIRECTION('ref_axis',(0.0348994967025015,-0.999390827019096,0.));
#2445=DIRECTION('center_axis',(0.,0.,-1.));
#2446=DIRECTION('ref_axis',(-1.,0.,0.));
#2447=DIRECTION('center_axis',(0.0498102299798653,-0.998758700081933,0.));
#2448=DIRECTION('ref_axis',(0.998758700081933,0.0498102299798653,0.));
#2449=DIRECTION('center_axis',(0.,0.,1.));
#2450=DIRECTION('ref_axis',(0.665208306413935,0.746657825967092,0.));
#2451=DIRECTION('center_axis',(0.,0.,-1.));
#2452=DIRECTION('ref_axis',(0.665208306413935,0.746657825967092,0.));
#2453=DIRECTION('center_axis',(-0.0498102299798774,0.998758700081933,0.));
#2454=DIRECTION('ref_axis',(0.706229049596996,0.0352211513912367,0.707106781186547));
#2455=DIRECTION('',(-0.0498102299798774,0.998758700081933,0.));
#2456=DIRECTION('',(0.0498102299798774,-0.998758700081933,0.));
#2457=DIRECTION('center_axis',(0.,0.,1.));
#2458=DIRECTION('ref_axis',(-0.715672109445682,0.69843641926919,0.));
#2459=DIRECTION('',(0.,0.,-1.));
#2460=DIRECTION('center_axis',(0.,0.,1.));
#2461=DIRECTION('ref_axis',(-0.715672109445682,0.69843641926919,0.));
#2462=DIRECTION('',(0.,0.,1.));
#2463=DIRECTION('center_axis',(-0.99980036008575,-0.0199809902758823,0.));
#2464=DIRECTION('ref_axis',(0.0199809902758823,-0.99980036008575,0.));
#2465=DIRECTION('',(0.,0.,1.));
#2466=DIRECTION('',(0.0199809902758823,-0.99980036008575,0.));
#2467=DIRECTION('center_axis',(0.,0.,1.));
#2468=DIRECTION('ref_axis',(1.,0.,0.));
#2469=DIRECTION('',(0.,0.,1.));
#2470=DIRECTION('center_axis',(0.,0.,1.));
#2471=DIRECTION('ref_axis',(0.0348994967025007,-0.999390827019096,0.));
#2472=DIRECTION('center_axis',(0.,0.,-1.));
#2473=DIRECTION('ref_axis',(1.,0.,0.));
#2474=DIRECTION('center_axis',(-0.0498102299798774,0.998758700081933,0.));
#2475=DIRECTION('ref_axis',(0.706229049596997,0.0352211513912242,0.707106781186547));
#2476=DIRECTION('center_axis',(0.0498102299798741,-0.998758700081933,0.));
#2477=DIRECTION('ref_axis',(0.998758700081933,0.0498102299798741,0.));
#2478=DIRECTION('',(-0.0498102299798774,0.998758700081933,0.));
#2479=DIRECTION('center_axis',(-0.0498102299798741,0.998758700081933,0.));
#2480=DIRECTION('ref_axis',(0.,0.,1.));
#2481=DIRECTION('',(0.0498102299798774,-0.998758700081933,0.));
#2482=DIRECTION('center_axis',(0.,0.,-1.));
#2483=DIRECTION('ref_axis',(-1.,0.,0.));
#2484=DIRECTION('center_axis',(-0.997173636189151,0.0751314800154117,0.));
#2485=DIRECTION('ref_axis',(0.,0.,1.));
#2486=DIRECTION('center_axis',(0.,0.,-1.));
#2487=DIRECTION('ref_axis',(0.716019822060456,0.698079948441805,0.));
#2488=DIRECTION('center_axis',(0.,0.,1.));
#2489=DIRECTION('ref_axis',(0.716019822060456,0.698079948441805,0.));
#2490=DIRECTION('center_axis',(0.,0.,1.));
#2491=DIRECTION('ref_axis',(1.,0.,0.));
#2492=DIRECTION('center_axis',(-0.989503664216115,-0.144507780077341,0.));
#2493=DIRECTION('ref_axis',(0.,0.,1.));
#2494=DIRECTION('center_axis',(0.,0.,-1.));
#2495=DIRECTION('ref_axis',(-0.034899496702495,0.999390827019096,0.));
#2496=DIRECTION('center_axis',(0.,0.,1.));
#2497=DIRECTION('ref_axis',(-0.034899496702495,0.999390827019096,0.));
#2498=DIRECTION('center_axis',(0.,0.,-1.));
#2499=DIRECTION('ref_axis',(-1.,0.,0.));
#2500=DIRECTION('center_axis',(0.019980990275883,-0.99980036008575,0.));
#2501=DIRECTION('ref_axis',(0.,0.,1.));
#2502=DIRECTION('center_axis',(0.,0.,-1.));
#2503=DIRECTION('ref_axis',(-0.762971229355723,0.646432442854949,0.));
#2504=DIRECTION('center_axis',(0.,0.,1.));
#2505=DIRECTION('ref_axis',(-0.762971229355723,0.646432442854949,0.));
#2506=DIRECTION('center_axis',(0.0199809902758823,-0.99980036008575,0.));
#2507=DIRECTION('ref_axis',(-0.706965614449387,-0.0141286937188993,0.707106781186547));
#2508=DIRECTION('center_axis',(0.019980990275883,-0.99980036008575,0.));
#2509=DIRECTION('ref_axis',(0.,0.,1.));
#2510=DIRECTION('',(-0.0199809902758823,0.99980036008575,0.));
#2511=DIRECTION('',(0.0199809902758823,-0.99980036008575,0.));
#2512=DIRECTION('center_axis',(0.,0.,-1.));
#2513=DIRECTION('ref_axis',(-1.,0.,0.));
#2514=DIRECTION('center_axis',(0.994487229597962,-0.104857761594313,0.));
#2515=DIRECTION('ref_axis',(0.,0.,1.));
#2516=DIRECTION('center_axis',(0.,0.,-1.));
#2517=DIRECTION('ref_axis',(-0.736534448663365,-0.676400033953394,0.));
#2518=DIRECTION('center_axis',(0.,0.,1.));
#2519=DIRECTION('ref_axis',(-0.736534448663365,-0.676400033953394,0.));
#2520=DIRECTION('center_axis',(0.,0.,1.));
#2521=DIRECTION('ref_axis',(1.,0.,0.));
#2522=DIRECTION('center_axis',(0.984750200995891,0.173974255677533,0.));
#2523=DIRECTION('ref_axis',(0.,0.,1.));
#2524=DIRECTION('center_axis',(0.,0.,-1.));
#2525=DIRECTION('ref_axis',(0.0348994967025074,-0.999390827019096,0.));
#2526=DIRECTION('center_axis',(0.,0.,1.));
#2527=DIRECTION('ref_axis',(0.0348994967025074,-0.999390827019096,0.));
#2528=DIRECTION('center_axis',(0.,0.,-1.));
#2529=DIRECTION('ref_axis',(0.781923568973512,-0.623374311536596,0.));
#2530=DIRECTION('center_axis',(0.,0.,1.));
#2531=DIRECTION('ref_axis',(0.781923568973511,-0.623374311536597,0.));
#2532=DIRECTION('center_axis',(0.,0.,-1.));
#2533=DIRECTION('ref_axis',(0.781923568973511,-0.623374311536597,0.));
#2534=DIRECTION('center_axis',(0.,0.,1.));
#2535=DIRECTION('ref_axis',(-0.736534448663365,-0.676400033953394,0.));
#2536=DIRECTION('',(0.,0.,-1.));
#2537=DIRECTION('center_axis',(0.,0.,1.));
#2538=DIRECTION('ref_axis',(-0.736534448663365,-0.676400033953395,0.));
#2539=DIRECTION('',(0.,0.,1.));
#2540=DIRECTION('center_axis',(0.,0.,1.));
#2541=DIRECTION('ref_axis',(1.,0.,0.));
#2542=DIRECTION('',(0.,0.,1.));
#2543=DIRECTION('center_axis',(0.,0.,1.));
#2544=DIRECTION('ref_axis',(0.0348994967025074,-0.999390827019096,0.));
#2545=DIRECTION('center_axis',(0.,0.,1.));
#2546=DIRECTION('ref_axis',(0.781923568973512,-0.623374311536596,0.));
#2547=DIRECTION('',(0.,0.,-1.));
#2548=DIRECTION('center_axis',(0.,0.,1.));
#2549=DIRECTION('ref_axis',(0.781923568973512,-0.623374311536597,0.));
#2550=DIRECTION('center_axis',(0.998758700081933,0.0498102299798774,0.));
#2551=DIRECTION('ref_axis',(-0.0498102299798774,0.998758700081933,0.));
#2552=DIRECTION('',(0.,0.,1.));
#2553=DIRECTION('',(-0.0498102299798774,0.998758700081933,0.));
#2554=DIRECTION('center_axis',(0.,0.,-1.));
#2555=DIRECTION('ref_axis',(1.,0.,0.));
#2556=DIRECTION('center_axis',(0.0199809902758823,-0.99980036008575,0.));
#2557=DIRECTION('ref_axis',(-0.706965614449386,-0.0141286937188993,0.707106781186548));
#2558=DIRECTION('',(0.0199809902758823,-0.99980036008575,0.));
#2559=DIRECTION('center_axis',(0.019980990275883,-0.99980036008575,0.));
#2560=DIRECTION('ref_axis',(0.,0.,1.));
#2561=DIRECTION('',(-0.0199809902758823,0.99980036008575,0.));
#2562=DIRECTION('center_axis',(0.,0.,1.));
#2563=DIRECTION('ref_axis',(-0.0348994967025011,0.999390827019096,0.));
#2564=DIRECTION('center_axis',(0.,0.,1.));
#2565=DIRECTION('ref_axis',(-0.0348994967025007,0.999390827019096,0.));
#2566=DIRECTION('center_axis',(0.,0.,-1.));
#2567=DIRECTION('ref_axis',(-0.0348994967025007,0.999390827019096,0.));
#2568=DIRECTION('center_axis',(0.,0.,-1.));
#2569=DIRECTION('ref_axis',(-1.,0.,0.));
#2570=DIRECTION('center_axis',(0.999367404106929,0.0355639087921779,0.));
#2571=DIRECTION('ref_axis',(0.,0.,1.));
#2572=DIRECTION('center_axis',(0.,0.,-1.));
#2573=DIRECTION('ref_axis',(-0.687195329145953,-0.726472697078139,0.));
#2574=DIRECTION('center_axis',(0.,0.,1.));
#2575=DIRECTION('ref_axis',(-0.687195329145953,-0.726472697078139,0.));
#2576=DIRECTION('center_axis',(0.,0.,-1.));
#2577=DIRECTION('ref_axis',(-1.,0.,0.));
#2578=DIRECTION('center_axis',(0.999413808208455,0.0342350691875227,0.));
#2579=DIRECTION('ref_axis',(0.,0.,1.));
#2580=DIRECTION('center_axis',(0.,0.,1.));
#2581=DIRECTION('ref_axis',(-0.0348994967025001,0.999390827019096,0.));
#2582=DIRECTION('center_axis',(0.,0.,-1.));
#2583=DIRECTION('ref_axis',(-0.0348994967025001,0.999390827019096,0.));
#2584=DIRECTION('center_axis',(0.,0.,-1.));
#2585=DIRECTION('ref_axis',(0.736197529482024,-0.676766723165792,0.));
#2586=DIRECTION('center_axis',(-0.0498102299798741,0.998758700081933,0.));
#2587=DIRECTION('ref_axis',(0.,0.,1.));
#2588=DIRECTION('center_axis',(0.,0.,-1.));
#2589=DIRECTION('ref_axis',(0.736197529482025,-0.676766723165791,0.));
#2590=DIRECTION('center_axis',(0.,0.,1.));
#2591=DIRECTION('ref_axis',(0.736197529482025,-0.676766723165791,0.));
#2592=DIRECTION('center_axis',(-0.0498102299798774,0.998758700081933,0.));
#2593=DIRECTION('ref_axis',(0.706229049596996,0.0352211513912367,0.707106781186547));
#2594=DIRECTION('',(0.0498102299798774,-0.998758700081933,0.));
#2595=DIRECTION('',(-0.0498102299798774,0.998758700081933,0.));
#2596=DIRECTION('center_axis',(0.998758700081933,0.0498102299798774,0.));
#2597=DIRECTION('ref_axis',(-0.0498102299798774,0.998758700081933,0.));
#2598=DIRECTION('',(0.,0.,1.));
#2599=DIRECTION('',(-0.0498102299798774,0.998758700081933,0.));
#2600=DIRECTION('',(0.,0.,-1.));
#2601=DIRECTION('center_axis',(0.,0.,1.));
#2602=DIRECTION('ref_axis',(-0.0348994967025014,0.999390827019096,0.));
#2603=DIRECTION('',(0.,0.,1.));
#2604=DIRECTION('center_axis',(0.,0.,1.));
#2605=DIRECTION('ref_axis',(-0.0348994967025012,0.999390827019096,0.));
#2606=DIRECTION('center_axis',(-0.99980036008575,-0.0199809902758823,0.));
#2607=DIRECTION('ref_axis',(0.0199809902758823,-0.99980036008575,0.));
#2608=DIRECTION('',(0.,0.,1.));
#2609=DIRECTION('',(0.0199809902758823,-0.99980036008575,0.));
#2610=DIRECTION('center_axis',(0.,0.,-1.));
#2611=DIRECTION('ref_axis',(1.,0.,0.));
#2612=DIRECTION('center_axis',(0.0199809902758823,-0.99980036008575,0.));
#2613=DIRECTION('ref_axis',(0.706965614449386,0.0141286937188993,-0.707106781186548));
#2614=DIRECTION('center_axis',(-0.0199809902758829,0.99980036008575,0.));
#2615=DIRECTION('ref_axis',(0.99980036008575,0.0199809902758829,0.));
#2616=DIRECTION('',(-0.0199809902758823,0.99980036008575,0.));
#2617=DIRECTION('center_axis',(0.,0.,-1.));
#2618=DIRECTION('ref_axis',(-1.,0.,0.));
#2619=DIRECTION('center_axis',(-0.999367404106929,-0.0355639087921776,0.));
#2620=DIRECTION('ref_axis',(-0.0355639087921776,0.999367404106929,0.));
#2621=DIRECTION('center_axis',(0.,0.,-1.));
#2622=DIRECTION('ref_axis',(-0.687195329145953,-0.726472697078139,0.));
#2623=DIRECTION('center_axis',(0.,0.,1.));
#2624=DIRECTION('ref_axis',(-0.687195329145953,-0.726472697078139,0.));
#2625=DIRECTION('center_axis',(0.,0.,-1.));
#2626=DIRECTION('ref_axis',(-1.,0.,0.));
#2627=DIRECTION('center_axis',(-0.999413808208455,-0.0342350691875201,0.));
#2628=DIRECTION('ref_axis',(-0.0342350691875201,0.999413808208455,0.));
#2629=DIRECTION('center_axis',(0.,0.,1.));
#2630=DIRECTION('ref_axis',(-0.0348994967025001,0.999390827019096,0.));
#2631=DIRECTION('center_axis',(0.,0.,-1.));
#2632=DIRECTION('ref_axis',(-0.0348994967025001,0.999390827019096,0.));
#2633=DIRECTION('center_axis',(0.,0.,-1.));
#2634=DIRECTION('ref_axis',(0.736197529482024,-0.676766723165792,0.));
#2635=DIRECTION('center_axis',(0.0498102299798831,-0.998758700081932,0.));
#2636=DIRECTION('ref_axis',(-0.998758700081932,-0.0498102299798831,0.));
#2637=DIRECTION('center_axis',(0.,0.,-1.));
#2638=DIRECTION('ref_axis',(0.736197529482025,-0.676766723165791,0.));
#2639=DIRECTION('center_axis',(0.,0.,1.));
#2640=DIRECTION('ref_axis',(0.736197529482025,-0.676766723165791,0.));
#2641=DIRECTION('center_axis',(-0.0498102299798774,0.998758700081933,0.));
#2642=DIRECTION('ref_axis',(-0.706229049596993,-0.0352211513912369,-0.70710678118655));
#2643=DIRECTION('',(0.0498102299798774,-0.998758700081933,0.));
#2644=DIRECTION('center_axis',(0.,0.,1.));
#2645=DIRECTION('ref_axis',(-0.0348994967025452,0.999390827019094,0.));
#2646=DIRECTION('center_axis',(0.,0.,-1.));
#2647=DIRECTION('ref_axis',(-0.0348994967025012,0.999390827019096,0.));
#2648=DIRECTION('center_axis',(0.,0.,1.));
#2649=DIRECTION('ref_axis',(1.,0.,0.));
#2650=DIRECTION('',(0.,0.,1.));
#2651=DIRECTION('',(0.,0.,-1.));
#2652=DIRECTION('center_axis',(0.,0.,1.));
#2653=DIRECTION('ref_axis',(-0.687195329145953,-0.726472697078139,0.));
#2654=DIRECTION('center_axis',(0.,0.,1.));
#2655=DIRECTION('ref_axis',(1.,0.,0.));
#2656=DIRECTION('center_axis',(0.,0.,-1.));
#2657=DIRECTION('ref_axis',(0.849411590526542,0.527730944591248,0.));
#2658=DIRECTION('center_axis',(0.,0.,-1.));
#2659=DIRECTION('ref_axis',(-0.998865230044867,-0.0476261714545193,0.));
#2660=DIRECTION('center_axis',(0.,0.,-1.));
#2661=DIRECTION('ref_axis',(0.895768797821735,-0.444520259210988,0.));
#2662=DIRECTION('',(-0.0476261714545205,0.998865230044867,0.));
#2663=DIRECTION('center_axis',(0.,0.,-1.));
#2664=DIRECTION('ref_axis',(0.691136153710975,0.722724578960477,0.));
#2665=DIRECTION('center_axis',(0.,0.,-1.));
#2666=DIRECTION('ref_axis',(-0.998865230044867,-0.0476261714545215,0.));
#2667=DIRECTION('center_axis',(0.,0.,-1.));
#2668=DIRECTION('ref_axis',(0.756763901986227,-0.653688302366334,0.));
#2669=DIRECTION('',(-0.0476261714545205,0.998865230044867,0.));
#2670=DIRECTION('center_axis',(0.,0.,1.));
#2671=DIRECTION('ref_axis',(0.735682354239885,-0.677326711166819,0.));
#2672=DIRECTION('',(0.999390827019096,0.0348994967025,0.));
#2673=DIRECTION('center_axis',(0.,0.,1.));
#2674=DIRECTION('ref_axis',(-0.686642346056516,-0.726995384168293,0.));
#2675=DIRECTION('',(0.0221671596990044,-0.999754278325869,0.));
#2676=DIRECTION('center_axis',(0.,0.,-1.));
#2677=DIRECTION('ref_axis',(-0.650262085312644,-0.7597099580793,0.));
#2678=DIRECTION('center_axis',(0.,0.,-1.));
#2679=DIRECTION('ref_axis',(0.999754278325869,0.0221671596990034,0.));
#2680=DIRECTION('center_axis',(0.,0.,-1.));
#2681=DIRECTION('ref_axis',(-0.683295977608872,0.730141497919092,0.));
#2682=DIRECTION('',(0.0221671596990044,-0.999754278325869,0.));
#2683=DIRECTION('center_axis',(0.,0.,1.));
#2684=DIRECTION('ref_axis',(-0.0348994967025001,0.999390827019096,0.));
#2685=DIRECTION('',(-0.0476261714545205,0.998865230044867,0.));
#2686=DIRECTION('center_axis',(0.,0.,-1.));
#2687=DIRECTION('ref_axis',(-0.736534448663365,-0.676400033953395,0.));
#2688=DIRECTION('center_axis',(0.,0.,-1.));
#2689=DIRECTION('ref_axis',(0.0348994967025074,-0.999390827019096,0.));
#2690=DIRECTION('center_axis',(0.,0.,-1.));
#2691=DIRECTION('ref_axis',(0.781923568973511,-0.623374311536597,0.));
#2692=DIRECTION('',(0.0498102299798774,-0.998758700081933,0.));
#2693=DIRECTION('center_axis',(0.,0.,-1.));
#2694=DIRECTION('ref_axis',(0.716019822060456,0.698079948441805,0.));
#2695=DIRECTION('center_axis',(0.,0.,-1.));
#2696=DIRECTION('ref_axis',(-0.034899496702495,0.999390827019096,0.));
#2697=DIRECTION('center_axis',(0.,0.,-1.));
#2698=DIRECTION('ref_axis',(-0.762971229355724,0.646432442854948,0.));
#2699=DIRECTION('',(-0.0199809902758823,0.99980036008575,0.));
#2700=DIRECTION('center_axis',(0.,0.,-1.));
#2701=DIRECTION('ref_axis',(0.,-1.,0.));
#2702=DIRECTION('center_axis',(0.,0.,1.));
#2703=DIRECTION('ref_axis',(1.,0.,0.));
#2704=DIRECTION('center_axis',(0.,0.,1.));
#2705=DIRECTION('ref_axis',(1.,0.,0.));
#2706=DIRECTION('center_axis',(0.,0.,-1.));
#2707=DIRECTION('ref_axis',(0.0348994967025007,-0.999390827019096,0.));
#2708=DIRECTION('',(0.0498102299798774,-0.998758700081933,0.));
#2709=DIRECTION('center_axis',(0.,0.,-1.));
#2710=DIRECTION('ref_axis',(0.665208306413935,0.746657825967092,0.));
#2711=DIRECTION('center_axis',(0.,0.,1.));
#2712=DIRECTION('ref_axis',(0.0348994967025015,-0.999390827019096,0.));
#2713=DIRECTION('center_axis',(0.,0.,-1.));
#2714=DIRECTION('ref_axis',(-0.715672109445682,0.69843641926919,0.));
#2715=DIRECTION('',(-0.0199809902758823,0.99980036008575,0.));
#2716=DIRECTION('center_axis',(0.,0.,-1.));
#2717=DIRECTION('ref_axis',(-1.,0.,0.));
#2718=DIRECTION('center_axis',(-0.994487229597963,0.104857761594311,0.));
#2719=DIRECTION('ref_axis',(0.104857761594311,0.994487229597963,0.));
#2720=DIRECTION('center_axis',(0.0199809902758741,-0.99980036008575,0.));
#2721=DIRECTION('ref_axis',(0.,0.,-1.));
#2722=DIRECTION('center_axis',(0.0199809902758823,-0.99980036008575,0.));
#2723=DIRECTION('ref_axis',(0.706965614449386,0.0141286937188993,-0.707106781186548));
#2724=DIRECTION('center_axis',(0.019980990275883,-0.99980036008575,0.));
#2725=DIRECTION('ref_axis',(0.,0.,-1.));
#2726=DIRECTION('',(0.0199809902758823,-0.99980036008575,0.));
#2727=DIRECTION('center_axis',(0.,0.,-1.));
#2728=DIRECTION('ref_axis',(-1.,0.,0.));
#2729=DIRECTION('center_axis',(-0.989503664216115,-0.144507780077342,0.));
#2730=DIRECTION('ref_axis',(0.,0.,-1.));
#2731=DIRECTION('center_axis',(0.,0.,1.));
#2732=DIRECTION('ref_axis',(-0.762971229355724,0.646432442854948,0.));
#2733=DIRECTION('center_axis',(0.,0.,1.));
#2734=DIRECTION('ref_axis',(1.,0.,0.));
#2735=DIRECTION('center_axis',(-0.997173636189151,0.0751314800154132,0.));
#2736=DIRECTION('ref_axis',(0.,0.,-1.));
#2737=DIRECTION('center_axis',(0.,0.,1.));
#2738=DIRECTION('ref_axis',(-0.034899496702495,0.999390827019096,0.));
#2739=DIRECTION('center_axis',(0.,0.,-1.));
#2740=DIRECTION('ref_axis',(-1.,0.,0.));
#2741=DIRECTION('center_axis',(-0.0498102299798742,0.998758700081933,0.));
#2742=DIRECTION('ref_axis',(0.,0.,-1.));
#2743=DIRECTION('center_axis',(0.,0.,1.));
#2744=DIRECTION('ref_axis',(0.716019822060456,0.698079948441805,0.));
#2745=DIRECTION('center_axis',(-0.0498102299798774,0.998758700081933,0.));
#2746=DIRECTION('ref_axis',(-0.706229049596996,-0.0352211513912367,-0.707106781186547));
#2747=DIRECTION('center_axis',(-0.049810229979883,0.998758700081932,0.));
#2748=DIRECTION('ref_axis',(0.,0.,-1.));
#2749=DIRECTION('center_axis',(0.,0.,-1.));
#2750=DIRECTION('ref_axis',(0.781923568973512,-0.623374311536596,0.));
#2751=DIRECTION('center_axis',(0.984750200995892,0.17397425567753,0.));
#2752=DIRECTION('ref_axis',(0.,0.,-1.));
#2753=DIRECTION('center_axis',(0.,0.,1.));
#2754=DIRECTION('ref_axis',(1.,0.,0.));
#2755=DIRECTION('center_axis',(0.,0.,1.));
#2756=DIRECTION('ref_axis',(1.,0.,0.));
#2757=DIRECTION('center_axis',(-0.0498102299798774,0.998758700081933,0.));
#2758=DIRECTION('ref_axis',(-0.706229049596996,-0.0352211513912367,-0.707106781186547));
#2759=DIRECTION('',(-0.0498102299798774,0.998758700081933,0.));
#2760=DIRECTION('center_axis',(0.0498102299798832,-0.998758700081932,0.));
#2761=DIRECTION('ref_axis',(-0.998758700081932,-0.0498102299798832,0.));
#2762=DIRECTION('center_axis',(0.,0.,-1.));
#2763=DIRECTION('ref_axis',(-1.,0.,0.));
#2764=DIRECTION('center_axis',(0.997860878809297,0.06537328614914,0.));
#2765=DIRECTION('ref_axis',(0.06537328614914,-0.997860878809297,0.));
#2766=DIRECTION('center_axis',(0.,0.,1.));
#2767=DIRECTION('ref_axis',(0.665208306413935,0.746657825967092,0.));
#2768=DIRECTION('center_axis',(0.,0.,-1.));
#2769=DIRECTION('ref_axis',(-1.,0.,0.));
#2770=DIRECTION('center_axis',(0.99999034977966,0.00439321608322275,0.));
#2771=DIRECTION('ref_axis',(0.00439321608322275,-0.99999034977966,0.));
#2772=DIRECTION('center_axis',(0.,0.,-1.));
#2773=DIRECTION('ref_axis',(0.0348994967025015,-0.999390827019096,0.));
#2774=DIRECTION('center_axis',(0.,0.,-1.));
#2775=DIRECTION('ref_axis',(-1.,0.,0.));
#2776=DIRECTION('center_axis',(-0.019980990275883,0.99980036008575,0.));
#2777=DIRECTION('ref_axis',(0.99980036008575,0.019980990275883,0.));
#2778=DIRECTION('center_axis',(0.0199809902758823,-0.99980036008575,0.));
#2779=DIRECTION('ref_axis',(0.706965614449386,0.0141286937188993,-0.707106781186548));
#2780=DIRECTION('center_axis',(0.,0.,1.));
#2781=DIRECTION('ref_axis',(0.665208306413934,0.746657825967093,0.));
#2782=DIRECTION('',(0.,0.,-1.));
#2783=DIRECTION('',(0.,0.,1.));
#2784=DIRECTION('center_axis',(0.998758700081933,0.0498102299798774,0.));
#2785=DIRECTION('ref_axis',(-0.0498102299798774,0.998758700081933,0.));
#2786=DIRECTION('center_axis',(0.,0.,1.));
#2787=DIRECTION('ref_axis',(1.,0.,0.));
#2788=DIRECTION('center_axis',(0.,-1.,0.));
#2789=DIRECTION('ref_axis',(-1.,0.,0.));
#2790=DIRECTION('center_axis',(0.,0.,1.));
#2791=DIRECTION('ref_axis',(-0.998865230044867,-0.0476261714545193,0.));
#2792=DIRECTION('center_axis',(-0.874405817569452,0.485195286663728,0.));
#2793=DIRECTION('ref_axis',(0.,0.,-1.));
#2794=DIRECTION('center_axis',(0.,0.,1.));
#2795=DIRECTION('ref_axis',(-0.998865230044867,-0.0476261714545193,0.));
#2796=DIRECTION('center_axis',(-0.824275528408975,-0.566188884795617,0.));
#2797=DIRECTION('ref_axis',(-0.566188884795617,0.824275528408975,0.));
#2798=DIRECTION('center_axis',(0.,0.,-1.));
#2799=DIRECTION('ref_axis',(0.895768797821732,-0.444520259210993,0.));
#2800=DIRECTION('center_axis',(0.0476261714545246,-0.998865230044867,3.52753189720918E-14));
#2801=DIRECTION('ref_axis',(-0.998865230044867,-0.0476261714545246,0.));
#2802=DIRECTION('center_axis',(0.,0.,1.));
#2803=DIRECTION('ref_axis',(0.895768797821735,-0.444520259210988,0.));
#2804=DIRECTION('center_axis',(-0.0476261714545205,0.998865230044867,0.));
#2805=DIRECTION('ref_axis',(-0.706304377656185,-0.0336767887974475,-0.707106781186548));
#2806=DIRECTION('center_axis',(0.0476261714545246,-0.998865230044867,0.));
#2807=DIRECTION('ref_axis',(-0.998865230044867,-0.0476261714545246,0.));
#2808=DIRECTION('',(-0.0476261714545205,0.998865230044867,0.));
#2809=DIRECTION('center_axis',(0.,0.,-1.));
#2810=DIRECTION('ref_axis',(-1.,0.,0.));
#2811=DIRECTION('center_axis',(0.,0.,1.));
#2812=DIRECTION('ref_axis',(0.895768797821735,-0.444520259210988,0.));
#2813=DIRECTION('',(0.,0.,1.));
#2814=DIRECTION('center_axis',(0.,0.,1.));
#2815=DIRECTION('ref_axis',(-0.998865230044867,-0.0476261714545209,0.));
#2816=DIRECTION('center_axis',(0.,0.,1.));
#2817=DIRECTION('ref_axis',(1.,0.,0.));
#2818=DIRECTION('center_axis',(0.991199186454499,0.132378898514603,0.));
#2819=DIRECTION('ref_axis',(0.,0.,-1.));
#2820=DIRECTION('center_axis',(0.996092555901437,-0.0883154577508522,0.));
#2821=DIRECTION('ref_axis',(-0.0883154577508522,-0.996092555901437,0.));
#2822=DIRECTION('center_axis',(0.,0.,-1.));
#2823=DIRECTION('ref_axis',(-1.,0.,0.));
#2824=DIRECTION('center_axis',(-0.0221671596990091,0.999754278325869,0.));
#2825=DIRECTION('ref_axis',(0.999754278325869,0.0221671596990091,0.));
#2826=DIRECTION('center_axis',(0.0221671596990044,-0.999754278325869,0.));
#2827=DIRECTION('ref_axis',(0.706933029724484,0.0156745489428145,-0.707106781186548));
#2828=DIRECTION('',(0.0221671596990044,-0.999754278325869,0.));
#2829=DIRECTION('center_axis',(-0.0221671596990092,0.999754278325869,0.));
#2830=DIRECTION('ref_axis',(0.999754278325869,0.0221671596990092,0.));
#2831=DIRECTION('',(0.0221671596990044,-0.999754278325869,0.));
#2832=DIRECTION('center_axis',(0.,0.,-1.));
#2833=DIRECTION('ref_axis',(-1.,0.,0.));
#2834=DIRECTION('center_axis',(0.,0.,1.));
#2835=DIRECTION('ref_axis',(-0.650262085312644,-0.7597099580793,0.));
#2836=DIRECTION('center_axis',(0.,0.,1.));
#2837=DIRECTION('ref_axis',(-0.998865230044867,-0.0476261714545189,0.));
#2838=DIRECTION('center_axis',(-0.999995596382574,0.00296769531136668,0.));
#2839=DIRECTION('ref_axis',(0.,0.,-1.));
#2840=DIRECTION('center_axis',(-0.995176752790017,-0.0980980667817532,0.));
#2841=DIRECTION('ref_axis',(-0.0980980667817532,0.995176752790017,0.));
#2842=DIRECTION('center_axis',(0.,0.,-1.));
#2843=DIRECTION('ref_axis',(0.756763901986228,-0.653688302366333,0.));
#2844=DIRECTION('center_axis',(0.0476261714545246,-0.998865230044867,3.52753189720918E-14));
#2845=DIRECTION('ref_axis',(-0.998865230044867,-0.0476261714545246,0.));
#2846=DIRECTION('center_axis',(-0.0476261714545205,0.998865230044867,0.));
#2847=DIRECTION('ref_axis',(-0.706304377656182,-0.0336767887974476,-0.707106781186552));
#2848=DIRECTION('',(-0.0476261714545205,0.998865230044867,0.));
#2849=DIRECTION('center_axis',(0.0476261714545248,-0.998865230044867,0.));
#2850=DIRECTION('ref_axis',(-0.998865230044867,-0.0476261714545248,0.));
#2851=DIRECTION('',(-0.0476261714545205,0.998865230044867,0.));
#2852=DIRECTION('center_axis',(0.,0.,-1.));
#2853=DIRECTION('ref_axis',(-1.,0.,0.));
#2854=DIRECTION('center_axis',(0.,0.,1.));
#2855=DIRECTION('ref_axis',(0.691136153710975,0.722724578960477,0.));
#2856=DIRECTION('center_axis',(0.,0.,1.));
#2857=DIRECTION('ref_axis',(1.,0.,0.));
#2858=DIRECTION('',(0.,0.,1.));
#2859=DIRECTION('center_axis',(0.,0.,1.));
#2860=DIRECTION('ref_axis',(1.,0.,0.));
#2861=DIRECTION('center_axis',(0.,0.,-1.));
#2862=DIRECTION('ref_axis',(1.,0.,0.));
#2863=DIRECTION('center_axis',(0.,0.,-1.));
#2864=DIRECTION('ref_axis',(1.,0.,0.));
#2865=DIRECTION('center_axis',(0.,0.,1.));
#2866=DIRECTION('ref_axis',(1.,0.,0.));
#2867=DIRECTION('',(0.,0.,1.));
#2868=DIRECTION('center_axis',(0.,0.,1.));
#2869=DIRECTION('ref_axis',(1.,0.,0.));
#2870=DIRECTION('center_axis',(0.,0.,-1.));
#2871=DIRECTION('ref_axis',(1.,0.,0.));
#2872=DIRECTION('center_axis',(0.,0.,-1.));
#2873=DIRECTION('ref_axis',(1.,0.,0.));
#2874=DIRECTION('center_axis',(0.,0.,-1.));
#2875=DIRECTION('ref_axis',(0.696044259622875,-0.71799887788634,0.));
#2876=DIRECTION('center_axis',(0.,0.,-1.));
#2877=DIRECTION('ref_axis',(1.,0.,0.));
#2878=DIRECTION('',(0.,0.,-1.));
#2879=DIRECTION('center_axis',(0.,0.,-1.));
#2880=DIRECTION('ref_axis',(1.,0.,0.));
#2881=DIRECTION('',(0.,0.,-1.));
#2882=DIRECTION('center_axis',(0.,0.,-1.));
#2883=DIRECTION('ref_axis',(-0.475163601035291,0.879897466896669,0.));
#2884=DIRECTION('center_axis',(0.,0.,-1.));
#2885=DIRECTION('ref_axis',(-0.475163601035291,0.879897466896669,0.));
#2886=DIRECTION('center_axis',(0.,0.,-1.));
#2887=DIRECTION('ref_axis',(-0.475163601035291,0.879897466896669,0.));
#2888=DIRECTION('center_axis',(0.,0.,1.));
#2889=DIRECTION('ref_axis',(1.,0.,0.));
#2890=DIRECTION('center_axis',(-0.999754278325869,-0.0221671596990044,0.));
#2891=DIRECTION('ref_axis',(0.0221671596990044,-0.999754278325869,0.));
#2892=DIRECTION('',(0.,0.,1.));
#2893=DIRECTION('center_axis',(0.,0.,1.));
#2894=DIRECTION('ref_axis',(-0.650262085312645,-0.759709958079299,0.));
#2895=DIRECTION('center_axis',(0.998865230044867,0.0476261714545205,0.));
#2896=DIRECTION('ref_axis',(-0.0476261714545205,0.998865230044867,0.));
#2897=DIRECTION('',(0.,0.,1.));
#2898=DIRECTION('center_axis',(0.,0.,1.));
#2899=DIRECTION('ref_axis',(0.691136153710976,0.722724578960477,0.));
#2900=DIRECTION('center_axis',(-0.99980036008575,-0.0199809902758823,0.));
#2901=DIRECTION('ref_axis',(0.0199809902758823,-0.99980036008575,0.));
#2902=DIRECTION('',(0.,0.,-1.));
#2903=DIRECTION('center_axis',(0.,0.,1.));
#2904=DIRECTION('ref_axis',(-0.762971229355724,0.646432442854947,0.));
#2905=DIRECTION('',(0.,0.,1.));
#2906=DIRECTION('center_axis',(0.,0.,1.));
#2907=DIRECTION('ref_axis',(1.,0.,0.));
#2908=DIRECTION('',(0.,0.,-1.));
#2909=DIRECTION('center_axis',(0.,0.,1.));
#2910=DIRECTION('ref_axis',(0.716019822060456,0.698079948441805,0.));
#2911=DIRECTION('center_axis',(0.,0.,1.));
#2912=DIRECTION('ref_axis',(0.736197529482025,-0.676766723165791,0.));
#2913=DIRECTION('center_axis',(0.,0.,1.));
#2914=DIRECTION('ref_axis',(1.,0.,0.));
#2915=DIRECTION('center_axis',(0.,0.,1.));
#2916=DIRECTION('ref_axis',(1.,0.,0.));
#2917=DIRECTION('',(0.,0.,1.));
#2918=DIRECTION('center_axis',(0.,0.,-1.));
#2919=DIRECTION('ref_axis',(1.,0.,0.));
#2920=DIRECTION('center_axis',(0.,0.,-1.));
#2921=DIRECTION('ref_axis',(-1.,0.,0.));
#2922=DIRECTION('center_axis',(0.,0.,-1.));
#2923=DIRECTION('ref_axis',(-0.0348994967025001,0.999390827019096,0.));
#2924=DIRECTION('center_axis',(0.0476261714545205,-0.998865230044867,0.));
#2925=DIRECTION('ref_axis',(0.706304377656186,0.0336767887974474,-0.707106781186547));
#2926=DIRECTION('',(0.0476261714545205,-0.998865230044867,0.));
#2927=DIRECTION('center_axis',(-0.0476261714545245,0.998865230044867,0.));
#2928=DIRECTION('ref_axis',(0.998865230044867,0.0476261714545245,0.));
#2929=DIRECTION('center_axis',(0.999390827019096,0.0348994967025066,0.));
#2930=DIRECTION('ref_axis',(0.0348994967025066,-0.999390827019095,0.));
#2931=DIRECTION('center_axis',(0.,0.,-1.));
#2932=DIRECTION('ref_axis',(0.735682354239885,-0.677326711166819,0.));
#2933=DIRECTION('center_axis',(-0.999390827019096,-0.0348994967025,0.));
#2934=DIRECTION('ref_axis',(0.0246776707783356,-0.706676030840839,-0.707106781186543));
#2935=DIRECTION('center_axis',(0.999390827019096,0.0348994967025003,0.));
#2936=DIRECTION('ref_axis',(0.0348994967025003,-0.999390827019096,0.));
#2937=DIRECTION('',(-0.999390827019096,-0.0348994967025,0.));
#2938=DIRECTION('center_axis',(0.022167159699021,-0.999754278325868,0.));
#2939=DIRECTION('ref_axis',(-0.999754278325868,-0.022167159699021,0.));
#2940=DIRECTION('center_axis',(0.,0.,-1.));
#2941=DIRECTION('ref_axis',(-0.686642346056516,-0.726995384168292,0.));
#2942=DIRECTION('center_axis',(-0.0221671596990044,0.999754278325869,0.));
#2943=DIRECTION('ref_axis',(-0.706933029724485,-0.0156745489428145,-0.707106781186547));
#2944=DIRECTION('',(-0.0221671596990044,0.999754278325869,0.));
#2945=DIRECTION('center_axis',(0.,0.,-1.));
#2946=DIRECTION('ref_axis',(0.0348994967025064,-0.999390827019095,0.));
#2947=DIRECTION('',(0.,0.,-1.));
#2948=DIRECTION('center_axis',(0.,0.,1.));
#2949=DIRECTION('ref_axis',(0.0348994967025064,-0.999390827019095,0.));
#2950=DIRECTION('',(0.,0.,-1.));
#2951=DIRECTION('center_axis',(0.998865230044867,0.0476261714545205,0.));
#2952=DIRECTION('ref_axis',(0.0476261714545205,-0.998865230044867,0.));
#2953=DIRECTION('',(0.,0.,-1.));
#2954=DIRECTION('',(-0.0476261714545205,0.998865230044867,0.));
#2955=DIRECTION('center_axis',(0.,0.,-1.));
#2956=DIRECTION('ref_axis',(-0.0348994967024999,0.999390827019096,0.));
#2957=DIRECTION('',(0.,0.,-1.));
#2958=DIRECTION('center_axis',(0.,0.,1.));
#2959=DIRECTION('ref_axis',(1.,0.,0.));
#2960=DIRECTION('center_axis',(0.,0.,-1.));
#2961=DIRECTION('ref_axis',(1.,0.,0.));
#2962=DIRECTION('',(0.,0.,1.));
#2963=DIRECTION('center_axis',(0.,0.,-1.));
#2964=DIRECTION('ref_axis',(1.,0.,0.));
#2965=DIRECTION('center_axis',(-0.999754278325869,-0.0221671596990044,0.));
#2966=DIRECTION('ref_axis',(-0.0221671596990044,0.999754278325869,0.));
#2967=DIRECTION('',(0.,0.,-1.));
#2968=DIRECTION('',(-0.0221671596990044,0.999754278325869,0.));
#2969=DIRECTION('center_axis',(0.,0.,-1.));
#2970=DIRECTION('ref_axis',(-0.999754278325869,-0.0221671596990149,0.));
#2971=DIRECTION('',(0.,0.,-1.));
#2972=DIRECTION('center_axis',(0.,0.,1.));
#2973=DIRECTION('ref_axis',(-0.999754278325869,-0.0221671596990149,0.));
#2974=DIRECTION('center_axis',(0.0348994967025,-0.999390827019096,0.));
#2975=DIRECTION('ref_axis',(-0.999390827019096,-0.0348994967025,0.));
#2976=DIRECTION('',(0.999390827019096,0.0348994967025,0.));
#2977=DIRECTION('center_axis',(0.,0.,1.));
#2978=DIRECTION('ref_axis',(1.,0.,0.));
#2979=CARTESIAN_POINT('',(0.,0.,0.));
#2980=CARTESIAN_POINT('Origin',(12.38576970177,-110.913522765385,-2.));
#2981=CARTESIAN_POINT('',(13.8840675468373,-110.842083508204,-1.5));
#2982=CARTESIAN_POINT('',(14.3835001618597,-110.818270422476,-2.));
#2983=CARTESIAN_POINT('Origin',(13.8840675468373,-110.842083508204,-2.));
#2984=CARTESIAN_POINT('',(12.5819658353335,-112.903876270965,-2.));
#2985=CARTESIAN_POINT('Origin',(12.38576970177,-110.913522765385,-2.));
#2986=CARTESIAN_POINT('',(12.5329168019426,-112.40628789457,-1.5));
#2987=CARTESIAN_POINT('Origin',(12.5329168019426,-112.40628789457,-2.));
#2988=CARTESIAN_POINT('Origin',(12.38576970177,-110.913522765385,-1.5));
#2989=CARTESIAN_POINT('Origin',(12.0000001788139,-107.000001594424,-2.));
#2990=CARTESIAN_POINT('',(12.017605997225,-101.067539183517,-2.));
#2991=CARTESIAN_POINT('',(12.0161221495693,-101.567536981708,-1.5));
#2992=CARTESIAN_POINT('Origin',(12.0161221495693,-101.567536981708,-2.));
#2993=CARTESIAN_POINT('Origin',(12.0000001788139,-107.000001594424,-1.5));
#2994=CARTESIAN_POINT('Origin',(12.0000001788139,-107.000001594424,-2.));
#2995=CARTESIAN_POINT('Origin',(12.0116706066022,-103.067530376282,-2.));
#2996=CARTESIAN_POINT('',(14.0094010666919,-102.972278033373,-2.));
#2997=CARTESIAN_POINT('',(13.5099684516695,-102.9960911191,-1.5));
#2998=CARTESIAN_POINT('Origin',(13.5099684516695,-102.9960911191,-2.));
#2999=CARTESIAN_POINT('Origin',(12.0116706066022,-103.067530376282,-1.5));
#3000=CARTESIAN_POINT('Origin',(12.0116706066022,-103.067530376282,-2.));
#3001=CARTESIAN_POINT('Origin',(13.8262560867693,-109.629601891554,-2.));
#3002=CARTESIAN_POINT('',(14.3256887017918,-109.605788805827,-2.));
#3003=CARTESIAN_POINT('',(13.8262560867693,-109.629601891554,-1.5));
#3004=CARTESIAN_POINT('Origin',(12.0000001788139,-107.000001594424,-3.5));
#3005=CARTESIAN_POINT('',(12.5819658353335,-112.903876270965,-3.));
#3006=CARTESIAN_POINT('',(12.5819658353335,-112.903876270965,-3.5));
#3007=CARTESIAN_POINT('',(12.017605997225,-101.067539183517,-3.));
#3008=CARTESIAN_POINT('Origin',(12.0000001788139,-107.000001594424,-3.));
#3009=CARTESIAN_POINT('',(12.017605997225,-101.067539183517,-3.5));
#3010=CARTESIAN_POINT('Origin',(12.38576970177,-110.913522765385,-3.5));
#3011=CARTESIAN_POINT('',(14.3835001618597,-110.818270422476,-3.));
#3012=CARTESIAN_POINT('',(14.3835001618597,-110.818270422476,-3.5));
#3013=CARTESIAN_POINT('Origin',(12.38576970177,-110.913522765385,-3.));
#3014=CARTESIAN_POINT('Origin',(10.2631889793207,-107.000001594424,-1.5));
#3015=CARTESIAN_POINT('Origin',(6.29896247599803,-88.628063826089,-2.));
#3016=CARTESIAN_POINT('',(4.79933105850922,-88.6613145656375,-1.5));
#3017=CARTESIAN_POINT('',(4.29945391934629,-88.672398145487,-2.));
#3018=CARTESIAN_POINT('Origin',(4.79933105850922,-88.6613145656375,-2.));
#3019=CARTESIAN_POINT('',(6.47559339149974,-86.6358787142861,-2.));
#3020=CARTESIAN_POINT('Origin',(6.29896247599803,-88.628063826089,-2.));
#3021=CARTESIAN_POINT('',(6.43143566262431,-87.1339249922368,-1.5));
#3022=CARTESIAN_POINT('Origin',(6.43143566262431,-87.1339249922368,-2.));
#3023=CARTESIAN_POINT('Origin',(6.29896247599803,-88.628063826089,-1.5));
#3024=CARTESIAN_POINT('Origin',(6.00000008940697,-92.0000013709068,-2.));
#3025=CARTESIAN_POINT('',(6.71288228551782,-97.3377724262009,-2.));
#3026=CARTESIAN_POINT('',(6.64669283626052,-96.8421728329737,-1.5));
#3027=CARTESIAN_POINT('Origin',(6.64669283626052,-96.8421728329737,-2.));
#3028=CARTESIAN_POINT('Origin',(6.00000008940697,-92.0000013709068,-1.5));
#3029=CARTESIAN_POINT('Origin',(6.00000008940697,-92.0000013709068,-2.));
#3030=CARTESIAN_POINT('Origin',(6.44812448848861,-95.3553740532919,-2.));
#3031=CARTESIAN_POINT('',(4.44861593183687,-95.3997083726899,-2.));
#3032=CARTESIAN_POINT('',(4.94849307099981,-95.3886247928404,-1.5));
#3033=CARTESIAN_POINT('Origin',(4.94849307099981,-95.3886247928404,-2.));
#3034=CARTESIAN_POINT('Origin',(6.44812448848861,-95.3553740532919,-1.5));
#3035=CARTESIAN_POINT('Origin',(6.44812448848861,-95.3553740532919,-2.));
#3036=CARTESIAN_POINT('Origin',(4.81746004504746,-89.4789444333974,-2.));
#3037=CARTESIAN_POINT('',(4.31758290588452,-89.4900280132469,-2.));
#3038=CARTESIAN_POINT('',(4.81746004504746,-89.4789444333974,-1.5));
#3039=CARTESIAN_POINT('Origin',(6.00000008940697,-92.0000013709068,-3.5));
#3040=CARTESIAN_POINT('',(6.47559339149974,-86.6358787142861,-3.));
#3041=CARTESIAN_POINT('',(6.47559339149974,-86.6358787142861,-3.5));
#3042=CARTESIAN_POINT('',(6.71288228551782,-97.3377724262009,-3.));
#3043=CARTESIAN_POINT('Origin',(6.00000008940697,-92.0000013709068,-3.));
#3044=CARTESIAN_POINT('',(6.71288228551782,-97.3377724262009,-3.5));
#3045=CARTESIAN_POINT('Origin',(6.29896247599803,-88.628063826089,-3.5));
#3046=CARTESIAN_POINT('',(4.29945391934629,-88.672398145487,-3.));
#3047=CARTESIAN_POINT('',(4.29945391934629,-88.672398145487,-3.5));
#3048=CARTESIAN_POINT('Origin',(6.29896247599803,-88.628063826089,-3.));
#3049=CARTESIAN_POINT('Origin',(7.82270010960821,-92.0000013709068,-1.5));
#3050=CARTESIAN_POINT('Origin',(10.7957471043381,-77.5659275450361,-2.));
#3051=CARTESIAN_POINT('',(11.5235400343337,-76.2543188186819,-1.5));
#3052=CARTESIAN_POINT('',(11.7661376776656,-75.8171159098972,-2.));
#3053=CARTESIAN_POINT('Origin',(11.5235400343337,-76.2543188186819,-2.));
#3054=CARTESIAN_POINT('',(12.7934775644278,-77.470675202127,-2.));
#3055=CARTESIAN_POINT('Origin',(10.7957471043381,-77.5659275450361,-2.));
#3056=CARTESIAN_POINT('',(12.2940449494054,-77.4944882878543,-1.5));
#3057=CARTESIAN_POINT('Origin',(12.2940449494054,-77.4944882878543,-2.));
#3058=CARTESIAN_POINT('Origin',(10.7957471043381,-77.5659275450361,-1.5));
#3059=CARTESIAN_POINT('Origin',(12.4136062555231,-80.0020514173777,-2.));
#3060=CARTESIAN_POINT('',(12.9263115199214,-80.2566060351054,-2.));
#3061=CARTESIAN_POINT('',(12.426878904899,-80.2804191208326,-1.5));
#3062=CARTESIAN_POINT('Origin',(12.426878904899,-80.2804191208326,-2.));
#3063=CARTESIAN_POINT('',(12.4136062555231,-80.0020514173777,-1.5));
#3064=CARTESIAN_POINT('',(12.9130388705455,-79.9782383316505,-2.));
#3065=CARTESIAN_POINT('Origin',(10.9285810598317,-80.3518583780144,-2.));
#3066=CARTESIAN_POINT('',(12.0609588294229,-82.0004094348324,-2.));
#3067=CARTESIAN_POINT('',(11.7778643870251,-81.5882716706279,-1.5));
#3068=CARTESIAN_POINT('Origin',(11.7778643870251,-81.5882716706279,-2.));
#3069=CARTESIAN_POINT('Origin',(10.9285810598317,-80.3518583780144,-1.5));
#3070=CARTESIAN_POINT('Origin',(10.9285810598317,-80.3518583780144,-2.));
#3071=CARTESIAN_POINT('Origin',(10.0000001490116,-79.0000011771917,-2.));
#3072=CARTESIAN_POINT('Origin',(10.0000001490116,-79.0000011771917,-2.));
#3073=CARTESIAN_POINT('Origin',(10.0000001490116,-79.0000011771917,-1.5));
#3074=CARTESIAN_POINT('Origin',(12.9669465889038,-81.1088466475123,-3.5));
#3075=CARTESIAN_POINT('',(12.7934775644278,-77.470675202127,-3.));
#3076=CARTESIAN_POINT('',(12.7934775644278,-77.470675202127,-3.5));
#3077=CARTESIAN_POINT('',(12.9263115199214,-80.2566060351054,-3.));
#3078=CARTESIAN_POINT('',(12.4808937390752,-70.914844550962,-3.));
#3079=CARTESIAN_POINT('',(12.9263115199214,-80.2566060351054,-3.5));
#3080=CARTESIAN_POINT('Origin',(10.7957471043381,-77.5659275450361,-3.5));
#3081=CARTESIAN_POINT('',(11.7661376776656,-75.8171159098972,-3.));
#3082=CARTESIAN_POINT('',(11.7661376776656,-75.8171159098972,-3.5));
#3083=CARTESIAN_POINT('Origin',(10.7957471043381,-77.5659275450361,-3.));
#3084=CARTESIAN_POINT('Origin',(9.66344586951707,-79.0000011771917,-1.5));
#3085=CARTESIAN_POINT('Origin',(6.00000008940697,-70.0000010430813,-2.));
#3086=CARTESIAN_POINT('',(4.69722442481152,-70.0000010430813,-1.5));
#3087=CARTESIAN_POINT('Origin',(6.00000008940697,-70.0000010430813,-1.5));
#3088=CARTESIAN_POINT('',(4.19722442481152,-70.0000010430813,-2.));
#3089=CARTESIAN_POINT('Origin',(4.69722442481152,-70.0000010430813,-2.));
#3090=CARTESIAN_POINT('',(6.00000008940697,-68.1972253784858,-2.));
#3091=CARTESIAN_POINT('Origin',(6.00000008940697,-70.0000010430813,-2.));
#3092=CARTESIAN_POINT('Origin',(6.00000008940697,-70.0000010430813,-2.));
#3093=CARTESIAN_POINT('Origin',(6.00000008940697,-70.0000010430813,-3.5));
#3094=CARTESIAN_POINT('',(6.00000008940697,-68.1972253784858,-3.));
#3095=CARTESIAN_POINT('',(4.19722442481152,-70.0000010430813,-3.));
#3096=CARTESIAN_POINT('Origin',(6.00000008940697,-70.0000010430813,-3.));
#3097=CARTESIAN_POINT('',(6.00000008940697,-68.1972253784858,-3.5));
#3098=CARTESIAN_POINT('Origin',(6.00000008940697,-70.0000010430813,-3.));
#3099=CARTESIAN_POINT('Origin',(6.00000008940697,-70.0000010430813,-1.5));
#3100=CARTESIAN_POINT('Origin',(7.92992445820156,-63.4271377875843,-2.));
#3101=CARTESIAN_POINT('',(10.9280969392588,-63.3224392974768,-2.));
#3102=CARTESIAN_POINT('',(10.4285317508489,-63.3436181159236,-1.5));
#3103=CARTESIAN_POINT('Ctrl Pts',(10.9280969392588,-63.3224392974768,-2.00000000000001));
#3104=CARTESIAN_POINT('Ctrl Pts',(10.9280907010081,-63.3223142125862,-1.97363563469006));
#3105=CARTESIAN_POINT('Ctrl Pts',(10.9259974799237,-63.3222932099879,-1.94727154418396));
#3106=CARTESIAN_POINT('Ctrl Pts',(10.921843289519,-63.3223749923323,-1.92123634767861));
#3107=CARTESIAN_POINT('Ctrl Pts',(10.9176892906129,-63.3224567709068,-1.89520235133584));
#3108=CARTESIAN_POINT('Ctrl Pts',(10.9114745992441,-63.3226413206166,-1.86949776126731));
#3109=CARTESIAN_POINT('Ctrl Pts',(10.9032765945122,-63.3229247824006,-1.84444294679871));
#3110=CARTESIAN_POINT('Ctrl Pts',(10.8950751458041,-63.3232083632668,-1.81937760681944));
#3111=CARTESIAN_POINT('Ctrl Pts',(10.8848888845424,-63.3235909309751,-1.79496311260712));
#3112=CARTESIAN_POINT('Ctrl Pts',(10.8728447957078,-63.3240661525132,-1.77150400913037));
#3113=CARTESIAN_POINT('Ctrl Pts',(10.8608024578666,-63.3245413049627,-1.74804831618413));
#3114=CARTESIAN_POINT('Ctrl Pts',(10.8469030849173,-63.3251090717201,-1.72554822515026));
#3115=CARTESIAN_POINT('Ctrl Pts',(10.8313199287915,-63.3257608123416,-1.70428431954845));
#3116=CARTESIAN_POINT('Ctrl Pts',(10.8157387325962,-63.3264124709921,-1.68302308835854));
#3117=CARTESIAN_POINT('Ctrl Pts',(10.7984745025014,-63.3271480661385,-1.66299817451058));
#3118=CARTESIAN_POINT('Ctrl Pts',(10.7797423973916,-63.3279568673477,-1.64445923267615));
#3119=CARTESIAN_POINT('Ctrl Pts',(10.7610122812808,-63.3287655826774,-1.62592225933046));
#3120=CARTESIAN_POINT('Ctrl Pts',(10.7408149928917,-63.3296474690228,-1.60887132828609));
#3121=CARTESIAN_POINT('Ctrl Pts',(10.7194022048965,-63.3305899749302,-1.59351897199418));
#3122=CARTESIAN_POINT('Ctrl Pts',(10.6979815709585,-63.3315328261849,-1.57816099038577));
#3123=CARTESIAN_POINT('Ctrl Pts',(10.675344991474,-63.3325363192415,-1.56450315155123));
#3124=CARTESIAN_POINT('Ctrl Pts',(10.6517747497696,-63.3335863760276,-1.5527158188326));
#3125=CARTESIAN_POINT('Ctrl Pts',(10.6282108333164,-63.3346361510231,-1.54093164933316));
#3126=CARTESIAN_POINT('Ctrl Pts',(10.6037142482049,-63.335732440197,-1.53101722592848));
#3127=CARTESIAN_POINT('Ctrl Pts',(10.5785903155513,-63.336860016533,-1.52309615172272));
#3128=CARTESIAN_POINT('Ctrl Pts',(10.5534601865196,-63.3379878709659,-1.51517312392268));
#3129=CARTESIAN_POINT('Ctrl Pts',(10.5277029240871,-63.3391470018813,-1.50924459606229));
#3130=CARTESIAN_POINT('Ctrl Pts',(10.5016397239971,-63.3403213905612,-1.50538451541672));
#3131=CARTESIAN_POINT('Ctrl Pts',(10.477445881456,-63.341411547361,-1.50180129528211));
#3132=CARTESIAN_POINT('Ctrl Pts',(10.4529889109181,-63.3425148269162,-1.5));
#3133=CARTESIAN_POINT('Ctrl Pts',(10.4285317508489,-63.3436181159236,-1.5));
#3134=CARTESIAN_POINT('',(4.93175197714428,-63.5318362776918,-2.));
#3135=CARTESIAN_POINT('Origin',(7.92992445820156,-63.4271377875843,-2.));
#3136=CARTESIAN_POINT('',(5.4315803787611,-63.5181150414712,-1.5));
#3137=CARTESIAN_POINT('Ctrl Pts',(4.93175197714427,-63.5318362776918,-2.));
#3138=CARTESIAN_POINT('Ctrl Pts',(4.93175722206513,-63.5319864725739,-1.9736356704481));
#3139=CARTESIAN_POINT('Ctrl Pts',(4.9338507762849,-63.5320637407829,-1.9472716156982));
#3140=CARTESIAN_POINT('Ctrl Pts',(4.93800657722059,-63.532068057599,-1.92123645361342));
#3141=CARTESIAN_POINT('Ctrl Pts',(4.94216218648846,-63.5320723742161,-1.89520249228459));
#3142=CARTESIAN_POINT('Ctrl Pts',(4.9483797652575,-63.5320037466425,-1.86949793587573));
#3143=CARTESIAN_POINT('Ctrl Pts',(4.9565818542206,-63.531863984007,-1.84444315241265));
#3144=CARTESIAN_POINT('Ctrl Pts',(4.96478738835728,-63.5317241626661,-1.81937784503565));
#3145=CARTESIAN_POINT('Ctrl Pts',(4.97497893244077,-63.531513149911,-1.79496338068321));
#3146=CARTESIAN_POINT('Ctrl Pts',(4.98702939256237,-63.531234563586,-1.77150430307625));
#3147=CARTESIAN_POINT('Ctrl Pts',(4.99907810008799,-63.530956017778,-1.74804863731285));
#3148=CARTESIAN_POINT('Ctrl Pts',(5.01298493042358,-63.530609924664,-1.72554856936198));
#3149=CARTESIAN_POINT('Ctrl Pts',(5.02857649740359,-63.5302016304665,-1.7042846816177));
#3150=CARTESIAN_POINT('Ctrl Pts',(5.04416610243083,-63.5297933876465,-1.68302346959828));
#3151=CARTESIAN_POINT('Ctrl Pts',(5.06143969410298,-63.529322968873,-1.66299856954031));
#3152=CARTESIAN_POINT('Ctrl Pts',(5.08018195786973,-63.5287973271968,-1.64445963516732));
#3153=CARTESIAN_POINT('Ctrl Pts',(5.09892223037929,-63.5282717413671,-1.62592267044894));
#3154=CARTESIAN_POINT('Ctrl Pts',(5.11913047158994,-63.5276909564946,-1.60887174151461));
#3155=CARTESIAN_POINT('Ctrl Pts',(5.14055483608186,-63.527063369779,-1.59351938010175));
#3156=CARTESIAN_POINT('Ctrl Pts',(5.16198704896722,-63.5264355531594,-1.57816139465404));
#3157=CARTESIAN_POINT('Ctrl Pts',(5.18463583100543,-63.5257609148203,-1.56450354445711));
#3158=CARTESIAN_POINT('Ctrl Pts',(5.20821871351177,-63.5250491094227,-1.55271619241534));
#3159=CARTESIAN_POINT('Ctrl Pts',(5.23179526640433,-63.5243374950727,-1.54093200408291));
#3160=CARTESIAN_POINT('Ctrl Pts',(5.25630492555636,-63.5235887501825,-1.53101755373327));
#3161=CARTESIAN_POINT('Ctrl Pts',(5.28144217714361,-63.5228135359973,-1.52309644437602));
#3162=CARTESIAN_POINT('Ctrl Pts',(5.30658562751029,-63.5220381306463,-1.51517338169425));
#3163=CARTESIAN_POINT('Ctrl Pts',(5.33235645591019,-63.521236261079,-1.50924481060062));
#3164=CARTESIAN_POINT('Ctrl Pts',(5.35843327129525,-63.5204193508396,-1.50538467864681));
#3165=CARTESIAN_POINT('Ctrl Pts',(5.38264016331694,-63.5196610198216,-1.50180135008404));
#3166=CARTESIAN_POINT('Ctrl Pts',(5.40711023454599,-63.5188897475639,-1.5));
#3167=CARTESIAN_POINT('Ctrl Pts',(5.4315803787611,-63.5181150414712,-1.5));
#3168=CARTESIAN_POINT('Origin',(7.92992445820156,-63.4271377875843,-1.5));
#3169=CARTESIAN_POINT('Origin',(5.14105569028336,-48.9811023940367,-2.));
#3170=CARTESIAN_POINT('',(4.58871943200262,-46.3673185326565,-2.));
#3171=CARTESIAN_POINT('',(4.64115551024048,-48.9910928891746,-2.));
#3172=CARTESIAN_POINT('',(5.0886196120455,-46.3573280375185,-1.5));
#3173=CARTESIAN_POINT('Origin',(5.0886196120455,-46.3573280375185,-2.));
#3174=CARTESIAN_POINT('',(5.14105569028336,-48.9811023940367,-1.5));
#3175=CARTESIAN_POINT('Origin',(7.088220332217,-46.3173660569667,-2.));
#3176=CARTESIAN_POINT('',(7.07723729200894,-43.8173901825176,-2.));
#3177=CARTESIAN_POINT('',(7.07943390005055,-44.3173853574074,-1.5));
#3178=CARTESIAN_POINT('Origin',(7.07943390005055,-44.3173853574074,-2.));
#3179=CARTESIAN_POINT('Origin',(7.088220332217,-46.3173660569667,-1.5));
#3180=CARTESIAN_POINT('Origin',(7.088220332217,-46.3173660569667,-2.));
#3181=CARTESIAN_POINT('Origin',(7.05307460355122,-38.3174432587295,-2.));
#3182=CARTESIAN_POINT('',(7.41262767737148,-43.8056780921806,-2.));
#3183=CARTESIAN_POINT('',(7.44531432044605,-44.3046085315853,-1.5));
#3184=CARTESIAN_POINT('Origin',(7.44531432044605,-44.3046085315853,-2.));
#3185=CARTESIAN_POINT('Origin',(7.05307460355122,-38.3174432587295,-1.5));
#3186=CARTESIAN_POINT('Origin',(7.05307460355122,-38.3174432587295,-2.));
#3187=CARTESIAN_POINT('Origin',(7.57606089274433,-46.3003302892039,-2.));
#3188=CARTESIAN_POINT('',(10.0729576429492,-46.1758047142542,-2.));
#3189=CARTESIAN_POINT('',(9.5735782929082,-46.2007098292441,-1.5));
#3190=CARTESIAN_POINT('Origin',(9.5735782929082,-46.2007098292441,-2.));
#3191=CARTESIAN_POINT('Origin',(7.57606089274433,-46.3003302892039,-1.5));
#3192=CARTESIAN_POINT('Origin',(7.57606089274433,-46.3003302892039,-2.));
#3193=CARTESIAN_POINT('Origin',(10.2107829835733,-58.9774773485238,-2.));
#3194=CARTESIAN_POINT('',(10.2107829835733,-58.9774773485238,-1.5));
#3195=CARTESIAN_POINT('',(10.7101623336142,-58.9525722335338,-2.));
#3196=CARTESIAN_POINT('Origin',(7.088220332217,-46.3173660569667,-3.5));
#3197=CARTESIAN_POINT('',(4.58871943200262,-46.3673185326565,-3.));
#3198=CARTESIAN_POINT('',(4.58871943200262,-46.3673185326565,-3.5));
#3199=CARTESIAN_POINT('',(7.07723729200894,-43.8173901825176,-3.));
#3200=CARTESIAN_POINT('Origin',(7.088220332217,-46.3173660569667,-3.));
#3201=CARTESIAN_POINT('',(7.07723729200894,-43.8173901825176,-3.5));
#3202=CARTESIAN_POINT('Origin',(4.52546530243504,-43.2022350885735,-3.5));
#3203=CARTESIAN_POINT('',(4.93175197714428,-63.5318362776918,-3.));
#3204=CARTESIAN_POINT('',(4.93175197714428,-63.5318362776918,-3.5));
#3205=CARTESIAN_POINT('',(4.70286098595112,-52.0786854450462,-3.));
#3206=CARTESIAN_POINT('Origin',(7.92992445820156,-63.4271377875843,-3.5));
#3207=CARTESIAN_POINT('',(10.9280969392588,-63.3224392974768,-3.));
#3208=CARTESIAN_POINT('',(10.9280969392588,-63.3224392974768,-3.5));
#3209=CARTESIAN_POINT('Origin',(7.92992445820156,-63.4271377875843,-3.));
#3210=CARTESIAN_POINT('Origin',(7.7276948803183,-54.7205783284602,-1.5));
#3211=CARTESIAN_POINT('Origin',(9.23285041704984,-39.3686809365558,-2.));
#3212=CARTESIAN_POINT('',(9.72394560943358,-39.1776678847757,-2.));
#3213=CARTESIAN_POINT('',(9.22456625939262,-39.2025729997656,-1.5));
#3214=CARTESIAN_POINT('Origin',(9.22456625939262,-39.2025729997656,-2.));
#3215=CARTESIAN_POINT('',(9.1257234837305,-37.2206491625806,-1.5));
#3216=CARTESIAN_POINT('',(9.23285041704984,-39.3686809365558,-1.5));
#3217=CARTESIAN_POINT('',(9.62510283377146,-37.1957440475906,-2.));
#3218=CARTESIAN_POINT('Origin',(9.1257234837305,-37.2206491625806,-2.));
#3219=CARTESIAN_POINT('',(9.7322297670908,-39.3437758215658,-2.));
#3220=CARTESIAN_POINT('Origin',(7.12820608356663,-37.3202696225403,-2.));
#3221=CARTESIAN_POINT('',(7.27846904359746,-35.325922350162,-1.5));
#3222=CARTESIAN_POINT('',(7.31603478360516,-34.8273355320675,-2.));
#3223=CARTESIAN_POINT('Origin',(7.27846904359746,-35.325922350162,-2.));
#3224=CARTESIAN_POINT('Origin',(7.12820608356663,-37.3202696225403,-2.));
#3225=CARTESIAN_POINT('Origin',(7.12820608356663,-37.3202696225403,-1.5));
#3226=CARTESIAN_POINT('Origin',(7.05307460355122,-38.3174432587295,-2.));
#3227=CARTESIAN_POINT('',(6.6195512633192,-35.3489322660811,-1.5));
#3228=CARTESIAN_POINT('',(6.54729737328053,-34.8541804339731,-2.));
#3229=CARTESIAN_POINT('Origin',(6.6195512633192,-35.3489322660811,-2.));
#3230=CARTESIAN_POINT('Origin',(7.05307460355122,-38.3174432587295,-2.));
#3231=CARTESIAN_POINT('Origin',(7.05307460355122,-38.3174432587295,-1.5));
#3232=CARTESIAN_POINT('Origin',(6.90856682347388,-37.3279395945134,-2.));
#3233=CARTESIAN_POINT('',(4.90896610330238,-37.3679015750651,-1.5));
#3234=CARTESIAN_POINT('',(4.4090659232595,-37.3778920702031,-2.));
#3235=CARTESIAN_POINT('Origin',(4.90896610330238,-37.3679015750651,-2.));
#3236=CARTESIAN_POINT('Origin',(6.90856682347388,-37.3279395945134,-2.));
#3237=CARTESIAN_POINT('Origin',(6.90856682347388,-37.3279395945134,-1.5));
#3238=CARTESIAN_POINT('Origin',(4.90566610201384,-37.2027775030844,-2.));
#3239=CARTESIAN_POINT('',(4.94861612178541,-39.3518924688792,-1.5));
#3240=CARTESIAN_POINT('',(4.44871594174253,-39.3618829640171,-2.));
#3241=CARTESIAN_POINT('Origin',(4.94861612178541,-39.3518924688792,-2.));
#3242=CARTESIAN_POINT('',(4.40576592197097,-37.2127679982224,-2.));
#3243=CARTESIAN_POINT('',(4.90566610201384,-37.2027775030844,-1.5));
#3244=CARTESIAN_POINT('Origin',(6.94821684195691,-39.3119304883274,-2.));
#3245=CARTESIAN_POINT('',(6.73850131876828,-41.3009049475234,-1.5));
#3246=CARTESIAN_POINT('',(6.68607243797112,-41.7981485623223,-2.));
#3247=CARTESIAN_POINT('Origin',(6.73850131876828,-41.3009049475234,-2.));
#3248=CARTESIAN_POINT('Origin',(6.94821684195691,-39.3119304883274,-2.));
#3249=CARTESIAN_POINT('Origin',(6.94821684195691,-39.3119304883274,-1.5));
#3250=CARTESIAN_POINT('Origin',(7.05307460355122,-38.3174432587295,-2.));
#3251=CARTESIAN_POINT('',(7.57499737058381,-41.2716938617172,-1.5));
#3252=CARTESIAN_POINT('',(7.66198449842258,-41.7640689622151,-2.));
#3253=CARTESIAN_POINT('Origin',(7.57499737058381,-41.2716938617172,-2.));
#3254=CARTESIAN_POINT('Origin',(7.05307460355122,-38.3174432587295,-2.));
#3255=CARTESIAN_POINT('Origin',(7.05307460355122,-38.3174432587295,-1.5));
#3256=CARTESIAN_POINT('Origin',(7.22704885922875,-39.3021934597254,-2.));
#3257=CARTESIAN_POINT('Origin',(7.22704885922875,-39.3021934597254,-1.5));
#3258=CARTESIAN_POINT('Origin',(7.22704885922875,-39.3021934597254,-2.));
#3259=CARTESIAN_POINT('Origin',(6.94821684195691,-39.3119304883274,-3.5));
#3260=CARTESIAN_POINT('',(6.68607243797112,-41.7981485623223,-3.));
#3261=CARTESIAN_POINT('',(6.68607243797112,-41.7981485623223,-3.5));
#3262=CARTESIAN_POINT('',(4.44871594174253,-39.3618829640171,-3.));
#3263=CARTESIAN_POINT('Origin',(6.94821684195691,-39.3119304883274,-3.));
#3264=CARTESIAN_POINT('',(4.44871594174253,-39.3618829640171,-3.5));
#3265=CARTESIAN_POINT('Origin',(7.05307460355122,-38.3174432587295,-3.5));
#3266=CARTESIAN_POINT('',(7.66198449842258,-41.7640689622151,-3.));
#3267=CARTESIAN_POINT('',(7.66198449842258,-41.7640689622151,-3.5));
#3268=CARTESIAN_POINT('Origin',(7.05307460355122,-38.3174432587295,-3.));
#3269=CARTESIAN_POINT('Origin',(7.22704885922875,-39.3021934597254,-3.5));
#3270=CARTESIAN_POINT('',(9.72394560943358,-39.1776678847757,-3.));
#3271=CARTESIAN_POINT('',(9.72394560943358,-39.1776678847757,-3.5));
#3272=CARTESIAN_POINT('Origin',(7.22704885922875,-39.3021934597254,-3.));
#3273=CARTESIAN_POINT('Origin',(9.78985302640903,-40.4991957341904,-3.5));
#3274=CARTESIAN_POINT('',(9.62510283377146,-37.1957440475906,-3.));
#3275=CARTESIAN_POINT('',(9.62510283377146,-37.1957440475906,-3.5));
#3276=CARTESIAN_POINT('',(10.2954043452063,-50.6361450755325,-3.));
#3277=CARTESIAN_POINT('Origin',(7.08624034837945,-38.3174432587295,-1.5));
#3278=CARTESIAN_POINT('Origin',(4.5175556705083,-17.7826715015992,-2.));
#3279=CARTESIAN_POINT('',(3.92759538810792,-13.2862725974553,-2.));
#3280=CARTESIAN_POINT('',(4.42742102051984,-13.2725519194161,-1.5));
#3281=CARTESIAN_POINT('Ctrl Pts',(3.92759538810792,-13.2862725974553,-2.));
#3282=CARTESIAN_POINT('Ctrl Pts',(3.92759288568168,-13.2861473821069,-1.97363563469005));
#3283=CARTESIAN_POINT('Ctrl Pts',(3.92967954271756,-13.2859804149483,-1.94727154418395));
#3284=CARTESIAN_POINT('Ctrl Pts',(3.9338293185712,-13.2857722164011,-1.92123634767861));
#3285=CARTESIAN_POINT('Ctrl Pts',(3.93797890312974,-13.2855640274515,-1.89520235133583));
#3286=CARTESIAN_POINT('Ctrl Pts',(3.94419132935963,-13.2853146126521,-1.8694977612673));
#3287=CARTESIAN_POINT('Ctrl Pts',(3.95238913745853,-13.2850255200357,-1.8444429467987));
#3288=CARTESIAN_POINT('Ctrl Pts',(3.96059038945109,-13.2847363059717,-1.81937760681943));
#3289=CARTESIAN_POINT('Ctrl Pts',(3.97077852406664,-13.284407384098,-1.79496311260711));
#3290=CARTESIAN_POINT('Ctrl Pts',(3.98282642388485,-13.2840412948538,-1.77150400913036));
#3291=CARTESIAN_POINT('Ctrl Pts',(3.99487257215573,-13.2836752588323,-1.74804831618412));
#3292=CARTESIAN_POINT('Ctrl Pts',(4.00877769233804,-13.2832720712943,-1.72554822515025));
#3293=CARTESIAN_POINT('Ctrl Pts',(4.02436835180627,-13.2828351982872,-1.70428431954844));
#3294=CARTESIAN_POINT('Ctrl Pts',(4.03995705040023,-13.2823983802267,-1.68302308835853));
#3295=CARTESIAN_POINT('Ctrl Pts',(4.05723053822174,-13.281927891687,-1.66299817451057));
#3296=CARTESIAN_POINT('Ctrl Pts',(4.07597343198531,-13.2814280370988,-1.64445923267614));
#3297=CARTESIAN_POINT('Ctrl Pts',(4.09471433560427,-13.2809282355859,-1.62592225933045));
#3298=CARTESIAN_POINT('Ctrl Pts',(4.11492394169571,-13.2803990820833,-1.60887132828608));
#3299=CARTESIAN_POINT('Ctrl Pts',(4.13635031510414,-13.2798456115101,-1.59351897199418));
#3300=CARTESIAN_POINT('Ctrl Pts',(4.15778453943328,-13.2792919381376,-1.57816099038576));
#3301=CARTESIAN_POINT('Ctrl Pts',(4.18043597748486,-13.2787139387731,-1.56450315155123));
#3302=CARTESIAN_POINT('Ctrl Pts',(4.20402205152378,-13.2781172607271,-1.55271581883259));
#3303=CARTESIAN_POINT('Ctrl Pts',(4.22760179606271,-13.277520742804,-1.54093164933315));
#3304=CARTESIAN_POINT('Ctrl Pts',(4.25211518199105,-13.2769055660764,-1.53101722592847));
#3305=CARTESIAN_POINT('Ctrl Pts',(4.27725656975644,-13.2762778387446,-1.52309615172272));
#3306=CARTESIAN_POINT('Ctrl Pts',(4.30240415820499,-13.2756499565949,-1.51517312392267));
#3307=CARTESIAN_POINT('Ctrl Pts',(4.32817953412607,-13.275009528125,-1.50924459606229));
#3308=CARTESIAN_POINT('Ctrl Pts',(4.35426116678368,-13.2743629791203,-1.50538451541672));
#3309=CARTESIAN_POINT('Ctrl Pts',(4.3784721198345,-13.273762803211,-1.50180129528211));
#3310=CARTESIAN_POINT('Ctrl Pts',(4.40294647531268,-13.2731573632094,-1.5));
#3311=CARTESIAN_POINT('Ctrl Pts',(4.42742102051984,-13.2725519194161,-1.5));
#3312=CARTESIAN_POINT('',(4.76896261304228,-30.3624660064258,-1.5));
#3313=CARTESIAN_POINT('',(4.5175556705083,-17.7826715015992,-1.5));
#3314=CARTESIAN_POINT('',(4.26906243299941,-30.3724565015638,-2.));
#3315=CARTESIAN_POINT('Origin',(4.76896261304228,-30.3624660064258,-2.));
#3316=CARTESIAN_POINT('',(4.01765549046542,-17.7926619967372,-2.));
#3317=CARTESIAN_POINT('Origin',(6.17622474890088,-13.2077487298747,-2.));
#3318=CARTESIAN_POINT('',(8.42485410969385,-13.1292248622941,-2.));
#3319=CARTESIAN_POINT('',(7.9252849267882,-13.1504033366094,-1.5));
#3320=CARTESIAN_POINT('Ctrl Pts',(8.42485410969384,-13.1292248622941,-2.));
#3321=CARTESIAN_POINT('Ctrl Pts',(8.42485972921281,-13.1293857842626,-1.97363570766464));
#3322=CARTESIAN_POINT('Ctrl Pts',(8.42277703921762,-13.1296196297412,-1.94727169012934));
#3323=CARTESIAN_POINT('Ctrl Pts',(8.41863202310577,-13.1299241558885,-1.92123656386905));
#3324=CARTESIAN_POINT('Ctrl Pts',(8.41448719826292,-13.1302286679837,-1.89520263898228));
#3325=CARTESIAN_POINT('Ctrl Pts',(8.40828032440703,-13.1306038475304,-1.86949811760598));
#3326=CARTESIAN_POINT('Ctrl Pts',(8.40008878495539,-13.1310457125231,-1.84444336641304));
#3327=CARTESIAN_POINT('Ctrl Pts',(8.39189380530024,-13.131487763086,-1.81937809296804));
#3328=CARTESIAN_POINT('Ctrl Pts',(8.38171266022215,-13.131996545785,-1.79496365969336));
#3329=CARTESIAN_POINT('Ctrl Pts',(8.36967237408319,-13.1325664528808,-1.77150460901133));
#3330=CARTESIAN_POINT('Ctrl Pts',(8.35763383976391,-13.133136277057,-1.74804897153944));
#3331=CARTESIAN_POINT('Ctrl Pts',(8.343736957709,-13.1337671958752,-1.72554892761303));
#3332=CARTESIAN_POINT('Ctrl Pts',(8.32815505392863,-13.134452144444,-1.70428505845464));
#3333=CARTESIAN_POINT('Ctrl Pts',(8.3125751118881,-13.1351370067787,-1.68302386638756));
#3334=CARTESIAN_POINT('Ctrl Pts',(8.29531089825037,-13.1358758711545,-1.66299898068204));
#3335=CARTESIAN_POINT('Ctrl Pts',(8.27657767937318,-13.1366604118839,-1.64446005407483));
#3336=CARTESIAN_POINT('Ctrl Pts',(8.25784645201919,-13.137444869209,-1.62592309833564));
#3337=CARTESIAN_POINT('Ctrl Pts',(8.23764692295375,-13.1382749773164,-1.60887217159745));
#3338=CARTESIAN_POINT('Ctrl Pts',(8.21623090351469,-13.1391413749979,-1.59351980485485));
#3339=CARTESIAN_POINT('Ctrl Pts',(8.1948070406027,-13.1400080899918,-1.5781618154113));
#3340=CARTESIAN_POINT('Ctrl Pts',(8.17216624129406,-13.1409111039849,-1.56450395338866));
#3341=CARTESIAN_POINT('Ctrl Pts',(8.14859095591039,-13.1418402545056,-1.55271658123577));
#3342=CARTESIAN_POINT('Ctrl Pts',(8.12502199911092,-13.1427691556037,-1.54093237330237));
#3343=CARTESIAN_POINT('Ctrl Pts',(8.10051955067866,-13.1437241610744,-1.53101789490899));
#3344=CARTESIAN_POINT('Ctrl Pts',(8.07538912297086,-13.1446945914272,-1.52309674896678));
#3345=CARTESIAN_POINT('Ctrl Pts',(8.0502524990858,-13.1456652610501,-1.51517364998084));
#3346=CARTESIAN_POINT('Ctrl Pts',(8.02448811016904,-13.1466513446335,-1.50924503389096));
#3347=CARTESIAN_POINT('Ctrl Pts',(7.99841736319859,-13.1476419045657,-1.5053848485366));
#3348=CARTESIAN_POINT('Ctrl Pts',(7.97421567705383,-13.1485614493955,-1.50180140712188));
#3349=CARTESIAN_POINT('Ctrl Pts',(7.94975048282343,-13.1494848376689,-1.5));
#3350=CARTESIAN_POINT('Ctrl Pts',(7.9252849267882,-13.1504033366094,-1.5));
#3351=CARTESIAN_POINT('Origin',(6.17622474890088,-13.2077487298747,-1.5));
#3352=CARTESIAN_POINT('Origin',(6.17622474890088,-13.2077487298747,-2.));
#3353=CARTESIAN_POINT('Origin',(6.76856333321378,-30.322504025874,-2.));
#3354=CARTESIAN_POINT('',(6.83969115079814,-32.3212388340879,-1.5));
#3355=CARTESIAN_POINT('',(6.85747310519423,-32.8209225361414,-2.));
#3356=CARTESIAN_POINT('Origin',(6.83969115079814,-32.3212388340879,-2.));
#3357=CARTESIAN_POINT('Origin',(6.76856333321378,-30.322504025874,-2.));
#3358=CARTESIAN_POINT('Origin',(6.76856333321378,-30.322504025874,-1.5));
#3359=CARTESIAN_POINT('Origin',(7.05307460355122,-38.3174432587295,-2.));
#3360=CARTESIAN_POINT('',(6.84766418842609,-32.3209604094788,-1.5));
#3361=CARTESIAN_POINT('',(6.86478172301985,-32.820667313583,-2.));
#3362=CARTESIAN_POINT('Origin',(6.84766418842609,-32.3209604094788,-2.));
#3363=CARTESIAN_POINT('Origin',(7.05307460355122,-38.3174432587295,-2.));
#3364=CARTESIAN_POINT('Origin',(7.05307460355122,-38.3174432587295,-1.5));
#3365=CARTESIAN_POINT('Origin',(6.77919405005105,-30.3221327930618,-2.));
#3366=CARTESIAN_POINT('',(8.77671145021491,-30.2225123331021,-1.5));
#3367=CARTESIAN_POINT('',(9.27609080025588,-30.1976072181121,-2.));
#3368=CARTESIAN_POINT('Origin',(8.77671145021491,-30.2225123331021,-2.));
#3369=CARTESIAN_POINT('Origin',(6.77919405005105,-30.3221327930618,-2.));
#3370=CARTESIAN_POINT('Origin',(6.77919405005105,-30.3221327930618,-1.5));
#3371=CARTESIAN_POINT('Origin',(8.65458446172059,-27.7737103034229,-2.));
#3372=CARTESIAN_POINT('',(9.15396381176156,-27.748805188433,-2.));
#3373=CARTESIAN_POINT('',(8.65458446172059,-27.7737103034229,-1.5));
#3374=CARTESIAN_POINT('Origin',(9.43377581473392,-33.3593930630302,-3.5));
#3375=CARTESIAN_POINT('',(8.42485410969385,-13.1292248622941,-3.));
#3376=CARTESIAN_POINT('',(8.42485410969385,-13.1292248622941,-3.5));
#3377=CARTESIAN_POINT('',(9.27609080025588,-30.1976072181121,-3.));
#3378=CARTESIAN_POINT('',(10.1173657393687,-47.0662437399524,-3.));
#3379=CARTESIAN_POINT('',(9.27609080025588,-30.1976072181121,-3.5));
#3380=CARTESIAN_POINT('Origin',(6.17622474890088,-13.2077487298747,-3.5));
#3381=CARTESIAN_POINT('',(3.92759538810792,-13.2862725974553,-3.));
#3382=CARTESIAN_POINT('',(3.92759538810792,-13.2862725974553,-3.5));
#3383=CARTESIAN_POINT('Origin',(6.17622474890088,-13.2077487298747,-3.));
#3384=CARTESIAN_POINT('Origin',(3.92759538810792,-13.2862725974553,-3.5));
#3385=CARTESIAN_POINT('',(4.26906243299941,-30.3724565015638,-3.));
#3386=CARTESIAN_POINT('',(4.26906243299941,-30.3724565015638,-3.5));
#3387=CARTESIAN_POINT('',(4.40392602878756,-37.1207041994871,-3.));
#3388=CARTESIAN_POINT('Origin',(6.6800002818174,-22.2476443377607,-1.5));
#3389=CARTESIAN_POINT('Origin',(3.90402584874469,-37.1306946946251,-3.));
#3390=CARTESIAN_POINT('',(3.76916225295653,-30.3824469967017,-3.5));
#3391=CARTESIAN_POINT('Origin',(3.76916225295653,-30.3824469967017,-3.));
#3392=CARTESIAN_POINT('',(3.42776602270403,-13.2998064856173,-3.5));
#3393=CARTESIAN_POINT('',(3.90402584874469,-37.1306946946251,-3.5));
#3394=CARTESIAN_POINT('Ctrl Pts',(3.42776602270404,-13.2998064856173,-3.5));
#3395=CARTESIAN_POINT('Ctrl Pts',(3.4317033159069,-13.2997012085751,-3.5));
#3396=CARTESIAN_POINT('Ctrl Pts',(3.4356404709466,-13.2995959066584,-3.49995346203719));
#3397=CARTESIAN_POINT('Ctrl Pts',(3.50288062735032,-13.2977970315783,-3.49836365567738));
#3398=CARTESIAN_POINT('Ctrl Pts',(3.56532738602806,-13.2961186896361,-3.48484686737243));
#3399=CARTESIAN_POINT('Ctrl Pts',(3.68346936697391,-13.292929721896,-3.43452339948209));
#3400=CARTESIAN_POINT('Ctrl Pts',(3.7377988310704,-13.2914556320435,-3.39755953206288));
#3401=CARTESIAN_POINT('Ctrl Pts',(3.82923449048686,-13.2889664725269,-3.3048807507367));
#3402=CARTESIAN_POINT('Ctrl Pts',(3.86546705443192,-13.2879754350415,-3.2500523727275));
#3403=CARTESIAN_POINT('Ctrl Pts',(3.91488357319129,-13.2866219171604,-3.12958887061679));
#3404=CARTESIAN_POINT('Ctrl Pts',(3.92759538810793,-13.2862725974559,-3.06510571376717));
#3405=CARTESIAN_POINT('Ctrl Pts',(3.92759538810794,-13.286272597456,-3.));
#3406=CARTESIAN_POINT('Origin',(6.76856333321378,-30.322504025874,-3.));
#3407=CARTESIAN_POINT('',(6.85747310519423,-32.8209225361414,-3.));
#3408=CARTESIAN_POINT('',(6.87525505959032,-33.3206062381948,-3.5));
#3409=CARTESIAN_POINT('Origin',(6.87525505959032,-33.3206062381948,-3.));
#3410=CARTESIAN_POINT('Origin',(6.76856333321378,-30.322504025874,-3.5));
#3411=CARTESIAN_POINT('Origin',(6.76856333321378,-30.322504025874,-3.));
#3412=CARTESIAN_POINT('Origin',(7.05307460355122,-38.3174432587295,-3.));
#3413=CARTESIAN_POINT('',(6.86478172301985,-32.820667313583,-3.));
#3414=CARTESIAN_POINT('',(6.88189925761361,-33.3203742176872,-3.5));
#3415=CARTESIAN_POINT('Origin',(6.88189925761361,-33.3203742176872,-3.));
#3416=CARTESIAN_POINT('Origin',(7.05307460355122,-38.3174432587295,-3.5));
#3417=CARTESIAN_POINT('Origin',(7.05307460355122,-38.3174432587295,-3.));
#3418=CARTESIAN_POINT('Origin',(6.77919405005105,-30.3221327930618,-3.));
#3419=CARTESIAN_POINT('',(9.77547015029685,-30.1727021031222,-3.5));
#3420=CARTESIAN_POINT('Origin',(9.77547015029685,-30.1727021031222,-3.));
#3421=CARTESIAN_POINT('Origin',(6.77919405005105,-30.3221327930618,-3.5));
#3422=CARTESIAN_POINT('Origin',(6.77919405005105,-30.3221327930618,-3.));
#3423=CARTESIAN_POINT('Origin',(10.6167450894097,-47.0413386249625,-3.));
#3424=CARTESIAN_POINT('',(8.92440999219953,-13.1078594485873,-3.5));
#3425=CARTESIAN_POINT('',(10.6167450894097,-47.0413386249625,-3.5));
#3426=CARTESIAN_POINT('Ctrl Pts',(8.42485410969383,-13.1292248622936,-3.));
#3427=CARTESIAN_POINT('Ctrl Pts',(8.42485410969386,-13.1292248622945,-3.06510571376712));
#3428=CARTESIAN_POINT('Ctrl Pts',(8.43755932657901,-13.1286865996887,-3.12958887061675));
#3429=CARTESIAN_POINT('Ctrl Pts',(8.48694988581675,-13.1265896983761,-3.2500523727272));
#3430=CARTESIAN_POINT('Ctrl Pts',(8.52316332033734,-13.1250508658479,-3.30488075073638));
#3431=CARTESIAN_POINT('Ctrl Pts',(8.61454988207321,-13.1211557327217,-3.3975595320625));
#3432=CARTESIAN_POINT('Ctrl Pts',(8.66884982963577,-13.1188363999309,-3.43452339948174));
#3433=CARTESIAN_POINT('Ctrl Pts',(8.78692647380013,-13.113776431511,-3.48484686737311));
#3434=CARTESIAN_POINT('Ctrl Pts',(8.84933819053754,-13.1110946194573,-3.49836365567772));
#3435=CARTESIAN_POINT('Ctrl Pts',(8.91654003647118,-13.1081986763196,-3.49995346203719));
#3436=CARTESIAN_POINT('Ctrl Pts',(8.92047494629049,-13.1080290796846,-3.5));
#3437=CARTESIAN_POINT('Ctrl Pts',(8.92440999219954,-13.1078594485873,-3.5));
#3438=CARTESIAN_POINT('Origin',(6.17622474890088,-13.2077487298747,-3.));
#3439=CARTESIAN_POINT('Origin',(6.17622474890088,-13.2077487298747,-3.5));
#3440=CARTESIAN_POINT('Origin',(7.05307460355122,-38.3174432587295,-3.5));
#3441=CARTESIAN_POINT('',(6.86478172301985,-32.820667313583,-3.5));
#3442=CARTESIAN_POINT('',(6.85747310519423,-32.8209225361414,-3.5));
#3443=CARTESIAN_POINT('Origin',(6.76856333321378,-30.322504025874,-3.5));
#3444=CARTESIAN_POINT('Origin',(8.66905884468226,-60.8794166655369,-3.5));
#3445=CARTESIAN_POINT('',(12.0087353209974,-75.3799130011124,-3.5));
#3446=CARTESIAN_POINT('',(13.2929101794503,-77.4468621163998,-3.5));
#3447=CARTESIAN_POINT('Origin',(10.7957471043381,-77.5659275450361,-3.5));
#3448=CARTESIAN_POINT('',(12.3440532718207,-82.4125471990369,-3.5));
#3449=CARTESIAN_POINT('Origin',(10.0000001490116,-79.0000011771917,-3.5));
#3450=CARTESIAN_POINT('',(13.4257441349438,-80.2327929493781,-3.5));
#3451=CARTESIAN_POINT('Origin',(10.9285810598317,-80.3518583780144,-3.5));
#3452=CARTESIAN_POINT('',(14.5088336817144,-102.948464947646,-3.5));
#3453=CARTESIAN_POINT('',(11.0444737735491,-30.2903328546179,-3.5));
#3454=CARTESIAN_POINT('',(12.0190898448806,-100.567541385326,-3.5));
#3455=CARTESIAN_POINT('Origin',(12.0116706066022,-103.067530376282,-3.5));
#3456=CARTESIAN_POINT('',(12.6310148687243,-113.40146464736,-3.5));
#3457=CARTESIAN_POINT('Origin',(12.0000001788139,-107.000001594424,-3.5));
#3458=CARTESIAN_POINT('',(14.8829327768821,-110.794457336749,-3.5));
#3459=CARTESIAN_POINT('Origin',(12.38576970177,-110.913522765385,-3.5));
#3460=CARTESIAN_POINT('',(15.5026655344318,-123.79213244963,-3.5));
#3461=CARTESIAN_POINT('',(11.0444737735491,-30.2903328546179,-3.5));
#3462=CARTESIAN_POINT('',(14.0567169344183,-125.36265794734,-3.5));
#3463=CARTESIAN_POINT('Origin',(14.0043676893645,-123.863571706812,-3.5));
#3464=CARTESIAN_POINT('',(6.13846002637818,-125.639169571602,-3.5));
#3465=CARTESIAN_POINT('',(12.4906997874837,-125.417344471149,-3.5));
#3466=CARTESIAN_POINT('',(4.58647936383562,-124.173334070622,-3.5));
#3467=CARTESIAN_POINT('Origin',(6.08611078132445,-124.140083331074,-3.5));
#3468=CARTESIAN_POINT('',(3.94873879267394,-95.4107919525394,-3.5));
#3469=CARTESIAN_POINT('',(3.88613161075414,-92.587164621472,-3.5));
#3470=CARTESIAN_POINT('',(6.77907173477512,-97.8333720194282,-3.5));
#3471=CARTESIAN_POINT('Origin',(6.44812448848861,-95.3553740532919,-3.5));
#3472=CARTESIAN_POINT('',(6.51975112037516,-86.1378324363354,-3.5));
#3473=CARTESIAN_POINT('Origin',(6.00000008940697,-92.0000013709068,-3.5));
#3474=CARTESIAN_POINT('',(3.79957678018336,-88.6834817253365,-3.5));
#3475=CARTESIAN_POINT('Origin',(6.29896247599803,-88.628063826089,-3.5));
#3476=CARTESIAN_POINT('',(1.8364477678505,-0.145001575641786,-3.5));
#3477=CARTESIAN_POINT('',(3.88613161075414,-92.587164621472,-3.5));
#3478=CARTESIAN_POINT('',(9.59420728544958,0.125906310464993,-3.5));
#3479=CARTESIAN_POINT('Origin',(5.715,0.,-3.5));
#3480=CARTESIAN_POINT('',(11.0444737735491,-30.2903328546179,-3.5));
#3481=CARTESIAN_POINT('',(6.63364355717397,-42.2953921771213,-3.5));
#3482=CARTESIAN_POINT('',(3.94881576169966,-39.3718734591551,-3.5));
#3483=CARTESIAN_POINT('Origin',(6.94821684195691,-39.3119304883274,-3.5));
#3484=CARTESIAN_POINT('',(7.74897162626134,-42.256444062713,-3.5));
#3485=CARTESIAN_POINT('Origin',(7.05307460355122,-38.3174432587295,-3.5));
#3486=CARTESIAN_POINT('',(10.2233249594745,-39.1527627697857,-3.5));
#3487=CARTESIAN_POINT('Origin',(7.22704885922875,-39.3021934597254,-3.5));
#3488=CARTESIAN_POINT('',(10.1244821838124,-37.1708389326007,-3.5));
#3489=CARTESIAN_POINT('',(10.7947836952472,-50.6112399605425,-3.5));
#3490=CARTESIAN_POINT('',(7.35360052361287,-34.3287487139729,-3.5));
#3491=CARTESIAN_POINT('Origin',(7.12820608356663,-37.3202696225403,-3.5));
#3492=CARTESIAN_POINT('',(6.47504348324185,-34.359428601865,-3.5));
#3493=CARTESIAN_POINT('Origin',(7.05307460355122,-38.3174432587295,-3.5));
#3494=CARTESIAN_POINT('',(3.90916574321663,-37.387882565341,-3.5));
#3495=CARTESIAN_POINT('Origin',(6.90856682347388,-37.3279395945134,-3.5));
#3496=CARTESIAN_POINT('',(4.13154198986566,-48.5150513595014,-3.5));
#3497=CARTESIAN_POINT('',(3.69722442481152,-70.0000010430813,-3.5));
#3498=CARTESIAN_POINT('Origin',(6.00000008940697,-70.0000010430813,-3.5));
#3499=CARTESIAN_POINT('',(6.74702759395136,-120.473507748606,-3.5));
#3500=CARTESIAN_POINT('Origin',(9.92202759395136,-120.473507748606,-3.5));
#3501=CARTESIAN_POINT('',(2.54,9.43936871041863E-16,-3.5));
#3502=CARTESIAN_POINT('Origin',(5.715,5.55111512312578E-16,-3.5));
#3503=CARTESIAN_POINT('',(11.4276549790152,-63.3011171393995,-3.5));
#3504=CARTESIAN_POINT('',(4.43192347710504,-63.545413466605,-3.5));
#3505=CARTESIAN_POINT('Origin',(7.92992445820156,-63.4271377875843,-3.5));
#3506=CARTESIAN_POINT('',(10.5723369929901,-46.1508995992642,-3.5));
#3507=CARTESIAN_POINT('',(11.3639056516721,-62.0228617421857,-3.5));
#3508=CARTESIAN_POINT('',(7.37994103429691,-43.306747652776,-3.5));
#3509=CARTESIAN_POINT('Origin',(7.57606089274433,-46.3003302892039,-3.5));
#3510=CARTESIAN_POINT('',(7.07504068396733,-43.3173950076278,-3.5));
#3511=CARTESIAN_POINT('Origin',(7.05307460355122,-38.3174432587295,-3.5));
#3512=CARTESIAN_POINT('',(4.08881925195975,-46.3773090277944,-3.5));
#3513=CARTESIAN_POINT('Origin',(7.088220332217,-46.3173660569667,-3.5));
#3514=CARTESIAN_POINT('',(4.20296080590825,-52.0886759401842,-3.5));
#3515=CARTESIAN_POINT('Origin',(6.94821684195691,-39.3119304883274,-3.));
#3516=CARTESIAN_POINT('Origin',(6.63364355717397,-42.2953921771213,-3.));
#3517=CARTESIAN_POINT('Origin',(3.94881576169966,-39.3718734591551,-3.));
#3518=CARTESIAN_POINT('Origin',(4.13154198986566,-48.5150513595014,-3.));
#3519=CARTESIAN_POINT('',(4.4090659232595,-37.3778920702031,-3.));
#3520=CARTESIAN_POINT('Origin',(3.90916574321663,-37.387882565341,-3.));
#3521=CARTESIAN_POINT('',(4.63144216990853,-48.5050608643634,-3.));
#3522=CARTESIAN_POINT('Origin',(6.90856682347388,-37.3279395945134,-3.));
#3523=CARTESIAN_POINT('',(6.54729737328053,-34.8541804339731,-3.));
#3524=CARTESIAN_POINT('Origin',(6.47504348324185,-34.359428601865,-3.));
#3525=CARTESIAN_POINT('Origin',(6.90856682347388,-37.3279395945134,-3.));
#3526=CARTESIAN_POINT('Origin',(7.05307460355122,-38.3174432587295,-3.));
#3527=CARTESIAN_POINT('',(7.31603478360516,-34.8273355320675,-3.));
#3528=CARTESIAN_POINT('Origin',(7.35360052361287,-34.3287487139729,-3.));
#3529=CARTESIAN_POINT('Origin',(7.05307460355122,-38.3174432587295,-3.));
#3530=CARTESIAN_POINT('Origin',(7.12820608356663,-37.3202696225403,-3.));
#3531=CARTESIAN_POINT('Origin',(10.1244821838124,-37.1708389326007,-3.));
#3532=CARTESIAN_POINT('Origin',(7.12820608356663,-37.3202696225403,-3.));
#3533=CARTESIAN_POINT('Origin',(10.7947836952472,-50.6112399605425,-3.));
#3534=CARTESIAN_POINT('Origin',(10.2233249594745,-39.1527627697857,-3.));
#3535=CARTESIAN_POINT('Origin',(7.22704885922875,-39.3021934597254,-3.));
#3536=CARTESIAN_POINT('Origin',(7.74897162626134,-42.256444062713,-3.));
#3537=CARTESIAN_POINT('Origin',(7.05307460355122,-38.3174432587295,-3.));
#3538=CARTESIAN_POINT('Origin',(7.92992445820156,-63.4271377875843,-3.));
#3539=CARTESIAN_POINT('Ctrl Pts',(4.43192347710506,-63.545413466605,-3.5));
#3540=CARTESIAN_POINT('Ctrl Pts',(4.43539297769858,-63.5453201461056,-3.5));
#3541=CARTESIAN_POINT('Ctrl Pts',(4.43886238379692,-63.5452268103048,-3.49996386329556));
#3542=CARTESIAN_POINT('Ctrl Pts',(4.50611074256698,-63.5434173121459,-3.49856281793342));
#3543=CARTESIAN_POINT('Ctrl Pts',(4.56905025820398,-63.5417174778934,-3.48503182625231));
#3544=CARTESIAN_POINT('Ctrl Pts',(4.68762622878615,-63.5385041426848,-3.43452335962261));
#3545=CARTESIAN_POINT('Ctrl Pts',(4.74195558678644,-63.5370259051744,-3.39755950323036));
#3546=CARTESIAN_POINT('Ctrl Pts',(4.8333911191162,-63.5345317109467,-3.30488073563007));
#3547=CARTESIAN_POINT('Ctrl Pts',(4.86962365762737,-63.533539776787,-3.25005236908223));
#3548=CARTESIAN_POINT('Ctrl Pts',(4.91904015956351,-63.5321855083731,-3.12958887413086));
#3549=CARTESIAN_POINT('Ctrl Pts',(4.93175197714429,-63.5318362776923,-3.06510571466968));
#3550=CARTESIAN_POINT('Ctrl Pts',(4.93175197714429,-63.5318362776922,-3.));
#3551=CARTESIAN_POINT('Ctrl Pts',(10.9280969392588,-63.3224392974768,-3.));
#3552=CARTESIAN_POINT('Ctrl Pts',(10.9280969392588,-63.3224392974767,-3.06510571466959));
#3553=CARTESIAN_POINT('Ctrl Pts',(10.9408021525917,-63.3219009458798,-3.12958887413073));
#3554=CARTESIAN_POINT('Ctrl Pts',(10.9901927474017,-63.3198047944439,-3.25005236908201));
#3555=CARTESIAN_POINT('Ctrl Pts',(11.0264062190993,-63.3182668581806,-3.30488073562987));
#3556=CARTESIAN_POINT('Ctrl Pts',(11.1177930052618,-63.3143767563663,-3.39755950323015));
#3557=CARTESIAN_POINT('Ctrl Pts',(11.1720931363127,-63.3120615685296,-3.43452335962242));
#3558=CARTESIAN_POINT('Ctrl Pts',(11.2906044127222,-63.3069956346368,-3.48503182625178));
#3559=CARTESIAN_POINT('Ctrl Pts',(11.3535091853007,-63.304300889495,-3.49856281793326));
#3560=CARTESIAN_POINT('Ctrl Pts',(11.4207199546661,-63.3014149714505,-3.49996386329556));
#3561=CARTESIAN_POINT('Ctrl Pts',(11.4241874202415,-63.3012660663511,-3.5));
#3562=CARTESIAN_POINT('Ctrl Pts',(11.4276549790153,-63.3011171393995,-3.5));
#3563=CARTESIAN_POINT('Origin',(11.3639056516721,-62.0228617421857,-3.));
#3564=CARTESIAN_POINT('',(10.0729576429492,-46.1758047142542,-3.));
#3565=CARTESIAN_POINT('',(10.8645263016312,-62.0477668571757,-3.));
#3566=CARTESIAN_POINT('Origin',(10.5723369929901,-46.1508995992642,-3.));
#3567=CARTESIAN_POINT('Origin',(7.57606089274433,-46.3003302892039,-3.));
#3568=CARTESIAN_POINT('',(7.41262767737148,-43.8056780921806,-3.));
#3569=CARTESIAN_POINT('Origin',(7.37994103429691,-43.306747652776,-3.));
#3570=CARTESIAN_POINT('Origin',(7.57606089274433,-46.3003302892039,-3.));
#3571=CARTESIAN_POINT('Origin',(7.05307460355122,-38.3174432587295,-3.));
#3572=CARTESIAN_POINT('Origin',(7.07504068396733,-43.3173950076278,-3.));
#3573=CARTESIAN_POINT('Origin',(7.05307460355122,-38.3174432587295,-3.));
#3574=CARTESIAN_POINT('Origin',(7.088220332217,-46.3173660569667,-3.));
#3575=CARTESIAN_POINT('Origin',(4.08881925195975,-46.3773090277944,-3.));
#3576=CARTESIAN_POINT('Origin',(4.20296080590825,-52.0886759401842,-3.));
#3577=CARTESIAN_POINT('Origin',(7.57606089274433,-46.3003302892039,-3.5));
#3578=CARTESIAN_POINT('',(7.41262767737148,-43.8056780921806,-3.5));
#3579=CARTESIAN_POINT('',(10.0729576429492,-46.1758047142542,-3.5));
#3580=CARTESIAN_POINT('Origin',(10.9280969392588,-63.3224392974768,-3.5));
#3581=CARTESIAN_POINT('Origin',(6.00000008940697,-70.0000010430813,-3.));
#3582=CARTESIAN_POINT('Origin',(3.69722442481152,-70.0000010430813,-3.));
#3583=CARTESIAN_POINT('Origin',(10.0000001490116,-79.0000011771917,-3.));
#3584=CARTESIAN_POINT('Origin',(12.0087353209974,-75.3799130011124,-3.));
#3585=CARTESIAN_POINT('',(12.0609588294229,-82.0004094348324,-3.));
#3586=CARTESIAN_POINT('Origin',(10.0000001490116,-79.0000011771917,-3.));
#3587=CARTESIAN_POINT('Origin',(12.3440532718207,-82.4125471990369,-3.));
#3588=CARTESIAN_POINT('Origin',(10.9285810598317,-80.3518583780144,-3.));
#3589=CARTESIAN_POINT('Origin',(13.4257441349438,-80.2327929493781,-3.));
#3590=CARTESIAN_POINT('Origin',(10.9285810598317,-80.3518583780144,-3.));
#3591=CARTESIAN_POINT('Origin',(12.9803263540976,-70.8910314652347,-3.));
#3592=CARTESIAN_POINT('Origin',(13.2929101794503,-77.4468621163998,-3.));
#3593=CARTESIAN_POINT('',(11.0444737735491,-30.2903328546179,-3.5));
#3594=CARTESIAN_POINT('Origin',(10.7957471043381,-77.5659275450361,-3.));
#3595=CARTESIAN_POINT('Origin',(10.9285810598317,-80.3518583780144,-3.5));
#3596=CARTESIAN_POINT('',(12.0609588294229,-82.0004094348324,-3.5));
#3597=CARTESIAN_POINT('Origin',(10.0000001490116,-79.0000011771917,-3.5));
#3598=CARTESIAN_POINT('Origin',(6.00000008940697,-92.0000013709068,-3.));
#3599=CARTESIAN_POINT('Origin',(6.77907173477512,-97.8333720194282,-3.));
#3600=CARTESIAN_POINT('Origin',(6.51975112037516,-86.1378324363354,-3.));
#3601=CARTESIAN_POINT('Origin',(6.29896247599803,-88.628063826089,-3.));
#3602=CARTESIAN_POINT('Origin',(3.79957678018336,-88.6834817253365,-3.));
#3603=CARTESIAN_POINT('Origin',(3.47307098046972,-73.9578436826521,-3.));
#3604=CARTESIAN_POINT('',(4.44861593183687,-95.3997083726899,-3.));
#3605=CARTESIAN_POINT('',(3.97294811963265,-73.9467601028026,-3.));
#3606=CARTESIAN_POINT('Origin',(3.94873879267394,-95.4107919525394,-3.));
#3607=CARTESIAN_POINT('',(3.88613161075414,-92.587164621472,-3.5));
#3608=CARTESIAN_POINT('Origin',(6.44812448848861,-95.3553740532919,-3.));
#3609=CARTESIAN_POINT('Origin',(6.44812448848861,-95.3553740532919,-3.));
#3610=CARTESIAN_POINT('Origin',(12.0000001788139,-107.000001594424,-3.));
#3611=CARTESIAN_POINT('Origin',(12.0190898448806,-100.567541385326,-3.));
#3612=CARTESIAN_POINT('Origin',(12.6310148687243,-113.40146464736,-3.));
#3613=CARTESIAN_POINT('Origin',(12.38576970177,-110.913522765385,-3.));
#3614=CARTESIAN_POINT('Origin',(14.8829327768821,-110.794457336749,-3.));
#3615=CARTESIAN_POINT('Origin',(13.7262862172181,-86.5360717345668,-3.));
#3616=CARTESIAN_POINT('',(14.0094010666919,-102.972278033373,-3.));
#3617=CARTESIAN_POINT('',(13.2268536021957,-86.5598848202941,-3.));
#3618=CARTESIAN_POINT('Origin',(14.5088336817144,-102.948464947646,-3.));
#3619=CARTESIAN_POINT('',(11.0444737735491,-30.2903328546179,-3.5));
#3620=CARTESIAN_POINT('Origin',(12.0116706066022,-103.067530376282,-3.));
#3621=CARTESIAN_POINT('Origin',(12.0116706066022,-103.067530376282,-3.));
#3622=CARTESIAN_POINT('Origin',(5.715,5.55111512312578E-16,-3.5));
#3623=CARTESIAN_POINT('',(2.54,9.43936871041863E-16,-2.25));
#3624=CARTESIAN_POINT('',(2.54,1.66286153583294E-16,-3.5));
#3625=CARTESIAN_POINT('Origin',(5.715,5.55111512312578E-16,-2.25));
#3626=CARTESIAN_POINT('Origin',(5.715,5.55111512312578E-16,-2.25));
#3627=CARTESIAN_POINT('',(3.33375,8.46730531359542E-16,-2.25));
#3628=CARTESIAN_POINT('Origin',(5.715,0.,-2.25));
#3629=CARTESIAN_POINT('Origin',(9.92202759395136,-120.473507748606,-3.5));
#3630=CARTESIAN_POINT('',(6.74702759395136,-120.473507748606,-2.25));
#3631=CARTESIAN_POINT('',(6.74702759395136,-120.473507748606,-3.5));
#3632=CARTESIAN_POINT('Origin',(9.92202759395136,-120.473507748606,-2.25));
#3633=CARTESIAN_POINT('Origin',(9.92202759395136,-120.473507748606,-2.25));
#3634=CARTESIAN_POINT('',(7.54170272375562,-120.5,-2.25));
#3635=CARTESIAN_POINT('Origin',(9.92295272375562,-120.5,-2.25));
#3636=CARTESIAN_POINT('Origin',(3.715,-9.,0.));
#3637=CARTESIAN_POINT('',(2.96067897919914,-7.60316212552137,0.));
#3638=CARTESIAN_POINT('',(2.34225568673798,-8.20267952622052,0.));
#3639=CARTESIAN_POINT('Origin',(3.715,-9.,0.));
#3640=CARTESIAN_POINT('',(2.96067897919914,-7.60316212552137,-2.35));
#3641=CARTESIAN_POINT('',(2.96067897919914,-7.60316212552137,0.));
#3642=CARTESIAN_POINT('',(2.34225568673798,-8.20267952622052,-2.35));
#3643=CARTESIAN_POINT('Origin',(3.715,-9.,-2.35));
#3644=CARTESIAN_POINT('',(2.34225568673798,-8.20267952622052,0.));
#3645=CARTESIAN_POINT('Origin',(3.7149939674593,-8.99998596885909,0.));
#3646=CARTESIAN_POINT('Origin',(3.7149939674593,-8.99998596885909,0.));
#3647=CARTESIAN_POINT('Origin',(3.7149939674593,-8.99998596885909,-2.35));
#3648=CARTESIAN_POINT('Origin',(3.715,-9.,-2.35));
#3649=CARTESIAN_POINT('Origin',(4.26023524242972,-86.903608613133,-3.5));
#3650=CARTESIAN_POINT('',(4.44861593183687,-95.3997083726899,-3.5));
#3651=CARTESIAN_POINT('Origin',(6.44812448848861,-95.3553740532919,-3.5));
#3652=CARTESIAN_POINT('Origin',(14.4588663151448,-112.398927186177,-3.5));
#3653=CARTESIAN_POINT('',(14.0094010666919,-102.972278033373,-3.5));
#3654=CARTESIAN_POINT('Origin',(12.0116706066022,-103.067530376282,-3.5));
#3655=CARTESIAN_POINT('Origin',(4.38262767034987,-36.054985927208,-3.5));
#3656=CARTESIAN_POINT('',(4.4090659232595,-37.3778920702031,-3.5));
#3657=CARTESIAN_POINT('Origin',(6.90856682347388,-37.3279395945134,-3.5));
#3658=CARTESIAN_POINT('',(6.54729737328053,-34.8541804339731,-3.5));
#3659=CARTESIAN_POINT('Origin',(7.05307460355122,-38.3174432587295,-3.5));
#3660=CARTESIAN_POINT('',(7.31603478360516,-34.8273355320675,-3.5));
#3661=CARTESIAN_POINT('Origin',(7.12820608356663,-37.3202696225403,-3.5));
#3662=CARTESIAN_POINT('Origin',(6.77919405005105,-30.3221327930618,-3.5));
#3663=CARTESIAN_POINT('Origin',(7.05307460355122,-38.3174432587295,-3.5));
#3664=CARTESIAN_POINT('Origin',(9.92295272375562,-120.5,-3.5));
#3665=CARTESIAN_POINT('',(7.54170272375561,-120.5,0.));
#3666=CARTESIAN_POINT('',(7.54170272375561,-120.5,-3.5));
#3667=CARTESIAN_POINT('Origin',(9.92295272375562,-120.5,0.));
#3668=CARTESIAN_POINT('Origin',(5.715,0.,-2.));
#3669=CARTESIAN_POINT('',(0.337028112103488,-0.187802916630329,-2.));
#3670=CARTESIAN_POINT('Ctrl Pts',(0.337028112103489,-0.187802916630332,
-1.99999999999978));
#3671=CARTESIAN_POINT('Ctrl Pts',(0.337022710849167,-0.187559316314315,
-2.06009775677596));
#3672=CARTESIAN_POINT('Ctrl Pts',(0.340632503358246,-0.187235557724196,
-2.12019530464117));
#3673=CARTESIAN_POINT('Ctrl Pts',(0.347831431815998,-0.186832218629647,
-2.17985946881407));
#3674=CARTESIAN_POINT('Ctrl Pts',(0.355030104905385,-0.186428893842789,
-2.23952151651366));
#3675=CARTESIAN_POINT('Ctrl Pts',(0.36581760892611,-0.185945995314538,-2.29874979654825));
#3676=CARTESIAN_POINT('Ctrl Pts',(0.380116155623913,-0.185385247813386,
-2.35711742991992));
#3677=CARTESIAN_POINT('Ctrl Pts',(0.394414235496586,-0.184824518619761,
-2.41548315767988));
#3678=CARTESIAN_POINT('Ctrl Pts',(0.412223029094269,-0.184185947746947,
-2.47298788935134));
#3679=CARTESIAN_POINT('Ctrl Pts',(0.43341415163157,-0.183472381820465,-2.52921719515802));
#3680=CARTESIAN_POINT('Ctrl Pts',(0.4546046421554,-0.182758837175691,-2.58544482395685));
#3681=CARTESIAN_POINT('Ctrl Pts',(0.479177112317244,-0.18197030522219,-2.64039671227894));
#3682=CARTESIAN_POINT('Ctrl Pts',(0.50695444286121,-0.181110713155761,-2.69367685195847));
#3683=CARTESIAN_POINT('Ctrl Pts',(0.534731023387019,-0.180251144299253,
-2.74695555301625));
#3684=CARTESIAN_POINT('Ctrl Pts',(0.565712097958401,-0.179320523452461,
-2.79856222557323));
#3685=CARTESIAN_POINT('Ctrl Pts',(0.599674376050675,-0.178323801548672,
-2.84812498864147));
#3686=CARTESIAN_POINT('Ctrl Pts',(0.633933873389842,-0.177318356880973,
-2.89812149785222));
#3687=CARTESIAN_POINT('Ctrl Pts',(0.671226802848178,-0.176245653112025,
-2.94603776775395));
#3688=CARTESIAN_POINT('Ctrl Pts',(0.711279675404088,-0.175111754206711,
-2.99152245400619));
#3689=CARTESIAN_POINT('Ctrl Pts',(0.750991632706339,-0.173987506629959,
-3.03661999141338));
#3690=CARTESIAN_POINT('Ctrl Pts',(0.793416413974503,-0.172803108670875,
-3.07932689425946));
#3691=CARTESIAN_POINT('Ctrl Pts',(0.838248163702062,-0.17156534194369,-3.11933531231711));
#3692=CARTESIAN_POINT('Ctrl Pts',(0.883076592937206,-0.170327666892495,
-3.15934076712553));
#3693=CARTESIAN_POINT('Ctrl Pts',(0.930311321976112,-0.16903663789905,-3.19664785921378));
#3694=CARTESIAN_POINT('Ctrl Pts',(0.97961187341804,-0.167699804235284,-3.23098770232536));
#3695=CARTESIAN_POINT('Ctrl Pts',(1.02890933043577,-0.166363054479918,-3.26532539004438));
#3696=CARTESIAN_POINT('Ctrl Pts',(1.080272007553,-0.164980513408868,-3.29669596305061));
#3697=CARTESIAN_POINT('Ctrl Pts',(1.13332972206975,-0.163560388938038,-3.32487335013598));
#3698=CARTESIAN_POINT('Ctrl Pts',(1.18719470219079,-0.162118657474717,-3.35347945217111));
#3699=CARTESIAN_POINT('Ctrl Pts',(1.24280636692684,-0.160638197458153,-3.37879413387937));
#3700=CARTESIAN_POINT('Ctrl Pts',(1.299751651029,-0.159128167622171,-3.40062938462478));
#3701=CARTESIAN_POINT('Ctrl Pts',(1.3558471432552,-0.157640671892521,-3.42213878891977));
#3702=CARTESIAN_POINT('Ctrl Pts',(1.41323630242463,-0.156124492192881,-3.44027180477814));
#3703=CARTESIAN_POINT('Ctrl Pts',(1.47150546261669,-0.154588800575524,-3.45489774018545));
#3704=CARTESIAN_POINT('Ctrl Pts',(1.53109870404021,-0.153018212617786,-3.46985602853042));
#3705=CARTESIAN_POINT('Ctrl Pts',(1.59161200657572,-0.151427224505674,-3.48114572680278));
#3706=CARTESIAN_POINT('Ctrl Pts',(1.65258918328241,-0.149825951093419,-3.48868173399794));
#3707=CARTESIAN_POINT('Ctrl Pts',(1.71356635998911,-0.148224677681164,-3.49621774119311));
#3708=CARTESIAN_POINT('Ctrl Pts',(1.77500694709556,-0.146613129251774,-3.50000000000001));
#3709=CARTESIAN_POINT('Ctrl Pts',(1.83644776785072,-0.145001575641786,-3.5));
#3710=CARTESIAN_POINT('',(11.0929718878965,0.187802916630329,-2.));
#3711=CARTESIAN_POINT('Origin',(5.715,0.,-2.));
#3712=CARTESIAN_POINT('Ctrl Pts',(11.0929718878965,0.187802916630329,-2.));
#3713=CARTESIAN_POINT('Ctrl Pts',(11.0929836776847,0.187465301268491,-2.06009753506606));
#3714=CARTESIAN_POINT('Ctrl Pts',(11.0893815827628,0.187001487908949,-2.120194861225));
#3715=CARTESIAN_POINT('Ctrl Pts',(11.082191580512,0.186414418190576,-2.17985880848268));
#3716=CARTESIAN_POINT('Ctrl Pts',(11.0750018336196,0.18582736932243,-2.23952063672992));
#3717=CARTESIAN_POINT('Ctrl Pts',(11.0642244845043,0.185117077846058,-2.29874870214757));
#3718=CARTESIAN_POINT('Ctrl Pts',(11.0499372238761,0.184288242126913,-2.35711613046369));
#3719=CARTESIAN_POINT('Ctrl Pts',(11.035650430718,0.183459433526745,-2.41548164903468));
#3720=CARTESIAN_POINT('Ctrl Pts',(11.0178540552792,0.182512095058853,-2.47298618120774));
#3721=CARTESIAN_POINT('Ctrl Pts',(10.9966763697304,0.181452594387867,-2.52921530178948));
#3722=CARTESIAN_POINT('Ctrl Pts',(10.9754993178198,0.180393125417241,-2.58544273999067));
#3723=CARTESIAN_POINT('Ctrl Pts',(10.950941305532,0.17922150908098,-2.64039445223935));
#3724=CARTESIAN_POINT('Ctrl Pts',(10.9231793266524,0.177945671467813,-2.69367443471946));
#3725=CARTESIAN_POINT('Ctrl Pts',(10.8954181005844,0.176669868451075,-2.74695297242548));
#3726=CARTESIAN_POINT('Ctrl Pts',(10.8644532747902,0.175289859308222,-2.79855950089749));
#3727=CARTESIAN_POINT('Ctrl Pts',(10.8305080038228,0.173814996100548,-2.84812214316479));
#3728=CARTESIAN_POINT('Ctrl Pts',(10.7962654437955,0.172327216198323,-2.89811884976287));
#3729=CARTESIAN_POINT('Ctrl Pts',(10.7589901843908,0.170742922660095,-2.94603531415087));
#3730=CARTESIAN_POINT('Ctrl Pts',(10.7189555722404,0.169073029395944,-2.99152018889956));
#3731=CARTESIAN_POINT('Ctrl Pts',(10.6792619863897,0.16741736076119,-3.03661761044967));
#3732=CARTESIAN_POINT('Ctrl Pts',(10.6368561932026,0.165677558038078,-3.07932442368555));
#3733=CARTESIAN_POINT('Ctrl Pts',(10.5920438987026,0.163865369126624,-3.11933278169327));
#3734=CARTESIAN_POINT('Ctrl Pts',(10.5472349289901,0.162053314668066,-3.15933817133518));
#3735=CARTESIAN_POINT('Ctrl Pts',(10.5000201269954,0.160168897419821,-3.19664522850975));
#3736=CARTESIAN_POINT('Ctrl Pts',(10.4507398176826,0.158224784330409,-3.23098506961065));
#3737=CARTESIAN_POINT('Ctrl Pts',(10.4014626074332,0.156280793499357,-3.26532275120105));
#3738=CARTESIAN_POINT('Ctrl Pts',(10.3501204924562,0.154277127656161,-3.29669335169436));
#3739=CARTESIAN_POINT('Ctrl Pts',(10.2970835026025,0.152227177924465,-3.32487080175518));
#3740=CARTESIAN_POINT('Ctrl Pts',(10.2432389156114,0.150146013496387,-3.35347731138505));
#3741=CARTESIAN_POINT('Ctrl Pts',(10.1876477693242,0.148017158069515,-3.37879235808603));
#3742=CARTESIAN_POINT('Ctrl Pts',(10.1307229863855,0.145855174424965,-3.40062792572603));
#3743=CARTESIAN_POINT('Ctrl Pts',(10.0746483755434,0.14372548002375,-3.42213737898555));
#3744=CARTESIAN_POINT('Ctrl Pts',(10.0172801125543,0.1415636547196,-3.4402704798639));
#3745=CARTESIAN_POINT('Ctrl Pts',(9.95903171722407,0.13938393297765,-3.45489653698913));
#3746=CARTESIAN_POINT('Ctrl Pts',(9.89945862717968,0.137154639640579,-3.46985522234303));
#3747=CARTESIAN_POINT('Ctrl Pts',(9.83896530492482,0.134906641460076,-3.48114522216871));
#3748=CARTESIAN_POINT('Ctrl Pts',(9.77800781346887,0.132655272815886,-3.48868143091188));
#3749=CARTESIAN_POINT('Ctrl Pts',(9.71705032201292,0.130403904171695,-3.49621763965505));
#3750=CARTESIAN_POINT('Ctrl Pts',(9.65562912502197,0.12814918065144,-3.5));
#3751=CARTESIAN_POINT('Ctrl Pts',(9.59420728544958,0.125906310464993,-3.5));
#3752=CARTESIAN_POINT('Origin',(11.0444737735491,-30.2903328546179,-2.));
#3753=CARTESIAN_POINT('',(17.0009633794991,-123.720693192448,-2.));
#3754=CARTESIAN_POINT('',(12.5427716186164,-30.2188935974361,-2.));
#3755=CARTESIAN_POINT('Origin',(15.5026655344318,-123.79213244963,-2.));
#3756=CARTESIAN_POINT('Ctrl Pts',(17.0009633794991,-123.720693192448,-2.));
#3757=CARTESIAN_POINT('Ctrl Pts',(17.060679349122,-124.97311814942,-2.));
#3758=CARTESIAN_POINT('Ctrl Pts',(16.2114147520842,-125.895551840312,-2.));
#3759=CARTESIAN_POINT('Ctrl Pts',(15.3621501550464,-126.817985531204,-2.));
#3760=CARTESIAN_POINT('Ctrl Pts',(14.109066179472,-126.861744187869,-2.));
#3761=CARTESIAN_POINT('Ctrl Pts',(17.0009633794991,-123.720693192448,-3.50000000000001));
#3762=CARTESIAN_POINT('Ctrl Pts',(17.060679349122,-124.97311814942,-3.50000000000001));
#3763=CARTESIAN_POINT('Ctrl Pts',(16.2114147520842,-125.895551840312,-3.50000000000001));
#3764=CARTESIAN_POINT('Ctrl Pts',(15.3621501550464,-126.817985531204,-3.50000000000001));
#3765=CARTESIAN_POINT('Ctrl Pts',(14.109066179472,-126.861744187869,-3.50000000000001));
#3766=CARTESIAN_POINT('Ctrl Pts',(15.5026655344318,-123.79213244963,-3.5));
#3767=CARTESIAN_POINT('Ctrl Pts',(15.5325235192432,-124.418344928116,-3.5));
#3768=CARTESIAN_POINT('Ctrl Pts',(15.1078912207243,-124.879561773562,-3.5));
#3769=CARTESIAN_POINT('Ctrl Pts',(14.6832589222054,-125.340778619008,-3.5));
#3770=CARTESIAN_POINT('Ctrl Pts',(14.0567169344183,-125.36265794734,-3.5));
#3771=CARTESIAN_POINT('',(14.109066179472,-126.861744187869,-2.));
#3772=CARTESIAN_POINT('Origin',(14.0567169344183,-125.36265794734,-2.));
#3773=CARTESIAN_POINT('Origin',(14.0043676893645,-123.863571706812,-2.));
#3774=CARTESIAN_POINT('Origin',(12.4906997874837,-125.417344471149,-2.));
#3775=CARTESIAN_POINT('',(6.19080927143193,-127.138255812131,-2.));
#3776=CARTESIAN_POINT('Origin',(6.13846002637818,-125.639169571602,-2.));
#3777=CARTESIAN_POINT('',(12.5430490325375,-126.916430711677,-2.));
#3778=CARTESIAN_POINT('Ctrl Pts',(6.19080927143193,-127.138255812131,-2.));
#3779=CARTESIAN_POINT('Ctrl Pts',(4.93772529585756,-127.182014468796,-2.));
#3780=CARTESIAN_POINT('Ctrl Pts',(4.02618374315487,-126.321069483579,-2.));
#3781=CARTESIAN_POINT('Ctrl Pts',(3.11464219045218,-125.460124498361,-2.));
#3782=CARTESIAN_POINT('Ctrl Pts',(3.08684794634682,-124.206584810171,-2.));
#3783=CARTESIAN_POINT('Ctrl Pts',(6.19080927143193,-127.138255812131,-3.50000000000001));
#3784=CARTESIAN_POINT('Ctrl Pts',(4.93772529585756,-127.182014468796,-3.50000000000001));
#3785=CARTESIAN_POINT('Ctrl Pts',(4.02618374315487,-126.321069483579,-3.50000000000001));
#3786=CARTESIAN_POINT('Ctrl Pts',(3.11464219045218,-125.460124498361,-3.50000000000001));
#3787=CARTESIAN_POINT('Ctrl Pts',(3.08684794634682,-124.206584810171,-3.50000000000001));
#3788=CARTESIAN_POINT('Ctrl Pts',(6.13846002637819,-125.639169571602,-3.5));
#3789=CARTESIAN_POINT('Ctrl Pts',(5.511918038591,-125.661048899935,-3.5));
#3790=CARTESIAN_POINT('Ctrl Pts',(5.05614726223966,-125.230576407326,-3.5));
#3791=CARTESIAN_POINT('Ctrl Pts',(4.60037648588831,-124.800103914718,-3.5));
#3792=CARTESIAN_POINT('Ctrl Pts',(4.58647936383563,-124.173334070622,-3.5));
#3793=CARTESIAN_POINT('',(3.08684794634682,-124.206584810171,-2.));
#3794=CARTESIAN_POINT('Origin',(4.58647936383562,-124.173334070622,-2.));
#3795=CARTESIAN_POINT('Origin',(6.08611078132445,-124.140083331074,-2.));
#3796=CARTESIAN_POINT('Origin',(3.88613161075414,-92.587164621472,-2.));
#3797=CARTESIAN_POINT('',(2.38650019326533,-92.6204153610205,-2.));
#3798=CARTESIAN_POINT('Origin',(14.0043676893645,-123.863571706812,0.));
#3799=CARTESIAN_POINT('',(17.0009633794991,-123.720693192448,0.));
#3800=CARTESIAN_POINT('',(17.0009633794991,-123.720693192448,0.));
#3801=CARTESIAN_POINT('',(14.109066179472,-126.861744187869,0.));
#3802=CARTESIAN_POINT('Origin',(14.0043676893645,-123.863571706812,0.));
#3803=CARTESIAN_POINT('',(14.109066179472,-126.861744187869,0.));
#3804=CARTESIAN_POINT('Origin',(11.0929718878965,0.187802916630329,0.));
#3805=CARTESIAN_POINT('',(11.0929718878965,0.187802916630329,0.));
#3806=CARTESIAN_POINT('',(11.0929718878965,0.187802916630329,0.));
#3807=CARTESIAN_POINT('',(17.0009633794991,-123.720693192448,0.));
#3808=CARTESIAN_POINT('Origin',(5.715,0.,0.));
#3809=CARTESIAN_POINT('',(0.337028112103488,-0.187802916630329,0.));
#3810=CARTESIAN_POINT('',(0.337028112103488,-0.187802916630329,0.));
#3811=CARTESIAN_POINT('Origin',(5.715,0.,0.));
#3812=CARTESIAN_POINT('Origin',(5.715,0.,0.));
#3813=CARTESIAN_POINT('',(3.33375,-2.91619019046964E-16,0.));
#3814=CARTESIAN_POINT('',(3.33375,2.91619019046964E-16,0.));
#3815=CARTESIAN_POINT('Origin',(5.715,0.,0.));
#3816=CARTESIAN_POINT('Origin',(3.08684794634682,-124.206584810171,0.));
#3817=CARTESIAN_POINT('',(3.08684794634682,-124.206584810171,0.));
#3818=CARTESIAN_POINT('',(3.08684794634682,-124.206584810171,0.));
#3819=CARTESIAN_POINT('',(3.08684794634682,-124.206584810171,0.));
#3820=CARTESIAN_POINT('Origin',(6.08611078132445,-124.140083331074,0.));
#3821=CARTESIAN_POINT('',(6.19080927143193,-127.138255812131,0.));
#3822=CARTESIAN_POINT('',(6.19080927143193,-127.138255812131,0.));
#3823=CARTESIAN_POINT('Origin',(6.08611078132445,-124.140083331074,0.));
#3824=CARTESIAN_POINT('Origin',(14.109066179472,-126.861744187869,0.));
#3825=CARTESIAN_POINT('',(10.149937725452,-127.,0.));
#3826=CARTESIAN_POINT('Origin',(8.66905884468226,-60.8794166655369,0.));
#3827=UNCERTAINTY_MEASURE_WITH_UNIT(LENGTH_MEASURE(0.01),#3831,
'DISTANCE_ACCURACY_VALUE',
'Maximum model space distance between geometric entities at asserted c
onnectivities');
#3828=UNCERTAINTY_MEASURE_WITH_UNIT(LENGTH_MEASURE(0.01),#3831,
'DISTANCE_ACCURACY_VALUE',
'Maximum model space distance between geometric entities at asserted c
onnectivities');
#3829=(
GEOMETRIC_REPRESENTATION_CONTEXT(3)
GLOBAL_UNCERTAINTY_ASSIGNED_CONTEXT((#3827))
GLOBAL_UNIT_ASSIGNED_CONTEXT((#3831,#3833,#3834))
REPRESENTATION_CONTEXT('','3D')
);
#3830=(
GEOMETRIC_REPRESENTATION_CONTEXT(3)
GLOBAL_UNCERTAINTY_ASSIGNED_CONTEXT((#3828))
GLOBAL_UNIT_ASSIGNED_CONTEXT((#3831,#3833,#3834))
REPRESENTATION_CONTEXT('','3D')
);
#3831=(
LENGTH_UNIT()
NAMED_UNIT(*)
SI_UNIT(.MILLI.,.METRE.)
);
#3832=(
LENGTH_UNIT()
NAMED_UNIT(*)
SI_UNIT($,.METRE.)
);
#3833=(
NAMED_UNIT(*)
PLANE_ANGLE_UNIT()
SI_UNIT($,.RADIAN.)
);
#3834=(
NAMED_UNIT(*)
SI_UNIT($,.STERADIAN.)
SOLID_ANGLE_UNIT()
);
#3835=SHAPE_DEFINITION_REPRESENTATION(#3836,#3837);
#3836=PRODUCT_DEFINITION_SHAPE('',$,#3839);
#3837=SHAPE_REPRESENTATION('',(#1959),#3829);
#3838=PRODUCT_DEFINITION_CONTEXT('part definition',#3843,'design');
#3839=PRODUCT_DEFINITION('Slab','Slab',#3840,#3838);
#3840=PRODUCT_DEFINITION_FORMATION('',$,#3845);
#3841=PRODUCT_RELATED_PRODUCT_CATEGORY('Slab','Slab',(#3845));
#3842=APPLICATION_PROTOCOL_DEFINITION('international standard',
'automotive_design',2009,#3843);
#3843=APPLICATION_CONTEXT(
'Core Data for Automotive Mechanical Design Process');
#3844=PRODUCT_CONTEXT('part definition',#3843,'mechanical');
#3845=PRODUCT('Slab','Slab',$,(#3844));
#3846=PRESENTATION_STYLE_ASSIGNMENT((#3848));
#3847=PRESENTATION_STYLE_ASSIGNMENT((#3849));
#3848=SURFACE_STYLE_USAGE(.BOTH.,#3850);
#3849=SURFACE_STYLE_USAGE(.BOTH.,#3851);
#3850=SURFACE_SIDE_STYLE('',(#3852));
#3851=SURFACE_SIDE_STYLE('',(#3853));
#3852=SURFACE_STYLE_FILL_AREA(#3854);
#3853=SURFACE_STYLE_FILL_AREA(#3855);
#3854=FILL_AREA_STYLE('Steel - Satin',(#3856));
#3855=FILL_AREA_STYLE('Aluminum - Satin',(#3857));
#3856=FILL_AREA_STYLE_COLOUR('Steel - Satin',#3858);
#3857=FILL_AREA_STYLE_COLOUR('Aluminum - Satin',#3859);
#3858=COLOUR_RGB('Steel - Satin',0.627450980392157,0.627450980392157,0.627450980392157);
#3859=COLOUR_RGB('Aluminum - Satin',0.964705882352941,0.666666666666667,
0.96078431372549);
ENDSEC;
END-ISO-10303-21;
